stage,kind,query,reason,url_or_doi,date
04计划,paper,"""rolling wave planning"" project",title_abstract_not_on_topic,10.32388/wzh8ga.2,2026-08-16
04计划,paper,"""rolling wave planning"" project",title_abstract_not_on_topic,10.1108/sasbe-10-2024-0419,2026-08-16
04计划,paper,"""rolling wave planning"" project",title_abstract_not_on_topic,10.26668/businessreview/2023.v8i12.4987,2026-08-16
04计划,paper,"""rolling wave planning"" project",title_abstract_not_on_topic,10.55248/gengpi.6.0325.1295,2026-08-16
04计划,paper,"""rolling wave planning"" project",title_abstract_not_on_topic,10.32388/wzh8ga,2026-08-16
04计划,paper,"""rolling wave planning"" project",title_abstract_not_on_topic,10.51594/ijmer.v7i6.1941,2026-08-16
04计划,paper,"""rolling wave planning"" project",title_abstract_not_on_topic,10.71145/rjsp.v3i2.288,2026-08-16
04计划,paper,"""rolling wave planning"" project",title_abstract_not_on_topic,10.63345/ijrmp.v14.i8.2,2026-08-16
04计划,paper,"""rolling wave planning"" project",title_abstract_not_on_topic,10.26565/2524-2547-2026-73-11,2026-08-16
04计划,paper,"""rolling wave planning"" project",title_abstract_not_on_topic,10.31375/2226-1915-2025-1-7-22,2026-08-16
04计划,paper,"""rolling wave planning"" project",title_abstract_not_on_topic,10.2139/ssrn.4729221,2026-08-16
04计划,paper,"""rolling wave planning"" project",title_abstract_not_on_topic,Risk assessment of international innovation projects,2026-08-16
04计划,paper,"""rolling wave planning"" project",title_abstract_not_on_topic,10.32347/2412-9933.2025.64.14-22,2026-08-16
04计划,paper,"""rolling wave planning"" project",title_abstract_not_on_topic,10.37332/2309-1533.2026.2.22,2026-08-16
04计划,paper,"""rolling wave planning"" project",title_abstract_not_on_topic,10.1016/j.rineng.2024.102643,2026-08-16
04计划,paper,"""rolling wave planning"" project",title_abstract_not_on_topic,10.22214/ijraset.2025.74597,2026-08-16
04计划,paper,"""rolling wave planning"" project",title_abstract_not_on_topic,10.5281/zenodo.19591140,2026-08-16
04计划,paper,"""rolling wave planning"" project",title_abstract_not_on_topic,10.56975/ijcrt.v12i7.282076,2026-08-16
04计划,paper,"""rolling wave planning"" project",title_abstract_not_on_topic,10.3390/su151813384,2026-08-16
04计划,paper,"""rolling wave planning"" project",title_abstract_not_on_topic,10.35629/8193-1008116119,2026-08-16
04计划,paper,"""rolling wave planning"" project",title_abstract_not_on_topic,10.24887/0028-2448-2025-11-64-71,2026-08-16
04计划,paper,"""rolling wave planning"" project",title_abstract_not_on_topic,10.54660/.ijmrge.2025.6.6.1434-1451,2026-08-16
04计划,paper,"""rolling wave planning"" project",title_abstract_not_on_topic,10.53920/es-2023-4-5,2026-08-16
04计划,paper,"""rolling wave planning"" project",title_abstract_not_on_topic,10.56726/irjmets6644,2026-08-16
04计划,paper,"""rolling wave planning"" project",title_abstract_not_on_topic,10.35854/1998-1627-2023-9-1004-1018,2026-08-16
04计划,paper,"""rolling wave planning"" project",title_abstract_not_on_topic,10.32752/1993-6788-2025-1-285-356-366,2026-08-16
04计划,paper,"""rolling wave planning"" project",title_abstract_not_on_topic,10.56726/irjmets81659,2026-08-16
04计划,paper,"""rolling wave planning"" project",title_abstract_not_on_topic,10.52058/2708-7530-2025-11(65)-990-1001,2026-08-16
04计划,paper,"""rolling wave planning"" project",title_abstract_not_on_topic,10.52058/2786-6025-2025-10(51)-1654-1669,2026-08-16
04计划,paper,"""rolling wave planning"" project",title_abstract_not_on_topic,10.21275/sr26201054025,2026-08-16
04计划,paper,"""rolling wave planning"" project",title_abstract_not_on_topic,10.37745/ejcsit.2013/vol13n51844,2026-08-16
04计划,paper,"""rolling wave planning"" project",title_abstract_not_on_topic,"New objectives, same rationales: shifts in the United Kingdom’s industrial strategies?",2026-08-16
04计划,paper,"""rolling wave planning"" project",title_abstract_not_on_topic,10.3390/asi9030054,2026-08-16
04计划,paper,"""rolling wave planning"" project",title_abstract_not_on_topic,Creative economy: factors of effectiveness,2026-08-16
04计划,paper,"""rolling wave planning"" project",title_abstract_not_on_topic,Business process management on the basis of compliance control,2026-08-16
04计划,paper,"""rolling wave planning"" project",title_abstract_not_on_topic,Formation of an educational institution&apos;s brand,2026-08-16
04计划,paper,"""rolling wave planning"" project",title_abstract_not_on_topic,Formation of effects of technology commercialization,2026-08-16
04计划,paper,"""rolling wave planning"" project",title_abstract_not_on_topic,Intellectual property as a component of product competitiveness,2026-08-16
04计划,paper,"""rolling wave planning"" project",title_abstract_not_on_topic,The legal mechanism of intellectual property in Ukraine,2026-08-16
04计划,paper,"""rolling wave planning"" project",title_abstract_not_on_topic,Innovations in the educational services market,2026-08-16
04计划,paper,"""rolling wave planning"" project",title_abstract_not_on_topic,Startup as an object of intellectual property,2026-08-16
04计划,paper,"""rolling wave planning"" project",title_abstract_not_on_topic,Innovative prospects for the post-war recovery of Ukraine&apos;s economy,2026-08-16
04计划,paper,"""rolling wave planning"" project",title_abstract_not_on_topic,Conflict situations in the intellectual activity of industrial enterprises,2026-08-16
04计划,paper,"""rolling wave planning"" project",title_abstract_not_on_topic,Intellectual development of electrotechnical enterprises,2026-08-16
04计划,paper,"""rolling wave planning"" project",title_abstract_not_on_topic,Marketing of intellectual products,2026-08-16
04计划,paper,"""rolling wave planning"" project",title_abstract_not_on_topic,Research on non-traditional results of intellectual activity,2026-08-16
04计划,paper,"""rolling wave"" ""work package"" planning",title_abstract_not_on_topic,10.71145/rjsp.v3i2.288,2026-08-16
04计划,paper,"""rolling wave"" ""work package"" planning",title_abstract_not_on_topic,10.32388/wzh8ga.2,2026-08-16
04计划,paper,"""rolling wave"" ""work package"" planning",title_abstract_not_on_topic,10.32388/wzh8ga,2026-08-16
04计划,paper,"""rolling wave"" ""work package"" planning",title_abstract_not_on_topic,10.37745/ijpger.17v9n1127,2026-08-16
04计划,paper,"""rolling wave"" ""work package"" planning",title_abstract_not_on_topic,10.38124/ijisrt/25dec914,2026-08-16
04计划,paper,"""rolling wave"" ""work package"" planning",title_abstract_not_on_topic,10.24887/0028-2448-2025-11-64-71,2026-08-16
04计划,paper,"""rolling wave"" ""work package"" planning",title_abstract_not_on_topic,Creative economy: factors of effectiveness,2026-08-16
04计划,paper,"""rolling wave"" ""work package"" planning",title_abstract_not_on_topic,Risk assessment of international innovation projects,2026-08-16
04计划,paper,"""rolling wave"" ""work package"" planning",title_abstract_not_on_topic,Business process management on the basis of compliance control,2026-08-16
04计划,paper,"""rolling wave"" ""work package"" planning",title_abstract_not_on_topic,Intellectual property as a component of product competitiveness,2026-08-16
04计划,paper,"""rolling wave"" ""work package"" planning",title_abstract_not_on_topic,Formation of an educational institution&apos;s brand,2026-08-16
04计划,paper,"""rolling wave"" ""work package"" planning",title_abstract_not_on_topic,The legal mechanism of intellectual property in Ukraine,2026-08-16
04计划,paper,"""rolling wave"" ""work package"" planning",title_abstract_not_on_topic,Startup as an object of intellectual property,2026-08-16
04计划,paper,"""rolling wave"" ""work package"" planning",title_abstract_not_on_topic,Innovative prospects for the post-war recovery of Ukraine&apos;s economy,2026-08-16
04计划,paper,"""rolling wave"" ""work package"" planning",title_abstract_not_on_topic,Innovations in the educational services market,2026-08-16
04计划,paper,"""rolling wave"" ""work package"" planning",title_abstract_not_on_topic,Marketing of intellectual products,2026-08-16
04计划,paper,"""rolling wave"" ""work package"" planning",title_abstract_not_on_topic,Formation of effects of technology commercialization,2026-08-16
04计划,paper,"""rolling wave"" ""work package"" planning",title_abstract_not_on_topic,Intellectual development of electrotechnical enterprises,2026-08-16
04计划,paper,"""rolling wave"" ""work package"" planning",title_abstract_not_on_topic,Conflict situations in the intellectual activity of industrial enterprises,2026-08-16
04计划,paper,"""rolling wave"" ""work package"" planning",title_abstract_not_on_topic,Research on non-traditional results of intellectual activity,2026-08-16
04计划,paper,"""rolling wave"" ""work package"" planning",title_abstract_not_on_topic,10.3390/asi9030054,2026-08-16
04计划,paper,"""schedule baseline"" project management",title_abstract_not_on_topic,10.1038/s41598-025-05834-z,2026-08-16
04计划,paper,"""schedule baseline"" project management",title_abstract_not_on_topic,10.62051/qkf9h233,2026-08-16
04计划,paper,"""schedule baseline"" project management",title_abstract_not_on_topic,10.22219/jameela.v2i1.30950,2026-08-16
04计划,paper,"""schedule baseline"" project management",title_abstract_not_on_topic,10.3390/su16209042,2026-08-16
04计划,paper,"""schedule baseline"" project management",title_abstract_not_on_topic,10.36680/j.itcon.2025.009,2026-08-16
04计划,paper,"""schedule baseline"" project management",title_abstract_not_on_topic,10.2507/ijsimm23-1-667,2026-08-16
04计划,paper,"""schedule baseline"" project management",title_abstract_not_on_topic,10.1186/s12984-025-01649-1,2026-08-16
04计划,paper,"""schedule baseline"" project management",title_abstract_not_on_topic,10.1016/j.comnet.2023.110037,2026-08-16
04计划,paper,"""schedule baseline"" project management",title_abstract_not_on_topic,10.12821/ijispm120404,2026-08-16
04计划,paper,"""schedule baseline"" project management",title_abstract_not_on_topic,10.1007/s10951-025-00857-w,2026-08-16
04计划,paper,"""schedule baseline"" project management",title_abstract_not_on_topic,10.55047/ijateis.v2i4.1059,2026-08-16
04计划,paper,"""schedule baseline"" project management",title_abstract_not_on_topic,10.55041/ijsrem27859,2026-08-16
04计划,paper,"""schedule baseline"" project management",title_abstract_not_on_topic,10.3390/buildings15224168,2026-08-16
04计划,paper,"""schedule baseline"" project management",title_abstract_not_on_topic,10.1007/s12144-025-08034-0,2026-08-16
04计划,paper,"""schedule baseline"" project management",title_abstract_not_on_topic,10.21608/astj.2025.345552.1030,2026-08-16
04计划,paper,"""schedule baseline"" project management",title_abstract_not_on_topic,10.38035/rrj.v8i3.2072,2026-08-16
04计划,paper,"""schedule baseline"" project management",title_abstract_not_on_topic,10.23900/ra.v24i114.997,2026-08-16
04计划,paper,"""schedule baseline"" project management",title_abstract_not_on_topic,10.55041/ijsmt.v2i5.087,2026-08-16
04计划,paper,"""schedule baseline"" project management",title_abstract_not_on_topic,10.54691/41fvcg93,2026-08-16
04计划,paper,"""schedule baseline"" project management",title_abstract_not_on_topic,10.22452/jpmp.vol5no2.1,2026-08-16
04计划,paper,"""schedule baseline"" project management",title_abstract_not_on_topic,10.3390/a17030127,2026-08-16
04计划,paper,"""schedule baseline"" project management",title_abstract_not_on_topic,10.37082/ijirmps.v13.i6.232880,2026-08-16
04计划,paper,"""schedule baseline"" project management",title_abstract_not_on_topic,10.56975/ijrar.v13i3.338130,2026-08-16
04计划,paper,"""schedule baseline"" project management",title_abstract_not_on_topic,10.22399/ijcesen.4800,2026-08-16
04计划,paper,"""schedule baseline"" project management",title_abstract_not_on_topic,10.24887/0028-2448-2025-11-64-71,2026-08-16
04计划,paper,"""schedule baseline"" project management",title_abstract_not_on_topic,10.36948/ijfmr.2025.v07i02.42653,2026-08-16
04计划,paper,"""schedule baseline"" project management",title_abstract_not_on_topic,10.2139/ssrn.6588119,2026-08-16
04计划,paper,"""schedule baseline"" project management",title_abstract_not_on_topic,10.31462/jcemi.2024.02157171,2026-08-16
04计划,paper,"""schedule baseline"" project management",title_abstract_not_on_topic,10.5937/jaes0-51301,2026-08-16
04计划,paper,"""schedule baseline"" project management",title_abstract_not_on_topic,10.52783/jisem.v10i37s.6500,2026-08-16
04计划,paper,"""schedule baseline"" project management",title_abstract_not_on_topic,10.57017/jorit.v2.2(4).05,2026-08-16
04计划,paper,"""schedule baseline"" project management",title_abstract_not_on_topic,10.63158/journalisi.v7i4.1276,2026-08-16
04计划,paper,"""schedule baseline"" project management",title_abstract_not_on_topic,10.64388/irev10i1-1719624,2026-08-16
04计划,paper,"""schedule baseline"" project management",title_abstract_not_on_topic,10.36348/sjet.2026.v11i05.015,2026-08-16
04计划,paper,"""schedule baseline"" project management",title_abstract_not_on_topic,10.1016/j.autcon.2023.105224,2026-08-16
04计划,paper,"""schedule baseline"" project management",title_abstract_not_on_topic,10.46799/ajesh.v5i7.802,2026-08-16
04计划,paper,"""schedule baseline"" project management",title_abstract_not_on_topic,10.54297/sciej.v6i2.1257,2026-08-16
04计划,paper,"""schedule baseline"" project management",title_abstract_not_on_topic,10.1111/itor.70064,2026-08-16
04计划,paper,"""schedule baseline"" project management",title_abstract_not_on_topic,10.32628/ijsrst23121168,2026-08-16
04计划,paper,"""schedule baseline"" project management",title_abstract_not_on_topic,10.7753/ijsea1410.1001,2026-08-16
04计划,paper,"""schedule baseline"" project management",title_abstract_not_on_topic,10.47672/ijpm.2606,2026-08-16
04计划,paper,"""schedule baseline"" project management",title_abstract_not_on_topic,10.22533/at.ed.13176426270310,2026-08-16
04计划,paper,"""schedule baseline"" project management",title_abstract_not_on_topic,10.37745/ejlpscm.2013/vol13n193110,2026-08-16
04计划,paper,"""schedule baseline"" project management",title_abstract_not_on_topic,10.48550/arxiv.2502.06304,2026-08-16
04计划,paper,"""schedule baseline"" project management",title_abstract_not_on_topic,10.21203/rs.3.rs-10025812/v1,2026-08-16
04计划,paper,"""schedule baseline"" project management",title_abstract_not_on_topic,10.3390/electronics15143229,2026-08-16
04计划,paper,"""schedule baseline"" project management",title_abstract_not_on_topic,10.3389/fbuil.2026.1761692,2026-08-16
04计划,paper,"""schedule baseline"" project management",title_abstract_not_on_topic,AIIM: Adaptive Inter-cell Interference Mitigation for Heterogeneous Multi-vendor 5G O-RAN Networks,2026-08-16
04计划,paper,"""schedule baseline"" project management",title_abstract_not_on_topic,10.25077/josi.v25.n1.p25-41.2026,2026-08-16
04计划,paper,"""schedule baseline"" project management",title_abstract_not_on_topic,10.1186/s12904-024-01561-w,2026-08-16
04计划,paper,"""schedule baseline"" project management",title_abstract_not_on_topic,10.1109/mcs.2024.3433208,2026-08-16
04计划,paper,"""schedule baseline"" project management",title_abstract_not_on_topic,10.3329/brc.v12i1.86783,2026-08-16
04计划,paper,"""schedule baseline"" project management",title_abstract_not_on_topic,10.21203/rs.3.rs-4271287/v1,2026-08-16
04计划,paper,"""schedule baseline"" project management",title_abstract_not_on_topic,10.3389/fcdhc.2023.1264312,2026-08-16
04计划,paper,"""schedule baseline"" project management",title_abstract_not_on_topic,10.1016/j.labeco.2024.102631,2026-08-16
04计划,paper,"""schedule baseline"" project management",title_abstract_not_on_topic,10.1186/s40814-023-01402-2,2026-08-16
04计划,paper,"""schedule baseline"" project management",title_abstract_not_on_topic,10.3390/bioengineering12060605,2026-08-16
04计划,paper,"""schedule baseline"" project management",title_abstract_not_on_topic,10.1136/bmjopen-2023-081397,2026-08-16
04计划,paper,"""schedule baseline"" project management",title_abstract_not_on_topic,10.1111/acer.70018,2026-08-16
04计划,paper,"""schedule baseline"" project management",title_abstract_not_on_topic,10.1186/s12916-023-03079-z,2026-08-16
04计划,paper,"""schedule baseline"" project management",title_abstract_not_on_topic,10.1017/s0007114523001952,2026-08-16
04计划,paper,"""schedule baseline"" project management",title_abstract_not_on_topic,10.1002/fsn3.71358,2026-08-16
04计划,paper,"""schedule baseline"" project management",title_abstract_not_on_topic,10.1186/s13063-024-07973-6,2026-08-16
04计划,paper,"""schedule baseline"" project management",title_abstract_not_on_topic,10.1186/s12889-023-17538-y,2026-08-16
04计划,paper,"""schedule baseline"" project management",title_abstract_not_on_topic,10.1186/s13063-024-08152-3,2026-08-16
04计划,paper,"""schedule baseline"" project management",title_abstract_not_on_topic,10.48084/etasr.14111,2026-08-16
04计划,paper,"""schedule baseline"" project management",title_abstract_not_on_topic,10.1186/s13063-024-08110-z,2026-08-16
04计划,paper,"""schedule baseline"" project management",title_abstract_not_on_topic,10.21203/rs.3.rs-5039690/v1,2026-08-16
04计划,paper,"""schedule baseline"" project management",title_abstract_not_on_topic,10.1109/tccn.2024.3508771,2026-08-16
04计划,paper,"""schedule baseline"" project management",title_abstract_not_on_topic,10.1186/s12883-024-03634-y,2026-08-16
04计划,paper,"""schedule baseline"" project management",title_abstract_not_on_topic,10.1002/ejp.4729,2026-08-16
04计划,paper,"""schedule baseline"" project management",title_abstract_not_on_topic,10.1002/14651858.cd013342.pub2,2026-08-16
04计划,paper,"""schedule baseline"" project management",title_abstract_not_on_topic,10.1002/hsr2.70980,2026-08-16
04计划,paper,"""schedule baseline"" project management",title_abstract_not_on_topic,10.1016/j.cct.2024.107446,2026-08-16
04计划,paper,"""schedule baseline"" project management",title_abstract_not_on_topic,10.2166/nh.2025.068,2026-08-16
04计划,paper,"""schedule baseline"" project management",title_abstract_not_on_topic,10.1007/s42484-025-00319-8,2026-08-16
04计划,paper,"""schedule baseline"" project management",title_abstract_not_on_topic,10.3310/ykur3660,2026-08-16
04计划,paper,"""schedule baseline"" project management",title_abstract_not_on_topic,10.48550/arxiv.2406.04853,2026-08-16
04计划,paper,"""schedule baseline"" project management",title_abstract_not_on_topic,10.48550/arxiv.2501.18298,2026-08-16
04计划,paper,"""schedule baseline"" project management",title_abstract_not_on_topic,10.34218/ijce_07_02_004,2026-08-16
04计划,paper,"""schedule baseline"" project management",title_abstract_not_on_topic,10.1371/journal.pone.0310795,2026-08-16
04计划,paper,"""schedule baseline"" project management",title_abstract_not_on_topic,10.5005/jp-journals-10071-25178,2026-08-16
04计划,paper,"""schedule baseline"" project management",title_abstract_not_on_topic,10.2337/cd24-0002,2026-08-16
04计划,paper,"""schedule baseline"" project management",title_abstract_not_on_topic,10.1371/journal.pone.0331663,2026-08-16
04计划,paper,"""schedule baseline"" project management",title_abstract_not_on_topic,10.3310/aywa5297,2026-08-16
04计划,paper,"""performance measurement baseline"" schedule",title_abstract_not_on_topic,10.3390/buildings14030643,2026-08-16
04计划,paper,"""performance measurement baseline"" schedule",title_abstract_not_on_topic,10.62527/joiv.8.1.1947,2026-08-16
04计划,paper,"""performance measurement baseline"" schedule",title_abstract_not_on_topic,10.24912/jmts.v7i1.24950,2026-08-16
04计划,paper,"""performance measurement baseline"" schedule",title_abstract_not_on_topic,10.37058/aks.v7i2.16407,2026-08-16
04计划,paper,"""performance measurement baseline"" schedule",title_abstract_not_on_topic,10.30574/wjarr.2026.30.3.1613,2026-08-16
04计划,paper,"""performance measurement baseline"" schedule",title_abstract_not_on_topic,10.21009/jpensil.v14i3.59154,2026-08-16
04计划,paper,"""performance measurement baseline"" schedule",title_abstract_not_on_topic,10.57017/jorit.v2.2(4).05,2026-08-16
04计划,paper,"""performance measurement baseline"" schedule",title_abstract_not_on_topic,10.15849/ijasca.v18i2.43,2026-08-16
04计划,paper,"""performance measurement baseline"" schedule",title_abstract_not_on_topic,10.1080/15623599.2025.2508293,2026-08-16
04计划,paper,"""performance measurement baseline"" schedule",title_abstract_not_on_topic,10.1177/87569728231226226,2026-08-16
04计划,paper,"""performance measurement baseline"" schedule",title_abstract_not_on_topic,10.1007/s44290-025-00193-0,2026-08-16
04计划,paper,"""performance measurement baseline"" schedule",title_abstract_not_on_topic,10.36948/ijfmr.2025.v07i01.37332,2026-08-16
04计划,paper,"""performance measurement baseline"" schedule",title_abstract_not_on_topic,10.23880/oajda-16000120,2026-08-16
04计划,paper,"""performance measurement baseline"" schedule",title_abstract_not_on_topic,10.15446/dyna.v90n228.108642,2026-08-16
04计划,paper,"""performance measurement baseline"" schedule",title_abstract_not_on_topic,10.63995/gcdu2539,2026-08-16
04计划,paper,"""performance measurement baseline"" schedule",title_abstract_not_on_topic,10.38124/ijisrt/ijisrt24sep1472,2026-08-16
04计划,paper,"""performance measurement baseline"" schedule",title_abstract_not_on_topic,10.12962/j2579-891x.v24i2.14882,2026-08-16
04计划,paper,"""performance measurement baseline"" schedule",title_abstract_not_on_topic,10.22594/dau.23-910.30.03,2026-08-16
04计划,paper,"""performance measurement baseline"" schedule",title_abstract_not_on_topic,Gestión del desempeño en proyectos de construcción: una revisión sistemática de la literatura,2026-08-16
04计划,paper,"""performance measurement baseline"" schedule",title_abstract_not_on_topic,10.24887/0028-2448-2025-11-64-71,2026-08-16
04计划,paper,"""performance measurement baseline"" schedule",title_abstract_not_on_topic,10.59765/zytp8524hyr,2026-08-16
04计划,paper,"""performance measurement baseline"" schedule",title_abstract_not_on_topic,10.36227/techrxiv.171995281.10500939/v1,2026-08-16
04计划,paper,"""RACI"" ""project management"" responsibility",title_abstract_not_on_topic,10.33022/ijcs.v12i5.3397,2026-08-16
04计划,paper,"""RACI"" ""project management"" responsibility",title_abstract_not_on_topic,10.1080/15623599.2025.2589827,2026-08-16
04计划,paper,"""RACI"" ""project management"" responsibility",title_abstract_not_on_topic,10.1080/23299460.2024.2414530,2026-08-16
04计划,paper,"""RACI"" ""project management"" responsibility",title_abstract_not_on_topic,10.1016/j.heliyon.2024.e38759,2026-08-16
04计划,paper,"""RACI"" ""project management"" responsibility",title_abstract_not_on_topic,10.35629/5252-0702815826,2026-08-16
04计划,paper,"""RACI"" ""project management"" responsibility",title_abstract_not_on_topic,10.1016/j.heliyon.2024.e40034,2026-08-16
04计划,paper,"""RACI"" ""project management"" responsibility",title_abstract_not_on_topic,10.59890/ijsas.v3i10.186,2026-08-16
04计划,paper,"""RACI"" ""project management"" responsibility",title_abstract_not_on_topic,10.1093/jamia/ocae024,2026-08-16
04计划,paper,"""RACI"" ""project management"" responsibility",title_abstract_not_on_topic,10.3390/app15020824,2026-08-16
04计划,paper,"""RACI"" ""project management"" responsibility",title_abstract_not_on_topic,10.9734/ajess/2024/v50i81536,2026-08-16
04计划,paper,"""RACI"" ""project management"" responsibility",title_abstract_not_on_topic,10.1016/j.plas.2023.100101,2026-08-16
04计划,paper,"""RACI"" ""project management"" responsibility",title_abstract_not_on_topic,10.64357/neya-gjnps-ipt2025,2026-08-16
04计划,paper,"""RACI"" ""project management"" responsibility",title_abstract_not_on_topic,10.31937/si.v14i2.3223,2026-08-16
04计划,paper,"""RACI"" ""project management"" responsibility",title_abstract_not_on_topic,10.1016/j.pmedr.2023.102534,2026-08-16
04计划,paper,"""RACI"" ""project management"" responsibility",title_abstract_not_on_topic,10.11113/aej.v13.19476,2026-08-16
04计划,paper,"""RACI"" ""project management"" responsibility",title_abstract_not_on_topic,10.1016/j.radonc.2025.111168,2026-08-16
04计划,paper,"""RACI"" ""project management"" responsibility",title_abstract_not_on_topic,10.33022/ijcs.v12i5.3412,2026-08-16
04计划,paper,"""RACI"" ""project management"" responsibility",title_abstract_not_on_topic,10.54103/2037-3597/27902,2026-08-16
04计划,paper,"""RACI"" ""project management"" responsibility",title_abstract_not_on_topic,10.1080/14783363.2025.2535701,2026-08-16
04计划,paper,"""RACI"" ""project management"" responsibility",title_abstract_not_on_topic,10.1371/journal.pone.0325270,2026-08-16
04计划,paper,"""RACI"" ""project management"" responsibility",title_abstract_not_on_topic,10.55041/ijsrem39215,2026-08-16
04计划,paper,"""RACI"" ""project management"" responsibility",title_abstract_not_on_topic,10.24857/rgsa.v20n1-005,2026-08-16
04计划,paper,"""RACI"" ""project management"" responsibility",title_abstract_not_on_topic,10.21686/2413-2829-2025-3-144-151,2026-08-16
04计划,paper,"""RACI"" ""project management"" responsibility",title_abstract_not_on_topic,10.59573/emsj.9(3).2025.41,2026-08-16
04计划,paper,"""RACI"" ""project management"" responsibility",title_abstract_not_on_topic,10.29227/im-2025-01-14,2026-08-16
04计划,paper,"""RACI"" ""project management"" responsibility",title_abstract_not_on_topic,10.22158/jecs.v9n3p63,2026-08-16
04计划,paper,"""RACI"" ""project management"" responsibility",title_abstract_not_on_topic,10.59188/eduvest.v5i7.50861,2026-08-16
04计划,paper,"""RACI"" ""project management"" responsibility",title_abstract_not_on_topic,10.36676/mdmp.v1.i2.24,2026-08-16
04计划,paper,"""RACI"" ""project management"" responsibility",title_abstract_not_on_topic,10.37082/ijirmps.v13.i6.232880,2026-08-16
04计划,paper,"""RACI"" ""project management"" responsibility",title_abstract_not_on_topic,10.3390/info15020110,2026-08-16
04计划,paper,"""RACI"" ""project management"" responsibility",title_abstract_not_on_topic,10.52260/2304-7216.2025.4(61).26,2026-08-16
04计划,paper,"""RACI"" ""project management"" responsibility",title_abstract_not_on_topic,10.1007/s11606-024-08768-w,2026-08-16
04计划,paper,"""RACI"" ""project management"" responsibility",title_abstract_not_on_topic,10.21567/adhyayan.v15i1.13,2026-08-16
04计划,paper,"""RACI"" ""project management"" responsibility",title_abstract_not_on_topic,10.5753/reviews.2024.3757,2026-08-16
04计划,paper,"""RACI"" ""project management"" responsibility",title_abstract_not_on_topic,10.30574/wjarr.2025.25.2.0343,2026-08-16
04计划,paper,"""RACI"" ""project management"" responsibility",title_abstract_not_on_topic,10.2478/revecp-2023-0010,2026-08-16
04计划,paper,"""RACI"" ""project management"" responsibility",title_abstract_not_on_topic,10.3390/en17010269,2026-08-16
04计划,paper,"""RACI"" ""project management"" responsibility",title_abstract_not_on_topic,10.1109/access.2025.3564141,2026-08-16
04计划,paper,"""RACI"" ""project management"" responsibility",title_abstract_not_on_topic,10.5937/etp2402079k,2026-08-16
04计划,paper,"""RACI"" ""project management"" responsibility",title_abstract_not_on_topic,10.22495/cbsrv6i1art7,2026-08-16
04计划,paper,"""RACI"" ""project management"" responsibility",title_abstract_not_on_topic,10.1016/j.ijproman.2024.102593,2026-08-16
04计划,paper,"""RACI"" ""project management"" responsibility",title_abstract_not_on_topic,10.62381/i245301,2026-08-16
04计划,paper,"""RACI"" ""project management"" responsibility",title_abstract_not_on_topic,10.14421/jiska.2023.8.3.210-221,2026-08-16
04计划,paper,"""RACI"" ""project management"" responsibility",title_abstract_not_on_topic,10.3390/healthcare11192626,2026-08-16
04计划,paper,"""RACI"" ""project management"" responsibility",title_abstract_not_on_topic,10.1080/13669877.2024.2328202,2026-08-16
04计划,paper,"""RACI"" ""project management"" responsibility",title_abstract_not_on_topic,10.33744/0365-8171-2026-119-394-411,2026-08-16
04计划,paper,"""RACI"" ""project management"" responsibility",title_abstract_not_on_topic,10.3390/ijfs13040217,2026-08-16
04计划,paper,"""RACI"" ""project management"" responsibility",title_abstract_not_on_topic,10.55905/cuadv15n10-035,2026-08-16
04计划,paper,"""RACI"" ""project management"" responsibility",title_abstract_not_on_topic,10.7764/ric.00141.21,2026-08-16
04计划,paper,"""RACI"" ""project management"" responsibility",title_abstract_not_on_topic,10.32782/2519-884x-2025-57-5,2026-08-16
04计划,paper,"""RACI"" ""project management"" responsibility",title_abstract_not_on_topic,10.32689/2523-4625-2025-4(80)-3,2026-08-16
04计划,paper,"""RACI"" ""project management"" responsibility",title_abstract_not_on_topic,10.5334/aogh.4441,2026-08-16
04计划,paper,"""RACI"" ""project management"" responsibility",title_abstract_not_on_topic,10.21467/ajss.13.1.40-58,2026-08-16
04计划,paper,"""RACI"" ""project management"" responsibility",title_abstract_not_on_topic,10.5585/2026.29922,2026-08-16
04计划,paper,"""RACI"" ""project management"" responsibility",title_abstract_not_on_topic,10.21203/rs.3.rs-8916845/v1,2026-08-16
04计划,paper,"""RACI"" ""project management"" responsibility",title_abstract_not_on_topic,10.62718/vmca.bf-baiij.5.1.sc-0425-016,2026-08-16
04计划,paper,"""RACI"" ""project management"" responsibility",title_abstract_not_on_topic,10.20998/2522-9052.2024.4.04,2026-08-16
04计划,paper,"""RACI"" ""project management"" responsibility",title_abstract_not_on_topic,10.33480/jitk.v11i1.6942,2026-08-16
04计划,paper,"""RACI"" ""project management"" responsibility",title_abstract_not_on_topic,10.31154/cogito.v11i1.998.193-206,2026-08-16
04计划,paper,"""RACI"" ""project management"" responsibility",title_abstract_not_on_topic,10.5585/2023.24795,2026-08-16
04计划,paper,"""RACI"" ""project management"" responsibility",title_abstract_not_on_topic,10.3390/su17219491,2026-08-16
04计划,paper,"""RACI"" ""project management"" responsibility",title_abstract_not_on_topic,10.1080/23251042.2024.2357691,2026-08-16
04计划,paper,"""RACI"" ""project management"" responsibility",title_abstract_not_on_topic,10.36948/ijfmr.2025.v07i04.54994,2026-08-16
04计划,paper,"""RACI"" ""project management"" responsibility",title_abstract_not_on_topic,10.36253/wep-15803,2026-08-16
04计划,paper,"""RACI"" ""project management"" responsibility",title_abstract_not_on_topic,10.54543/etnik.v2i9.224,2026-08-16
04计划,paper,"""RACI"" ""project management"" responsibility",title_abstract_not_on_topic,10.63282/3050-9246.ijetcsit-v6i1p115,2026-08-16
04计划,paper,"""RACI"" ""project management"" responsibility",title_abstract_not_on_topic,10.59888/ajosh.v2i12.394,2026-08-16
04计划,paper,"""RACI"" ""project management"" responsibility",title_abstract_not_on_topic,10.23977/acss.2025.090305,2026-08-16
04计划,paper,"""RACI"" ""project management"" responsibility",title_abstract_not_on_topic,10.71420/ijref.v2i12.232,2026-08-16
04计划,paper,"""RACI"" ""project management"" responsibility",title_abstract_not_on_topic,10.1007/s12599-024-00908-0,2026-08-16
04计划,paper,"""RACI"" ""project management"" responsibility",title_abstract_not_on_topic,10.1007/s43441-024-00646-1,2026-08-16
04计划,paper,"""RACI"" ""project management"" responsibility",title_abstract_not_on_topic,10.15680/ijirset.2023.1212003,2026-08-16
04计划,paper,"""RACI"" ""project management"" responsibility",title_abstract_not_on_topic,10.33751/jhss.v10i2.125,2026-08-16
04计划,paper,"""RACI"" ""project management"" responsibility",title_abstract_not_on_topic,10.14445/22315381/ijett-v71i10p221,2026-08-16
04计划,paper,"""RACI"" ""project management"" responsibility",title_abstract_not_on_topic,10.4102/sajim.v26i1.1670,2026-08-16
04计划,paper,"""RACI"" ""project management"" responsibility",title_abstract_not_on_topic,10.36948/ijfmr.2024.v06i06.43725,2026-08-16
04计划,paper,"""RACI"" ""project management"" responsibility",title_abstract_not_on_topic,10.1111/isj.12599,2026-08-16
04计划,paper,"""RACI"" ""project management"" responsibility",title_abstract_not_on_topic,10.1111/risa.14292,2026-08-16
04计划,paper,"""responsibility assignment matrix"" project",title_abstract_not_on_topic,10.3390/buildings14082496,2026-08-16
04计划,paper,"""responsibility assignment matrix"" project",title_abstract_not_on_topic,10.3897/rio.9.e113906,2026-08-16
04计划,paper,"""responsibility assignment matrix"" project",title_abstract_not_on_topic,10.28991/cej-sp2024-010-015,2026-08-16
04计划,paper,"""responsibility assignment matrix"" project",title_abstract_not_on_topic,10.1055/s-0044-1788980,2026-08-16
04计划,paper,"""responsibility assignment matrix"" project",title_abstract_not_on_topic,10.54103/2037-3597/27902,2026-08-16
04计划,paper,"""responsibility assignment matrix"" project",title_abstract_not_on_topic,10.4018/ijaie.368255,2026-08-16
04计划,paper,"""responsibility assignment matrix"" project",title_abstract_not_on_topic,10.3390/su18041855,2026-08-16
04计划,paper,"""responsibility assignment matrix"" project",title_abstract_not_on_topic,10.18552/jorma.v4i1.1132,2026-08-16
04计划,paper,"""responsibility assignment matrix"" project",title_abstract_not_on_topic,10.46799/ajesh.v5i7.802,2026-08-16
04计划,paper,"""responsibility assignment matrix"" project",title_abstract_not_on_topic,10.21428/f1f23564.0b834e68,2026-08-16
04计划,paper,"""responsibility assignment matrix"" project",title_abstract_not_on_topic,10.1145/3715275.3732191,2026-08-16
04计划,paper,"""responsibility assignment matrix"" project",title_abstract_not_on_topic,10.29210/020242399,2026-08-16
04计划,paper,"""responsibility assignment matrix"" project",title_abstract_not_on_topic,10.36348/sjet.2024.v09i07.003,2026-08-16
04计划,paper,"""responsibility assignment matrix"" project",title_abstract_not_on_topic,10.1016/j.pmedr.2023.102534,2026-08-16
04计划,paper,"""responsibility assignment matrix"" project",title_abstract_not_on_topic,10.24887/0028-2448-2025-11-64-71,2026-08-16
04计划,paper,"""responsibility assignment matrix"" project",title_abstract_not_on_topic,10.3389/fbioe.2025.1578654,2026-08-16
04计划,paper,"""responsibility assignment matrix"" project",title_abstract_not_on_topic,10.62381/i245301,2026-08-16
04计划,paper,"""responsibility assignment matrix"" project",title_abstract_not_on_topic,10.61275/isvsej-2024-11-02-14,2026-08-16
04计划,paper,"""responsibility assignment matrix"" project",title_abstract_not_on_topic,10.1016/j.giq.2025.102025,2026-08-16
04计划,paper,"""responsibility assignment matrix"" project",title_abstract_not_on_topic,10.3390/buildings16050893,2026-08-16
04计划,paper,"""responsibility assignment matrix"" project",title_abstract_not_on_topic,10.5539/ies.v19n1p15,2026-08-16
04计划,paper,"""responsibility assignment matrix"" project",title_abstract_not_on_topic,10.4236/vp.2024.101007,2026-08-16
04计划,paper,"""responsibility assignment matrix"" project",title_abstract_not_on_topic,10.14445/23488360/ijme-v12i6p104,2026-08-16
04计划,paper,"""responsibility assignment matrix"" project",title_abstract_not_on_topic,10.71420/ijref.v2i12.232,2026-08-16
04计划,paper,"""responsibility assignment matrix"" project",title_abstract_not_on_topic,10.5194/ica-adv-4-5-2023,2026-08-16
04计划,paper,"""responsibility assignment matrix"" project",title_abstract_not_on_topic,10.32750/2024-0103,2026-08-16
04计划,paper,"""responsibility assignment matrix"" project",title_abstract_not_on_topic,10.66556/2786-586x.54.dzhedzhula-o,2026-08-16
04计划,paper,"""responsibility assignment matrix"" project",title_abstract_not_on_topic,10.1038/s41598-025-12955-y,2026-08-16
04计划,paper,"""responsibility assignment matrix"" project",title_abstract_not_on_topic,АНАЛІЗ ЗАСТОСУВАННЯ DIGITAL TWINS ДЛЯ ПОСИЛЕННЯ ПРОАКТИВНОГО УПРАВЛІННЯ ПРОЄКТАМИ,2026-08-16
04计划,paper,"""responsibility assignment matrix"" project",title_abstract_not_on_topic,10.1186/s12982-026-02189-2,2026-08-16
04计划,paper,"""responsibility assignment matrix"" project",title_abstract_not_on_topic,10.58235/sjpa.40354,2026-08-16
04计划,paper,"""responsibility assignment matrix"" project",title_abstract_not_on_topic,10.1016/j.fufo.2025.100847,2026-08-16
04计划,paper,"""responsibility assignment matrix"" project",title_abstract_not_on_topic,10.17116/jnevro202312312113,2026-08-16
04计划,paper,"""responsibility assignment matrix"" project",title_abstract_not_on_topic,10.4038/jur.v12i2.8052,2026-08-16
04计划,paper,"""responsibility assignment matrix"" project",title_abstract_not_on_topic,10.28925/2663-4023.2025.27.825,2026-08-16
04计划,paper,"""responsibility assignment matrix"" project",title_abstract_not_on_topic,10.1155/are/7780608,2026-08-16
04计划,paper,"""responsibility assignment matrix"" project",title_abstract_not_on_topic,10.62524/msj.2025.3.4.6,2026-08-16
04计划,paper,"""responsibility assignment matrix"" project",title_abstract_not_on_topic,10.31937/si.v15i1.3475,2026-08-16
04计划,paper,"""responsibility assignment matrix"" project",title_abstract_not_on_topic,10.32734/jocai.v8.i2-15855,2026-08-16
04计划,paper,"""responsibility assignment matrix"" project",title_abstract_not_on_topic,10.38035/jemsi.v6i2.3451,2026-08-16
04计划,paper,"""responsibility assignment matrix"" project",title_abstract_not_on_topic,10.52783/jisem.v11i3s.14885,2026-08-16
04计划,paper,"""responsibility assignment matrix"" project",title_abstract_not_on_topic,10.14569/ijacsa.2025.0160313,2026-08-16
04计划,paper,"""responsibility assignment matrix"" project",title_abstract_not_on_topic,10.1007/s10389-026-02787-z,2026-08-16
04计划,paper,"""responsibility assignment matrix"" project",title_abstract_not_on_topic,10.1016/j.datak.2025.102539,2026-08-16
04计划,paper,"""responsibility assignment matrix"" project",title_abstract_not_on_topic,10.31891/2307-5740-2026-350-30,2026-08-16
04计划,paper,"""product-based planning"" PRINCE2",title_abstract_not_on_topic,10.22495/jgrv14i4art20,2026-08-16
04计划,paper,"""product-based planning"" PRINCE2",title_abstract_not_on_topic,10.29119/1641-3466.2026.244.32,2026-08-16
04计划,paper,"""product-based planning"" PRINCE2",title_abstract_not_on_topic,10.3390/logistics7040088,2026-08-16
04计划,paper,"""product-based planning"" PRINCE2",title_abstract_not_on_topic,10.9734/jemt/2024/v30i31199,2026-08-16
04计划,paper,"""product based planning"" project",title_abstract_not_on_topic,10.22495/jgrv14i4art20,2026-08-16
04计划,paper,"""product based planning"" project",title_abstract_not_on_topic,10.3390/logistics7040088,2026-08-16
04计划,paper,"""product based planning"" project",title_abstract_not_on_topic,10.2196/63576,2026-08-16
04计划,paper,"""product based planning"" project",title_abstract_not_on_topic,10.1108/joe-05-2025-0054,2026-08-16
04计划,paper,"""product based planning"" project",title_abstract_not_on_topic,10.29119/1641-3466.2026.244.32,2026-08-16
04计划,paper,"""product based planning"" project",title_abstract_not_on_topic,10.9734/jemt/2024/v30i31199,2026-08-16
04计划,paper,"""product based planning"" project",title_abstract_not_on_topic,10.1287/orsc.2020.14743,2026-08-16
04计划,paper,"""product based planning"" project",title_abstract_not_on_topic,10.24018/ejbmr.2026.11.4.70421,2026-08-16
04计划,paper,"""product based planning"" project",title_abstract_not_on_topic,10.32996/jeltal.2024.6.4.5,2026-08-16
04计划,paper,"""milestone"" ""work breakdown structure""",title_abstract_not_on_topic,10.59992/ijci.2024.v3n1p2,2026-08-16
04计划,paper,"""milestone"" ""work breakdown structure""",title_abstract_not_on_topic,10.59992/ijfaes.2023.v2n6p1,2026-08-16
04计划,paper,"""milestone"" ""work breakdown structure""",title_abstract_not_on_topic,10.1016/j.plas.2023.100101,2026-08-16
04计划,paper,"""milestone"" ""work breakdown structure""",title_abstract_not_on_topic,10.1155/adce/7915818,2026-08-16
04计划,paper,"""milestone"" ""work breakdown structure""",title_abstract_not_on_topic,10.62225/2583049x.2025.5.6.5700,2026-08-16
04计划,paper,"""milestone"" ""work breakdown structure""",title_abstract_not_on_topic,10.35870/ijsecs.v3i2.1512,2026-08-16
04计划,paper,"""milestone"" ""work breakdown structure""",title_abstract_not_on_topic,10.3390/buildings14040934,2026-08-16
04计划,paper,"""milestone"" ""work breakdown structure""",title_abstract_not_on_topic,Bridging the Gap Between Agility and Planning,2026-08-16
04计划,paper,"""milestone"" ""work breakdown structure""",title_abstract_not_on_topic,10.3390/buildings14072110,2026-08-16
04计划,paper,"""milestone"" ""work breakdown structure""",title_abstract_not_on_topic,10.1109/access.2024.3362229,2026-08-16
04计划,paper,"""milestone"" ""work breakdown structure""",title_abstract_not_on_topic,10.53819/81018102t2385,2026-08-16
04计划,paper,"""milestone"" ""work breakdown structure""",title_abstract_not_on_topic,10.3390/buildings13102569,2026-08-16
04计划,paper,"""milestone"" ""work breakdown structure""",title_abstract_not_on_topic,10.3390/buildings15142570,2026-08-16
04计划,paper,"""milestone"" ""work breakdown structure""",title_abstract_not_on_topic,10.3390/eng6020022,2026-08-16
04计划,paper,"""milestone"" ""work breakdown structure""",title_abstract_not_on_topic,10.1108/ci-06-2024-0185,2026-08-16
04计划,paper,"""milestone"" ""work breakdown structure""",title_abstract_not_on_topic,10.61426/sjbcm.v10i4.2829,2026-08-16
04计划,paper,"""milestone"" ""work breakdown structure""",title_abstract_not_on_topic,10.62273/mjvl6063,2026-08-16
04计划,paper,"""milestone"" ""work breakdown structure""",title_abstract_not_on_topic,10.55549/epstem.1350951,2026-08-16
04计划,paper,"""milestone"" ""work breakdown structure""",title_abstract_not_on_topic,10.1590/0001-3765202420230117,2026-08-16
04计划,paper,"""milestone"" ""work breakdown structure""",title_abstract_not_on_topic,10.1080/08956308.2023.2275506,2026-08-16
04计划,paper,"""milestone"" ""work breakdown structure""",title_abstract_not_on_topic,10.1117/1.jatis.10.1.017001,2026-08-16
04计划,paper,"""milestone"" ""work breakdown structure""",title_abstract_not_on_topic,10.24252/shift.v4i2.123,2026-08-16
04计划,paper,"""milestone"" ""work breakdown structure""",title_abstract_not_on_topic,10.1007/s11214-025-01208-z,2026-08-16
04计划,paper,"""milestone"" ""work breakdown structure""",title_abstract_not_on_topic,10.3390/buildings15142451,2026-08-16
04计划,paper,"""milestone"" ""work breakdown structure""",title_abstract_not_on_topic,10.3390/aerospace11040324,2026-08-16
04计划,paper,"""milestone"" ""work breakdown structure""",title_abstract_not_on_topic,10.54337/ojs.jpblhe.v11i3.7514,2026-08-16
04计划,paper,"""milestone"" ""work breakdown structure""",title_abstract_not_on_topic,10.1080/15623599.2025.2589827,2026-08-16
04计划,paper,"""milestone"" ""work breakdown structure""",title_abstract_not_on_topic,10.62225/2583049x.2024.4.6.4355,2026-08-16
04计划,paper,"""milestone"" ""work breakdown structure""",title_abstract_not_on_topic,10.31224/5727,2026-08-16
04计划,paper,"""milestone"" ""work breakdown structure""",title_abstract_not_on_topic,10.36680/j.itcon.2025.031,2026-08-16
04计划,paper,"""milestone"" ""work breakdown structure""",title_abstract_not_on_topic,10.1051/epjn/2025010,2026-08-16
04计划,paper,"""milestone"" ""work breakdown structure""",title_abstract_not_on_topic,10.3390/su152216085,2026-08-16
04计划,paper,"""milestone"" ""work breakdown structure""",title_abstract_not_on_topic,10.3390/educsci16010105,2026-08-16
04计划,paper,"""milestone"" ""work breakdown structure""",title_abstract_not_on_topic,10.53819/81018102t4298,2026-08-16
04计划,paper,"""milestone"" ""work breakdown structure""",title_abstract_not_on_topic,10.1080/2331186x.2024.2444816,2026-08-16
04计划,paper,"""milestone"" ""work breakdown structure""",title_abstract_not_on_topic,10.33774/coe-2023-kbr25,2026-08-16
04计划,paper,"""milestone"" ""work breakdown structure""",title_abstract_not_on_topic,10.33364/miftek/v.5-2.1918,2026-08-16
04计划,paper,"""milestone"" ""work breakdown structure""",title_abstract_not_on_topic,10.59992/ijci.2023.v2n6p1,2026-08-16
04计划,paper,"""milestone"" ""work breakdown structure""",title_abstract_not_on_topic,10.1007/s10951-025-00857-w,2026-08-16
04计划,paper,"""milestone"" ""work breakdown structure""",title_abstract_not_on_topic,10.62718/vmca.tech-gjtdsi.1.1.sc-0524-005,2026-08-16
04计划,paper,"""milestone"" ""work breakdown structure""",title_abstract_not_on_topic,10.32388/wzh8ga.2,2026-08-16
04计划,paper,"""milestone"" ""work breakdown structure""",title_abstract_not_on_topic,10.32628/ijsrst23121167,2026-08-16
04计划,paper,"""milestone"" ""work breakdown structure""",title_abstract_not_on_topic,10.47709/brilliance.v3i2.3228,2026-08-16
04计划,paper,"""milestone"" ""work breakdown structure""",title_abstract_not_on_topic,10.3390/app15020677,2026-08-16
04计划,paper,"""milestone"" ""work breakdown structure""",title_abstract_not_on_topic,10.18273/revuin.v23n1-2024011,2026-08-16
04计划,paper,"""milestone"" ""work breakdown structure""",title_abstract_not_on_topic,10.1007/s42979-024-02787-4,2026-08-16
04计划,paper,"""milestone"" ""work breakdown structure""",title_abstract_not_on_topic,10.5267/j.jpm.2024.1.001,2026-08-16
04计划,paper,"""milestone"" ""work breakdown structure""",title_abstract_not_on_topic,10.3390/app152011113,2026-08-16
04计划,paper,"""milestone"" ""work breakdown structure""",title_abstract_not_on_topic,10.17705/1cais.05415,2026-08-16
04计划,paper,"""milestone"" ""work breakdown structure""",title_abstract_not_on_topic,10.24815/journalces.v5i3.23873,2026-08-16
04计划,paper,"""milestone"" ""work breakdown structure""",title_abstract_not_on_topic,10.36676/dira.v12.i3.138,2026-08-16
04计划,paper,"""milestone"" ""work breakdown structure""",title_abstract_not_on_topic,10.62225/2583049x.2026.6.1.5645,2026-08-16
04计划,paper,"""milestone"" ""work breakdown structure""",title_abstract_not_on_topic,10.1016/j.fusengdes.2024.114634,2026-08-16
04计划,paper,"""milestone"" ""work breakdown structure""",title_abstract_not_on_topic,10.52398/gjsd.2023.v3.i2.pp66-84,2026-08-16
04计划,paper,"""milestone"" ""work breakdown structure""",title_abstract_not_on_topic,10.53819/81018102t5306,2026-08-16
04计划,paper,"""milestone"" ""work breakdown structure""",title_abstract_not_on_topic,10.30939/ijastech..1284202,2026-08-16
04计划,paper,"""milestone"" ""work breakdown structure""",title_abstract_not_on_topic,10.24271/psr.2024.188549,2026-08-16
04计划,paper,"""milestone"" ""work breakdown structure""",title_abstract_not_on_topic,10.14434/ijdl.v15i3.36678,2026-08-16
04计划,paper,"""milestone"" ""work breakdown structure""",title_abstract_not_on_topic,10.14445/23499362/ijie-v12i2p105,2026-08-16
04计划,paper,"""milestone"" ""work breakdown structure""",title_abstract_not_on_topic,10.1007/s00773-025-01078-8,2026-08-16
04计划,paper,"""milestone"" ""work breakdown structure""",title_abstract_not_on_topic,10.1016/j.ijproman.2024.102634,2026-08-16
04计划,paper,"""milestone"" ""work breakdown structure""",title_abstract_not_on_topic,10.70619/vol3iss2pp36-53,2026-08-16
04计划,paper,"""milestone"" ""work breakdown structure""",title_abstract_not_on_topic,10.32388/wzh8ga,2026-08-16
04计划,paper,"""milestone"" ""work breakdown structure""",title_abstract_not_on_topic,10.1177/87569728241265927,2026-08-16
04计划,paper,"""project milestone"" schedule baseline",title_abstract_not_on_topic,10.51594/gjabr.v3i1.78,2026-08-16
04计划,paper,"""project milestone"" schedule baseline",title_abstract_not_on_topic,10.3390/su151914308,2026-08-16
04计划,paper,"""project milestone"" schedule baseline",title_abstract_not_on_topic,10.3390/jne4030037,2026-08-16
04计划,paper,"""project milestone"" schedule baseline",title_abstract_not_on_topic,10.3390/buildings13092379,2026-08-16
04计划,paper,"""project milestone"" schedule baseline",title_abstract_not_on_topic,10.5815/ijem.2026.04.20,2026-08-16
04计划,paper,"""project milestone"" schedule baseline",title_abstract_not_on_topic,10.1108/sasbe-10-2025-0616,2026-08-16
04计划,paper,"""project milestone"" schedule baseline",title_abstract_not_on_topic,10.3390/su152215917,2026-08-16
04计划,paper,"""project milestone"" schedule baseline",title_abstract_not_on_topic,10.1186/s12939-024-02151-1,2026-08-16
04计划,paper,"""project milestone"" schedule baseline",title_abstract_not_on_topic,10.1186/s40814-023-01419-7,2026-08-16
04计划,paper,"""project milestone"" schedule baseline",title_abstract_not_on_topic,10.1080/10705422.2024.2385624,2026-08-16
04计划,paper,"""project milestone"" schedule baseline",title_abstract_not_on_topic,10.47392/irjaeh.2024.0255,2026-08-16
04计划,paper,"""project milestone"" schedule baseline",title_abstract_not_on_topic,10.1080/17452007.2023.2282127,2026-08-16
04计划,paper,"""project milestone"" schedule baseline",title_abstract_not_on_topic,10.3390/buildings14061561,2026-08-16
04计划,paper,"""project milestone"" schedule baseline",title_abstract_not_on_topic,10.31224/6288,2026-08-16
04计划,paper,"""project milestone"" schedule baseline",title_abstract_not_on_topic,10.1080/01446193.2023.2270080,2026-08-16
04计划,paper,"""project milestone"" schedule baseline",title_abstract_not_on_topic,10.1038/s41598-025-22752-2,2026-08-16
04计划,paper,"""project milestone"" schedule baseline",title_abstract_not_on_topic,10.7753/ijcatr1408.1007,2026-08-16
04计划,paper,"""project milestone"" schedule baseline",title_abstract_not_on_topic,10.3389/fpubh.2023.1271194,2026-08-16
04计划,paper,"""project milestone"" schedule baseline",title_abstract_not_on_topic,10.30525/2256-0742/2023-9-5-186-192,2026-08-16
04计划,paper,"""project milestone"" schedule baseline",title_abstract_not_on_topic,10.31224/5727,2026-08-16
04计划,paper,"""project milestone"" schedule baseline",title_abstract_not_on_topic,10.3847/2041-8213/ae0c06,2026-08-16
04计划,paper,"""project milestone"" schedule baseline",title_abstract_not_on_topic,10.1371/journal.pone.0302873,2026-08-16
04计划,paper,"""project milestone"" schedule baseline",title_abstract_not_on_topic,10.18282/hrms4399,2026-08-16
04计划,paper,"""project milestone"" schedule baseline",title_abstract_not_on_topic,10.3390/buildings15142456,2026-08-16
04计划,paper,"""project milestone"" schedule baseline",title_abstract_not_on_topic,10.1186/s12912-025-03927-8,2026-08-16
04计划,paper,"""project milestone"" schedule baseline",title_abstract_not_on_topic,10.1080/15623599.2025.2589827,2026-08-16
04计划,paper,"""project milestone"" schedule baseline",title_abstract_not_on_topic,10.1109/access.2024.3387730,2026-08-16
04计划,paper,"""project milestone"" schedule baseline",title_abstract_not_on_topic,10.1109/tasc.2023.3306381,2026-08-16
04计划,paper,"""project milestone"" schedule baseline",title_abstract_not_on_topic,10.3928/24748307-20240819-02,2026-08-16
04计划,paper,"""project milestone"" schedule baseline",title_abstract_not_on_topic,10.70917/ijcisim-2026-4019,2026-08-16
04计划,paper,"""project milestone"" schedule baseline",title_abstract_not_on_topic,10.1007/s10951-025-00857-w,2026-08-16
04计划,paper,"""project milestone"" schedule baseline",title_abstract_not_on_topic,10.1007/s10734-025-01437-9,2026-08-16
04计划,paper,"""project milestone"" schedule baseline",title_abstract_not_on_topic,10.1186/s12992-024-01042-y,2026-08-16
04计划,paper,"""project milestone"" schedule baseline",title_abstract_not_on_topic,10.55248/gengpi.6.0825.2919,2026-08-16
04计划,paper,"""project milestone"" schedule baseline",title_abstract_not_on_topic,10.48550/arxiv.2312.15821,2026-08-16
04计划,paper,"""project milestone"" schedule baseline",title_abstract_not_on_topic,10.3390/app152011113,2026-08-16
04计划,paper,"""project milestone"" schedule baseline",title_abstract_not_on_topic,10.1080/15623599.2025.2553610,2026-08-16
04计划,paper,"""project milestone"" schedule baseline",title_abstract_not_on_topic,10.24425/ace.2023.147649,2026-08-16
04计划,paper,"""project milestone"" schedule baseline",title_abstract_not_on_topic,10.1680/jstbu.22.00127,2026-08-16
04计划,paper,"""project milestone"" schedule baseline",title_abstract_not_on_topic,10.1525/collabra.160129,2026-08-16
04计划,paper,"""project milestone"" schedule baseline",title_abstract_not_on_topic,10.3390/su17083537,2026-08-16
04计划,paper,"""project milestone"" schedule baseline",title_abstract_not_on_topic,10.18103/mra.v12i2.5132,2026-08-16
04计划,paper,"""project milestone"" schedule baseline",title_abstract_not_on_topic,10.54050/prj2423632,2026-08-16
04计划,paper,"""project milestone"" schedule baseline",title_abstract_not_on_topic,10.31219/osf.io/x9v4u,2026-08-16
04计划,paper,"""project milestone"" schedule baseline",title_abstract_not_on_topic,10.24191/esteem.v20iseptember.1839.g1827,2026-08-16
04计划,paper,"""project milestone"" schedule baseline",title_abstract_not_on_topic,10.12821/ijispm120404,2026-08-16
04计划,paper,"""project milestone"" schedule baseline",title_abstract_not_on_topic,10.3390/buildings14072009,2026-08-16
04计划,paper,"""project milestone"" schedule baseline",title_abstract_not_on_topic,10.1016/j.hlc.2026.04.114,2026-08-16
04计划,paper,"""project milestone"" schedule baseline",title_abstract_not_on_topic,10.1177/10591478261443748,2026-08-16
04计划,paper,"""project milestone"" schedule baseline",title_abstract_not_on_topic,10.29333/ejmste/17970,2026-08-16
04计划,paper,"""project milestone"" schedule baseline",title_abstract_not_on_topic,10.3390/su17020490,2026-08-16
04计划,paper,"""project milestone"" schedule baseline",title_abstract_not_on_topic,10.2196/70751,2026-08-16
04计划,paper,"""project milestone"" schedule baseline",title_abstract_not_on_topic,10.18785/jetde.1901.04,2026-08-16
04计划,paper,"""project milestone"" schedule baseline",title_abstract_not_on_topic,10.3390/asi7040070,2026-08-16
04计划,paper,"""project milestone"" schedule baseline",title_abstract_not_on_topic,10.62345/jads.2024.13.3.136,2026-08-16
04计划,paper,"""project milestone"" schedule baseline",title_abstract_not_on_topic,10.1016/j.jenvman.2024.120270,2026-08-16
04计划,paper,"""project milestone"" schedule baseline",title_abstract_not_on_topic,10.3390/buildings15020216,2026-08-16
04计划,paper,"""project milestone"" schedule baseline",title_abstract_not_on_topic,10.31732/2663-2209-2025-79-223-235,2026-08-16
04计划,paper,"""project milestone"" schedule baseline",title_abstract_not_on_topic,10.3390/min15080855,2026-08-16
04计划,paper,"""project milestone"" schedule baseline",title_abstract_not_on_topic,10.1080/13467581.2025.2513064,2026-08-16
04计划,paper,"""project milestone"" schedule baseline",title_abstract_not_on_topic,10.3389/fbloc.2025.1650188,2026-08-16
04计划,paper,"""project milestone"" schedule baseline",title_abstract_not_on_topic,10.3897/rio.9.e113906,2026-08-16
04计划,paper,"""project milestone"" schedule baseline",title_abstract_not_on_topic,10.5130/ajceb.v25i3/4.9756,2026-08-16
04计划,paper,"""project milestone"" schedule baseline",title_abstract_not_on_topic,10.3390/educsci16040555,2026-08-16
04计划,paper,"""project milestone"" schedule baseline",title_abstract_not_on_topic,10.20944/preprints202308.1786.v2,2026-08-16
04计划,paper,"""project milestone"" schedule baseline",title_abstract_not_on_topic,10.3389/fbuil.2025.1580639,2026-08-16
04计划,paper,"""project milestone"" schedule baseline",title_abstract_not_on_topic,10.55248/gengpi.6.0525.1822,2026-08-16
04计划,paper,"""project milestone"" schedule baseline",title_abstract_not_on_topic,10.20944/preprints202308.1786.v1,2026-08-16
04计划,paper,"""project milestone"" schedule baseline",title_abstract_not_on_topic,10.1002/cae.70005,2026-08-16
04计划,paper,"""project milestone"" schedule baseline",title_abstract_not_on_topic,10.64753/jcasc.v10i2.1623,2026-08-16
04计划,paper,"""project milestone"" schedule baseline",title_abstract_not_on_topic,10.54660/ijsser.2024.3.1.251-271,2026-08-16
04计划,paper,"""project milestone"" schedule baseline",title_abstract_not_on_topic,10.3390/buildings14092754,2026-08-16
04计划,paper,"""project milestone"" schedule baseline",title_abstract_not_on_topic,10.3390/jrfm17120572,2026-08-16
04计划,paper,"""project milestone"" schedule baseline",title_abstract_not_on_topic,10.5770/cgj.26.679,2026-08-16
04计划,paper,"""project milestone"" schedule baseline",title_abstract_not_on_topic,10.63680/ijsate032542.010,2026-08-16
04计划,paper,"""project milestone"" schedule baseline",title_abstract_not_on_topic,10.3390/su17198820,2026-08-16
04计划,paper,"""project milestone"" schedule baseline",title_abstract_not_on_topic,10.3389/feduc.2025.1487344,2026-08-16
04计划,paper,"""project milestone"" schedule baseline",title_abstract_not_on_topic,10.37725/mgmt.2023.8661,2026-08-16
04计划,paper,"""project milestone"" schedule baseline",title_abstract_not_on_topic,10.38140/as.v31i2.8196,2026-08-16
04计划,paper,"""project milestone"" schedule baseline",title_abstract_not_on_topic,10.61424/rjbe.v3i3.561,2026-08-16
04计划,paper,"""project milestone"" schedule baseline",title_abstract_not_on_topic,10.1055/a-2551-3705,2026-08-16
04计划,paper,"""project milestone"" schedule baseline",title_abstract_not_on_topic,10.1002/sd.70407,2026-08-16
04计划,paper,"""project milestone"" schedule baseline",title_abstract_not_on_topic,10.24294/jipd8966,2026-08-16
04计划,paper,"""project milestone"" schedule baseline",title_abstract_not_on_topic,10.3390/en19061472,2026-08-16
04计划,paper,"""project milestone"" schedule baseline",title_abstract_not_on_topic,10.1007/s10664-026-10830-6,2026-08-16
04计划,paper,"""project milestone"" schedule baseline",title_abstract_not_on_topic,10.34190/ejel.24.1.4302,2026-08-16
04计划,paper,"""project milestone"" schedule baseline",title_abstract_not_on_topic,10.3310/twkk5110,2026-08-16
04计划,paper,"""project milestone"" schedule baseline",title_abstract_not_on_topic,10.3367/ufne.2024.05.039794,2026-08-16
04计划,paper,"""project milestone"" schedule baseline",title_abstract_not_on_topic,10.62225/2583049x.2024.4.1.5344,2026-08-16
04计划,paper,"""project milestone"" schedule baseline",title_abstract_not_on_topic,10.1186/s12998-025-00576-1,2026-08-16
04计划,paper,"""project milestone"" schedule baseline",title_abstract_not_on_topic,10.36740/merkur202306109,2026-08-16
04计划,paper,"""project milestone"" schedule baseline",title_abstract_not_on_topic,10.54254/2755-2721/2025.19488,2026-08-16
04计划,paper,"""project milestone"" schedule baseline",title_abstract_not_on_topic,10.20944/preprints202601.1778.v1,2026-08-16
04计划,paper,"""project milestone"" schedule baseline",title_abstract_not_on_topic,10.26689/jwa.v9i4.11836,2026-08-16
04计划,paper,"""project milestone"" schedule baseline",title_abstract_not_on_topic,10.56472/25835238/irjems-v4i4p119,2026-08-16
04计划,paper,"""project milestone"" schedule baseline",title_abstract_not_on_topic,10.31449/inf.v49i23.11452,2026-08-16
04计划,paper,"""design structure matrix"" project dependency",title_abstract_not_on_topic,10.1038/s41598-024-77601-5,2026-08-16
04计划,paper,"""design structure matrix"" project dependency",title_abstract_not_on_topic,10.5194/wes-9-141-2024,2026-08-16
04计划,paper,"""design structure matrix"" project dependency",title_abstract_not_on_topic,10.1002/sdr.1764,2026-08-16
04计划,paper,"""design structure matrix"" project dependency",title_abstract_not_on_topic,10.1080/09544828.2025.2489641,2026-08-16
04计划,paper,"""design structure matrix"" project dependency",title_abstract_not_on_topic,10.3390/su16198594,2026-08-16
04计划,paper,"""design structure matrix"" project dependency",title_abstract_not_on_topic,10.1016/j.plas.2024.100134,2026-08-16
04计划,paper,"""design structure matrix"" project dependency",title_abstract_not_on_topic,10.3390/buildings15020280,2026-08-16
04计划,paper,"""design structure matrix"" project dependency",title_abstract_not_on_topic,10.1038/s41598-025-23817-y,2026-08-16
04计划,paper,"""design structure matrix"" project dependency",title_abstract_not_on_topic,10.1016/j.fusengdes.2024.114571,2026-08-16
04计划,paper,"""design structure matrix"" project dependency",title_abstract_not_on_topic,10.3390/pr13010160,2026-08-16
04计划,paper,"""design structure matrix"" project dependency",title_abstract_not_on_topic,10.48550/arxiv.2311.04643,2026-08-16
04计划,paper,"""design structure matrix"" project dependency",title_abstract_not_on_topic,10.20944/preprints202401.0968.v1,2026-08-16
04计划,paper,"""design structure matrix"" project dependency",title_abstract_not_on_topic,10.1007/s11301-024-00418-z,2026-08-16
04计划,paper,"""design structure matrix"" project dependency",title_abstract_not_on_topic,10.2139/ssrn.5239909,2026-08-16
04计划,paper,"""design structure matrix"" project dependency",title_abstract_not_on_topic,10.1007/s12567-026-00713-3,2026-08-16
04计划,paper,"""design structure matrix"" project dependency",title_abstract_not_on_topic,10.6084/m9.figshare.33141521.v1,2026-08-16
04计划,paper,"""design structure matrix"" project dependency",title_abstract_not_on_topic,10.6084/m9.figshare.33141521,2026-08-16
04计划,paper,"""design structure matrix"" project dependency",title_abstract_not_on_topic,10.5281/zenodo.19661859,2026-08-16
04计划,paper,"""design structure matrix"" project dependency",title_abstract_not_on_topic,10.5281/zenodo.19661858,2026-08-16
04计划,paper,"""design structure matrix"" project dependency",title_abstract_not_on_topic,10.3390/buildings15122020,2026-08-16
04计划,paper,"""design structure matrix"" project dependency",title_abstract_not_on_topic,10.3390/buildings14010259,2026-08-16
04计划,paper,"""design structure matrix"" project dependency",title_abstract_not_on_topic,10.1002/adsr.202300113,2026-08-16
04计划,paper,"""design structure matrix"" project dependency",title_abstract_not_on_topic,10.37385/jaets.v7i2.9232,2026-08-16
04计划,paper,"""design structure matrix"" project dependency",title_abstract_not_on_topic,10.1002/joom.1280,2026-08-16
04计划,paper,"""design structure matrix"" project dependency",title_abstract_not_on_topic,10.59543/comdem.v3i.18328,2026-08-16
04计划,paper,"""design structure matrix"" project dependency",title_abstract_not_on_topic,10.1146/annurev-control-061423-101708,2026-08-16
04计划,paper,"""design structure matrix"" project dependency",title_abstract_not_on_topic,10.1109/jsyst.2024.3387064,2026-08-16
04计划,paper,"""design structure matrix"" project dependency",title_abstract_not_on_topic,10.53022/oarjet.2026.10.2.0051,2026-08-16
04计划,paper,"""design structure matrix"" project dependency",title_abstract_not_on_topic,10.1007/s00163-023-00426-2,2026-08-16
04计划,paper,"""design structure matrix"" project dependency",title_abstract_not_on_topic,Semantic-Enhanced Automatic Refinement of Architecture Recovery Results Using LLMs,2026-08-16
04计划,paper,"""design structure matrix"" project dependency",title_abstract_not_on_topic,10.34140/bjbv7n1-007,2026-08-16
04计划,paper,"""design structure matrix"" project dependency",title_abstract_not_on_topic,10.3389/fmech.2024.1178501,2026-08-16
04计划,paper,"""design structure matrix"" project dependency",title_abstract_not_on_topic,10.3390/aerospace11030193,2026-08-16
04计划,paper,"""design structure matrix"" project dependency",title_abstract_not_on_topic,GENAI WORKBENCH: AI-Assisted Analysis and Synthesis of Engineering Systems from Multimodal Engineering Data,2026-08-16
04计划,paper,"""design structure matrix"" project dependency",title_abstract_not_on_topic,10.1038/s41598-025-17689-5,2026-08-16
04计划,paper,"""design structure matrix"" project dependency",title_abstract_not_on_topic,10.1002/joom.1352,2026-08-16
04计划,paper,"""design structure matrix"" project dependency",title_abstract_not_on_topic,10.55041/ijsrem33903,2026-08-16
04计划,paper,"""design structure matrix"" project dependency",title_abstract_not_on_topic,10.3390/en16207070,2026-08-16
04计划,paper,"""design structure matrix"" project dependency",title_abstract_not_on_topic,10.1016/j.jobe.2024.111413,2026-08-16
04计划,paper,"""design structure matrix"" project dependency",title_abstract_not_on_topic,10.3991/ijim.v19i16.57605,2026-08-16
04计划,paper,"""design structure matrix"" project dependency",title_abstract_not_on_topic,10.1016/j.rser.2026.117305,2026-08-16
04计划,paper,"""design structure matrix"" project dependency",title_abstract_not_on_topic,10.1016/j.ijproman.2024.102634,2026-08-16
04计划,paper,"""design structure matrix"" project dependency",title_abstract_not_on_topic,10.1017/dsj.2024.30,2026-08-16
04计划,paper,"""design structure matrix"" project dependency",title_abstract_not_on_topic,10.1016/j.trip.2026.101880,2026-08-16
04计划,paper,"""design structure matrix"" project dependency",title_abstract_not_on_topic,10.1177/87569728241248033,2026-08-16
04计划,paper,"""design structure matrix"" project dependency",title_abstract_not_on_topic,10.1017/dsj.2024.5,2026-08-16
04计划,paper,"""design structure matrix"" project dependency",title_abstract_not_on_topic,10.3390/systems12010018,2026-08-16
04计划,paper,"""design structure matrix"" project dependency",title_abstract_not_on_topic,10.3390/aerospace11090702,2026-08-16
04计划,paper,"""design structure matrix"" project dependency",title_abstract_not_on_topic,10.1016/j.ymssp.2024.111459,2026-08-16
04计划,paper,"""design structure matrix"" project dependency",title_abstract_not_on_topic,10.1007/s11740-024-01307-w,2026-08-16
04计划,paper,"""design structure matrix"" project dependency",title_abstract_not_on_topic,10.21203/rs.3.rs-10496293/v1,2026-08-16
04计划,paper,"""design structure matrix"" project dependency",title_abstract_not_on_topic,10.1080/09544828.2024.2318991,2026-08-16
04计划,paper,"""design structure matrix"" project dependency",title_abstract_not_on_topic,10.3390/systems14050477,2026-08-16
04计划,paper,"""design structure matrix"" project dependency",title_abstract_not_on_topic,10.1007/s43069-025-00453-w,2026-08-16
04计划,paper,"""design structure matrix"" project dependency",title_abstract_not_on_topic,10.1007/s41469-023-00161-x,2026-08-16
04计划,paper,"""design structure matrix"" project dependency",title_abstract_not_on_topic,10.1111/risa.14253,2026-08-16
04计划,paper,"""design structure matrix"" project dependency",title_abstract_not_on_topic,10.3390/pr12010022,2026-08-16
04计划,paper,"""design structure matrix"" project dependency",title_abstract_not_on_topic,10.1007/s00163-024-00439-5,2026-08-16
04计划,paper,"""design structure matrix"" project dependency",title_abstract_not_on_topic,10.1007/s00603-025-04744-w,2026-08-16
04计划,paper,"""design structure matrix"" project dependency",title_abstract_not_on_topic,10.1002/sys.21796,2026-08-16
04计划,paper,"""design structure matrix"" project dependency",title_abstract_not_on_topic,10.56042/jsir.v82i12.289,2026-08-16
04计划,paper,"""design structure matrix"" project dependency",title_abstract_not_on_topic,10.1007/s11740-023-01248-w,2026-08-16
04计划,paper,"""design structure matrix"" project dependency",title_abstract_not_on_topic,10.23977/jemm.2025.100205,2026-08-16
04计划,paper,"""design structure matrix"" project dependency",title_abstract_not_on_topic,10.1108/ecam-07-2022-0669,2026-08-16
04计划,paper,"""design structure matrix"" project dependency",title_abstract_not_on_topic,10.1017/dsj.2024.21,2026-08-16
04计划,paper,"""design structure matrix"" project dependency",title_abstract_not_on_topic,10.1002/sys.21772,2026-08-16
04计划,paper,"""design structure matrix"" project dependency",title_abstract_not_on_topic,10.5194/wes-10-695-2025,2026-08-16
04计划,paper,"""design structure matrix"" project dependency",title_abstract_not_on_topic,10.3390/math12111745,2026-08-16
04计划,paper,"""design structure matrix"" project dependency",title_abstract_not_on_topic,10.3390/su151914422,2026-08-16
04计划,paper,"""design structure matrix"" project dependency",title_abstract_not_on_topic,10.1016/j.clscn.2023.100123,2026-08-16
04计划,paper,"""design structure matrix"" project dependency",title_abstract_not_on_topic,10.3390/aerospace12050389,2026-08-16
04计划,paper,"""design structure matrix"" project dependency",title_abstract_not_on_topic,10.1080/09544828.2023.2259741,2026-08-16
04计划,paper,"""design structure matrix"" project dependency",title_abstract_not_on_topic,10.1093/jcde/qwae112,2026-08-16
04计划,paper,"""design structure matrix"" project dependency",title_abstract_not_on_topic,10.22581/muet1982.3202,2026-08-16
04计划,paper,"""design structure matrix"" project dependency",title_abstract_not_on_topic,10.3390/app15041998,2026-08-16
04计划,paper,"""design structure matrix"" project dependency",title_abstract_not_on_topic,10.7717/peerj-cs.1597,2026-08-16
04计划,paper,"""design structure matrix"" project dependency",title_abstract_not_on_topic,10.1080/09544828.2023.2273248,2026-08-16
04计划,paper,"""design structure matrix"" project dependency",title_abstract_not_on_topic,10.1017/dsj.2024.48,2026-08-16
04计划,paper,"""design structure matrix"" project dependency",title_abstract_not_on_topic,10.31026/j.eng.2023.08.06,2026-08-16
04计划,paper,"""design structure matrix"" project dependency",title_abstract_not_on_topic,10.3390/su16156385,2026-08-16
04计划,paper,"""design structure matrix"" project dependency",title_abstract_not_on_topic,10.3390/buildings14092921,2026-08-16
04计划,paper,"""design structure matrix"" project dependency",title_abstract_not_on_topic,10.1007/s10626-024-00403-4,2026-08-16
04计划,paper,"""design structure matrix"" project dependency",title_abstract_not_on_topic,10.3390/jcs8030109,2026-08-16
04计划,paper,"""design structure matrix"" project dependency",title_abstract_not_on_topic,10.1017/dsj.2025.9,2026-08-16
04计划,paper,"""design structure matrix"" project dependency",title_abstract_not_on_topic,10.1016/j.eswa.2025.130172,2026-08-16
04计划,paper,"""design structure matrix"" project dependency",title_abstract_not_on_topic,10.1016/j.mechatronics.2024.103236,2026-08-16
04计划,paper,"""design structure matrix"" project dependency",title_abstract_not_on_topic,10.5194/wes-9-2283-2024,2026-08-16
04计划,paper,"""design structure matrix"" project dependency",title_abstract_not_on_topic,10.1109/tem.2024.3463179,2026-08-16
04计划,paper,"""design structure matrix"" project dependency",title_abstract_not_on_topic,10.22399/ijcesen.3818,2026-08-16
04计划,paper,"""activity dependency"" project schedule",title_abstract_not_on_topic,10.3390/buildings14040934,2026-08-16
04计划,paper,"""activity dependency"" project schedule",title_abstract_not_on_topic,10.20944/preprints202402.0139.v1,2026-08-16
04计划,paper,"""activity dependency"" project schedule",title_abstract_not_on_topic,10.24200/sci.2023.59493.6275,2026-08-16
04计划,paper,"""activity dependency"" project schedule",title_abstract_not_on_topic,10.1007/s10951-025-00857-w,2026-08-16
04计划,paper,"""activity dependency"" project schedule",title_abstract_not_on_topic,10.3390/buildings15030393,2026-08-16
04计划,paper,"""activity dependency"" project schedule",title_abstract_not_on_topic,10.1038/s41598-025-02837-8,2026-08-16
04计划,paper,"""activity dependency"" project schedule",title_abstract_not_on_topic,10.37934/araset.34.2.3049,2026-08-16
04计划,paper,"""activity dependency"" project schedule",title_abstract_not_on_topic,10.3390/buildings13102569,2026-08-16
04计划,paper,"""activity dependency"" project schedule",title_abstract_not_on_topic,10.1155/adce/7915818,2026-08-16
04计划,paper,"""activity dependency"" project schedule",title_abstract_not_on_topic,10.48550/arxiv.2312.12906,2026-08-16
04计划,paper,"""activity dependency"" project schedule",title_abstract_not_on_topic,10.31893/multiscience.2026362,2026-08-16
04计划,paper,"""activity dependency"" project schedule",title_abstract_not_on_topic,10.32497/bangunrekaprima.v11i2.7224,2026-08-16
04计划,paper,"""activity dependency"" project schedule",title_abstract_not_on_topic,10.63125/qrs97v10,2026-08-16
04计划,paper,"""activity dependency"" project schedule",title_abstract_not_on_topic,10.63125/t5h1bc22,2026-08-16
04计划,paper,"""activity dependency"" project schedule",title_abstract_not_on_topic,10.3934/jimo.2026054,2026-08-16
04计划,paper,"""activity dependency"" project schedule",title_abstract_not_on_topic,10.25258/ijddt.16.55s.12,2026-08-16
04计划,paper,"""activity dependency"" project schedule",title_abstract_not_on_topic,10.55324/josr.v4i9.2761,2026-08-16
04计划,paper,"""activity dependency"" project schedule",title_abstract_not_on_topic,10.59141/jrssem.v5i12.1528,2026-08-16
04计划,paper,"""activity dependency"" project schedule",title_abstract_not_on_topic,10.56238/isevmjv3n6-016,2026-08-16
04计划,paper,"""activity dependency"" project schedule",title_abstract_not_on_topic,10.1111/mice.70140,2026-08-16
04计划,paper,"""activity dependency"" project schedule",title_abstract_not_on_topic,10.47772/ijriss.2026.100601251,2026-08-16
04计划,paper,"""activity dependency"" project schedule",title_abstract_not_on_topic,10.2139/ssrn.7075427,2026-08-16
04计划,paper,"""activity dependency"" project schedule",title_abstract_not_on_topic,10.1111/itor.70064,2026-08-16
04计划,paper,"""activity dependency"" project schedule",title_abstract_not_on_topic,10.1016/j.cosrev.2024.100655,2026-08-16
04计划,paper,"""activity dependency"" project schedule",title_abstract_not_on_topic,10.1016/j.enbuild.2024.114639,2026-08-16
04计划,paper,"""activity dependency"" project schedule",title_abstract_not_on_topic,10.55524/ijircst.2025.13.4.9,2026-08-16
04计划,paper,"""activity dependency"" project schedule",title_abstract_not_on_topic,10.1016/j.rcim.2025.103043,2026-08-16
04计划,paper,"""activity dependency"" project schedule",title_abstract_not_on_topic,10.3390/computers13120331,2026-08-16
04计划,paper,"""activity dependency"" project schedule",title_abstract_not_on_topic,10.31449/inf.v49i23.7716,2026-08-16
04计划,paper,"""activity dependency"" project schedule",title_abstract_not_on_topic,10.56294/sctconf2024677,2026-08-16
04计划,paper,"""activity dependency"" project schedule",title_abstract_not_on_topic,10.1017/pds.2024.264,2026-08-16
04计划,paper,"""activity dependency"" project schedule",title_abstract_not_on_topic,10.3390/systems11090468,2026-08-16
04计划,paper,"""activity dependency"" project schedule",title_abstract_not_on_topic,10.48550/arxiv.2410.03788,2026-08-16
04计划,paper,"""activity dependency"" project schedule",title_abstract_not_on_topic,10.3390/su162310729,2026-08-16
04计划,paper,"""activity dependency"" project schedule",title_abstract_not_on_topic,10.1007/s11213-025-09716-3,2026-08-16
04计划,paper,"""activity dependency"" project schedule",title_abstract_not_on_topic,10.20944/preprints202506.0877.v1,2026-08-16
04计划,paper,"""activity dependency"" project schedule",title_abstract_not_on_topic,10.3390/e27070686,2026-08-16
04计划,paper,"""activity dependency"" project schedule",title_abstract_not_on_topic,10.1145/3771727,2026-08-16
04计划,paper,"""activity dependency"" project schedule",title_abstract_not_on_topic,10.1111/bcpt.14112,2026-08-16
04计划,paper,"""activity dependency"" project schedule",title_abstract_not_on_topic,10.9734/ajaees/2025/v43i82804,2026-08-16
04计划,paper,"""activity dependency"" project schedule",title_abstract_not_on_topic,10.62225/2583049x.2026.6.3.6220,2026-08-16
04计划,paper,"""activity dependency"" project schedule",title_abstract_not_on_topic,10.55041/ijcope.v2i7.172,2026-08-16
04计划,paper,"""activity dependency"" project schedule",title_abstract_not_on_topic,10.25258/ijddt.16.67s.184,2026-08-16
04计划,paper,"""activity dependency"" project schedule",title_abstract_not_on_topic,10.55248/gengpi.6.0525.2024,2026-08-16
04计划,paper,"""activity dependency"" project schedule",title_abstract_not_on_topic,10.3390/computers15040227,2026-08-16
04计划,paper,"""activity dependency"" project schedule",title_abstract_not_on_topic,AI for Business Agility: Impact on Development Teams and Projects Delivery,2026-08-16
04计划,paper,"""activity dependency"" project schedule",title_abstract_not_on_topic,10.14419/ijet.v7i3.20.22962,2026-08-16
04计划,paper,"""activity dependency"" project schedule",title_abstract_not_on_topic,10.31224/4770,2026-08-16
04计划,paper,"""activity dependency"" project schedule",title_abstract_not_on_topic,10.56911/jik.v5i1.232,2026-08-16
04计划,paper,"""activity dependency"" project schedule",title_abstract_not_on_topic,10.48550/arxiv.2408.14791,2026-08-16
04计划,paper,"""activity dependency"" project schedule",title_abstract_not_on_topic,10.11591/ijeecs.v39.i3.pp1652-1660,2026-08-16
04计划,paper,"""activity dependency"" project schedule",title_abstract_not_on_topic,10.21203/rs.3.rs-9467279/v1,2026-08-16
04计划,paper,"""activity dependency"" project schedule",title_abstract_not_on_topic,10.47119/ijrp1001991620269500,2026-08-16
04计划,paper,"""activity dependency"" project schedule",title_abstract_not_on_topic,pMeta-BPMN based on probability theory,2026-08-16
04计划,paper,"""activity dependency"" project schedule",title_abstract_not_on_topic,10.20944/preprints202506.0877.v2,2026-08-16
04计划,paper,"""activity dependency"" project schedule",title_abstract_not_on_topic,10.3389/fdgth.2026.1745662,2026-08-16
04计划,paper,"""activity dependency"" project schedule",title_abstract_not_on_topic,10.21608/mnj.2025.343834.1470,2026-08-16
04计划,paper,"""activity dependency"" project schedule",title_abstract_not_on_topic,10.21203/rs.3.rs-6786102/v1,2026-08-16
04计划,paper,"""activity dependency"" project schedule",title_abstract_not_on_topic,10.3390/admsci15110436,2026-08-16
04计划,paper,"""activity dependency"" project schedule",title_abstract_not_on_topic,Cultural asset mapping as a foundation for developing a Grand Council Treaty #3-led Ecotourism Strategy,2026-08-16
04计划,paper,"""activity dependency"" project schedule",title_abstract_not_on_topic,10.48550/arxiv.2509.14536,2026-08-16
04计划,paper,"""activity dependency"" project schedule",title_abstract_not_on_topic,10.34140/bjbv7n1-007,2026-08-16
04计划,paper,"""activity dependency"" project schedule",title_abstract_not_on_topic,10.48550/arxiv.2501.10543,2026-08-16
04计划,paper,"""activity dependency"" project schedule",title_abstract_not_on_topic,10.70924/uv4px7jt/8tgjulob,2026-08-16
04计划,paper,"""activity dependency"" project schedule",title_abstract_not_on_topic,“Mange bekker små”: Scaling up Norwegian SMEs’ Actions Towards Nature and Biodiversity,2026-08-16
04计划,paper,"""activity dependency"" project schedule",title_abstract_not_on_topic,10.48550/arxiv.2405.16396,2026-08-16
04计划,paper,"""critical path method"" project schedule baseline",title_abstract_not_on_topic,10.3390/buildings15173004,2026-08-16
04计划,paper,"""critical path method"" project schedule baseline",title_abstract_not_on_topic,10.1108/sasbe-11-2024-0488,2026-08-16
04计划,paper,"""critical path method"" project schedule baseline",title_abstract_not_on_topic,10.1016/j.dibe.2023.100300,2026-08-16
04计划,paper,"""critical path method"" project schedule baseline",title_abstract_not_on_topic,10.36676/irt.v10.i2.1481,2026-08-16
04计划,paper,"""critical path method"" project schedule baseline",title_abstract_not_on_topic,10.3390/su16020476,2026-08-16
04计划,paper,"""critical path method"" project schedule baseline",title_abstract_not_on_topic,10.69739/sjet.v2i1.314,2026-08-16
04计划,paper,"""critical path method"" project schedule baseline",title_abstract_not_on_topic,10.1080/13467581.2025.2486744,2026-08-16
04计划,paper,"""critical path method"" project schedule baseline",title_abstract_not_on_topic,10.1108/sasbe-10-2025-0616,2026-08-16
04计划,paper,"""critical path method"" project schedule baseline",title_abstract_not_on_topic,10.38124/ijisrt/25dec914,2026-08-16
04计划,paper,"""critical path method"" project schedule baseline",title_abstract_not_on_topic,10.1038/s41598-026-42832-1,2026-08-16
04计划,paper,"""critical path method"" project schedule baseline",title_abstract_not_on_topic,10.1111/itor.70064,2026-08-16
04计划,paper,"""critical path method"" project schedule baseline",title_abstract_not_on_topic,10.31449/inf.v50i8.10536,2026-08-16
04计划,paper,"""critical path method"" project schedule baseline",title_abstract_not_on_topic,10.24014/jti.v11i1.37009,2026-08-16
04计划,paper,"""critical path method"" project schedule baseline",title_abstract_not_on_topic,10.37745/ijpger.17v9n1127,2026-08-16
04计划,paper,"""critical path method"" project schedule baseline",title_abstract_not_on_topic,10.9770/jesi.2023.11.1(20),2026-08-16
04计划,paper,"""critical path method"" project schedule baseline",title_abstract_not_on_topic,10.3390/buildings13092379,2026-08-16
04计划,paper,"""critical path method"" project schedule baseline",title_abstract_not_on_topic,10.1061/jladah.ladr-897,2026-08-16
04计划,paper,"""critical path method"" project schedule baseline",title_abstract_not_on_topic,10.3390/buildings13112890,2026-08-16
04计划,paper,"""critical path method"" project schedule baseline",title_abstract_not_on_topic,10.1080/21693277.2024.2319574,2026-08-16
04计划,paper,"""critical path method"" project schedule baseline",title_abstract_not_on_topic,10.54660/.ijmrge.2025.6.6.1434-1451,2026-08-16
04计划,paper,"""critical path method"" project schedule baseline",title_abstract_not_on_topic,10.23917/jkk.v5i1.967,2026-08-16
04计划,paper,"""critical path method"" project schedule baseline",title_abstract_not_on_topic,10.24200/sci.2023.59493.6275,2026-08-16
04计划,paper,"""critical path method"" project schedule baseline",title_abstract_not_on_topic,When Parallelism Pays Off: Cohesion-Aware Task Partitioning for Multi-Agent Coding,2026-08-16
04计划,paper,"""critical path method"" project schedule baseline",title_abstract_not_on_topic,Optimizing Task Completion Time Updates Using POMDPs,2026-08-16
04计划,paper,"""critical path method"" project schedule baseline",title_abstract_not_on_topic,10.2507/ijsimm23-1-667,2026-08-16
04计划,paper,"""critical path method"" project schedule baseline",title_abstract_not_on_topic,10.37610/dyo.v0i82.662,2026-08-16
04计划,paper,"""critical path method"" project schedule baseline",title_abstract_not_on_topic,10.18282/hrms4399,2026-08-16
04计划,paper,"""critical path method"" project schedule baseline",title_abstract_not_on_topic,10.36680/j.itcon.2024.011,2026-08-16
04计划,paper,"""critical path method"" project schedule baseline",title_abstract_not_on_topic,10.21076/vizyoner.1332082,2026-08-16
04计划,paper,"""critical path method"" project schedule baseline",title_abstract_not_on_topic,10.1080/01446193.2023.2270080,2026-08-16
04计划,paper,"""critical path method"" project schedule baseline",title_abstract_not_on_topic,10.3390/info14120632,2026-08-16
04计划,paper,"""critical path method"" project schedule baseline",title_abstract_not_on_topic,10.1016/j.heliyon.2025.e41741,2026-08-16
04计划,paper,"""critical path method"" project schedule baseline",title_abstract_not_on_topic,10.1007/s44290-024-00158-9,2026-08-16
04计划,paper,"""critical path method"" project schedule baseline",title_abstract_not_on_topic,10.30574/gscarr.2023.17.3.0467,2026-08-16
04计划,paper,"""critical path method"" project schedule baseline",title_abstract_not_on_topic,10.3390/su16209042,2026-08-16
04计划,paper,"""critical path method"" project schedule baseline",title_abstract_not_on_topic,10.1016/j.autcon.2025.106550,2026-08-16
04计划,paper,"""critical path method"" project schedule baseline",title_abstract_not_on_topic,10.2139/ssrn.6588119,2026-08-16
04计划,paper,"""critical path method"" project schedule baseline",title_abstract_not_on_topic,10.1007/s10479-025-06668-8,2026-08-16
04计划,paper,"""critical path method"" project schedule baseline",title_abstract_not_on_topic,10.1007/s44290-025-00193-0,2026-08-16
04计划,paper,"""critical path method"" project schedule baseline",title_abstract_not_on_topic,10.31796/ogummf.1718264,2026-08-16
04计划,paper,"""critical path method"" project schedule baseline",title_abstract_not_on_topic,10.3390/infrastructures9040075,2026-08-16
04计划,paper,"""critical path method"" project schedule baseline",title_abstract_not_on_topic,10.36680/j.itcon.2025.031,2026-08-16
04计划,paper,"""critical chain project management"" buffer",title_abstract_not_on_topic,10.1299/jamdsm.2024jamdsm0085,2026-08-16
04计划,paper,"""critical chain project management"" buffer",title_abstract_not_on_topic,10.3846/jcem.2024.20809,2026-08-16
04计划,paper,"""critical chain project management"" buffer",title_abstract_not_on_topic,10.2139/ssrn.5402481,2026-08-16
04计划,paper,"""critical chain project management"" buffer",title_abstract_not_on_topic,10.1080/09537287.2024.2349231,2026-08-16
04计划,paper,"""critical chain project management"" buffer",title_abstract_not_on_topic,10.1061/jladah.ladr-897,2026-08-16
04计划,paper,"""critical chain project management"" buffer",title_abstract_not_on_topic,10.1007/s12063-023-00431-7,2026-08-16
04计划,paper,"""critical chain project management"" buffer",title_abstract_not_on_topic,10.1016/j.dibe.2024.100524,2026-08-16
04计划,paper,"""critical chain project management"" buffer",title_abstract_not_on_topic,10.1038/s41598-025-12779-w,2026-08-16
04计划,paper,"""critical chain project management"" buffer",title_abstract_not_on_topic,10.36680/j.itcon.2024.053,2026-08-16
04计划,paper,"""critical chain project management"" buffer",title_abstract_not_on_topic,10.64599/hvnw6139,2026-08-16
04计划,paper,"""critical chain project management"" buffer",title_abstract_not_on_topic,10.47456/bjpe.v9i4.42244,2026-08-16
04计划,paper,"""critical chain project management"" buffer",title_abstract_not_on_topic,10.1590/0103-6513.20250032,2026-08-16
04计划,paper,"""critical chain project management"" buffer",title_abstract_not_on_topic,10.22337/2073-8412-2025-2-77-82,2026-08-16
04计划,paper,"""critical chain project management"" buffer",title_abstract_not_on_topic,10.1080/00207543.2024.2359044,2026-08-16
04计划,paper,"""critical chain project management"" buffer",title_abstract_not_on_topic,10.29173/mocs315,2026-08-16
04计划,paper,"""critical chain project management"" buffer",title_abstract_not_on_topic,10.55677/gjefr/10-2025-vol02e12,2026-08-16
04计划,paper,"""critical chain project management"" buffer",title_abstract_not_on_topic,10.7769/gesec.v14i9.2720,2026-08-16
04计划,paper,"""critical chain project management"" buffer",title_abstract_not_on_topic,10.28948/ngumuh.1315857,2026-08-16
04计划,paper,"""critical chain project management"" buffer",title_abstract_not_on_topic,10.1016/j.ijproman.2024.102563,2026-08-16
04计划,paper,"""critical chain project management"" buffer",title_abstract_not_on_topic,10.26552/tac.c.2023.2.2,2026-08-16
04计划,paper,"""critical chain project management"" buffer",title_abstract_not_on_topic,10.58192/ocean.v2i3.1184,2026-08-16
04计划,paper,"""critical chain project management"" buffer",title_abstract_not_on_topic,10.2478/amns.2023.2.00299,2026-08-16
04计划,paper,"""critical chain project management"" buffer",title_abstract_not_on_topic,10.28926/briliant.v11i2.2348,2026-08-16
04计划,paper,"""critical chain project management"" buffer",title_abstract_not_on_topic,10.15675/gepros.3002,2026-08-16
04计划,paper,"""critical chain project management"" buffer",title_abstract_not_on_topic,10.71364/ijte.v1i2.11,2026-08-16
04计划,paper,"""critical chain project management"" buffer",title_abstract_not_on_topic,10.3390/businesses4040031,2026-08-16
04计划,paper,"""critical chain project management"" buffer",title_abstract_not_on_topic,10.36676/irt.v10.i2.1481,2026-08-16
04计划,paper,"""critical chain project management"" buffer",title_abstract_not_on_topic,10.30811/portal.v17i2.8590,2026-08-16
04计划,paper,"""critical chain project management"" buffer",title_abstract_not_on_topic,10.59188/eduvest.v6i1.52348,2026-08-16
04计划,paper,"""critical chain project management"" buffer",title_abstract_not_on_topic,10.15276/eltecs.44.120.2025.2,2026-08-16
04计划,paper,"""critical chain project management"" buffer",title_abstract_not_on_topic,10.55041/ijcope.v2i7.172,2026-08-16
04计划,paper,"""critical chain project management"" buffer",title_abstract_not_on_topic,10.31224/4920,2026-08-16
04计划,paper,"""critical chain project management"" buffer",title_abstract_not_on_topic,10.32832/komposit.v9i1.16135,2026-08-16
04计划,paper,"""critical chain project management"" buffer",title_abstract_not_on_topic,10.21608/jces.2024.391259,2026-08-16
04计划,paper,"""critical chain project management"" buffer",title_abstract_not_on_topic,10.62225/2583049x.2026.6.1.5591,2026-08-16
04计划,paper,"""critical chain project management"" buffer",title_abstract_not_on_topic,10.55248/gengpi.6.0625.21101,2026-08-16
04计划,paper,"""critical chain project management"" buffer",title_abstract_not_on_topic,10.22452/jpmp.vol6no1.4,2026-08-16
04计划,paper,"""critical chain project management"" buffer",title_abstract_not_on_topic,10.70917/ijcisim-2026-0020,2026-08-16
04计划,paper,"""critical chain project management"" buffer",title_abstract_not_on_topic,10.30574/ijsra.2025.14.1.2657,2026-08-16
04计划,paper,"""critical chain project management"" buffer",title_abstract_not_on_topic,10.22158/ibes.v6n2p274,2026-08-16
04计划,paper,"""critical chain project management"" buffer",title_abstract_not_on_topic,10.58257/ijprems53412,2026-08-16
04计划,paper,"""critical chain project management"" buffer",title_abstract_not_on_topic,10.70393/6a6574626d.333937,2026-08-16
04计划,paper,"""critical chain project management"" buffer",title_abstract_not_on_topic,10.51343/revtrascender.v3i1.1657,2026-08-16
04计划,paper,"""critical chain project management"" buffer",title_abstract_not_on_topic,10.63125/5v6t8515,2026-08-16
04计划,paper,"""critical chain project management"" buffer",title_abstract_not_on_topic,10.54660/.ijmrge.2025.6.6.1434-1451,2026-08-16
04计划,paper,"""critical chain project management"" buffer",title_abstract_not_on_topic,10.63125/kcvqee28,2026-08-16
04计划,paper,"""critical chain project management"" buffer",title_abstract_not_on_topic,10.22159/ijap.2026v18i1.53438,2026-08-16
04计划,paper,"""last planner system"" lookahead planning",title_abstract_not_on_topic,10.60164/wxshl6tcv,2026-08-16
04计划,paper,"""last planner system"" lookahead planning",title_abstract_not_on_topic,10.21009/jpensil.v14i2.54389,2026-08-16
04计划,paper,"""last planner system"" lookahead planning",title_abstract_not_on_topic,10.3390/buildings15132349,2026-08-16
04计划,paper,"""last planner system"" lookahead planning",title_abstract_not_on_topic,10.20944/preprints202310.0201.v1,2026-08-16
04计划,paper,"""last planner system"" lookahead planning",title_abstract_not_on_topic,10.3989/ic.6452,2026-08-16
04计划,paper,"""last planner system"" lookahead planning",title_abstract_not_on_topic,10.56048/mqr20225.7.4.2023.2164-2197,2026-08-16
04计划,paper,"""last planner system"" lookahead planning",title_abstract_not_on_topic,10.48550/arxiv.2311.18361,2026-08-16
04计划,paper,"""last planner system"" lookahead planning",title_abstract_not_on_topic,10.3390/buildings13092379,2026-08-16
04计划,paper,"""last planner system"" lookahead planning",title_abstract_not_on_topic,10.1108/sasbe-12-2023-0379,2026-08-16
04计划,paper,"""last planner system"" lookahead planning",title_abstract_not_on_topic,10.31284/j.iptek.2024.v28i2.5924,2026-08-16
04计划,paper,"""last planner system"" lookahead planning",title_abstract_not_on_topic,10.59141/jiss.v7i5.2338,2026-08-16
04计划,paper,"""last planner system"" lookahead planning",title_abstract_not_on_topic,10.30996/jspts.v5i2.12066,2026-08-16
04计划,paper,"""last planner system"" lookahead planning",title_abstract_not_on_topic,10.1016/j.autcon.2023.105224,2026-08-16
04计划,paper,"""last planner system"" lookahead planning",title_abstract_not_on_topic,10.1016/j.autcon.2025.106066,2026-08-16
04计划,paper,"""last planner system"" lookahead planning",title_abstract_not_on_topic,10.37811/cl_rcm.v7i5.8400,2026-08-16
04计划,paper,"""last planner system"" lookahead planning",title_abstract_not_on_topic,10.1016/j.dibe.2024.100524,2026-08-16
04计划,paper,"""last planner system"" lookahead planning",title_abstract_not_on_topic,10.1080/01446193.2023.2270080,2026-08-16
04计划,paper,"""last planner system"" lookahead planning",title_abstract_not_on_topic,10.3390/su16051857,2026-08-16
04计划,paper,"""last planner system"" lookahead planning",title_abstract_not_on_topic,10.36680/j.itcon.2024.053,2026-08-16
04计划,paper,"""last planner system"" lookahead planning",title_abstract_not_on_topic,10.1061/jcemd4.coeng-14204,2026-08-16
04计划,paper,"""last planner system"" lookahead planning",title_abstract_not_on_topic,10.59188/eduvest.v6i1.52348,2026-08-16
04计划,paper,"""last planner system"" lookahead planning",title_abstract_not_on_topic,10.36680/j.itcon.2024.011,2026-08-16
04计划,paper,"""last planner system"" lookahead planning",title_abstract_not_on_topic,10.47820/recima21.v6i1.7031,2026-08-16
04计划,paper,"""last planner system"" lookahead planning",title_abstract_not_on_topic,10.30534/ijeter/2025/011392025,2026-08-16
04计划,paper,"""last planner system"" lookahead planning",title_abstract_not_on_topic,10.29173/ijic336,2026-08-16
04计划,paper,"""last planner system"" lookahead planning",title_abstract_not_on_topic,10.47861/jkpu-nalanda.v4i3.2352,2026-08-16
04计划,paper,"""last planner system"" lookahead planning",title_abstract_not_on_topic,10.1061/jcemd4.coeng-14166,2026-08-16
04计划,paper,"""last planner system"" lookahead planning",title_abstract_not_on_topic,10.3390/su151813809,2026-08-16
04计划,paper,"""last planner system"" lookahead planning",title_abstract_not_on_topic,10.3390/buildings15162976,2026-08-16
04计划,paper,"""last planner system"" lookahead planning",title_abstract_not_on_topic,10.26437/p70jga84,2026-08-16
04计划,paper,"""last planner system"" lookahead planning",title_abstract_not_on_topic,"Development of a scope, budget and time control model for public sector projects using Power Bi tools. Case Study: “Expansion and improvement of drinking water and sewage systems in sectors 346, 347, 348, 349, 350 and 351 - Collique District of Comas”.",2026-08-16
04计划,paper,"""last planner system"" lookahead planning",title_abstract_not_on_topic,Diseño de un sistema de producción basado en Project Production Management para reducir el impacto de la variabilidad en la construcción de la cisterna de agua de un proyecto de vivienda multifamiliar masiva,2026-08-16
04计划,paper,"""last planner system"" lookahead planning",title_abstract_not_on_topic,10.28926/briliant.v11i2.2348,2026-08-16
04计划,paper,"""last planner system"" lookahead planning",title_abstract_not_on_topic,10.36680/j.itcon.2025.049,2026-08-16
04计划,paper,"""last planner system"" lookahead planning",title_abstract_not_on_topic,10.1007/s10606-023-09479-2,2026-08-16
04计划,paper,"""last planner system"" lookahead planning",title_abstract_not_on_topic,10.5937/jaes0-51301,2026-08-16
04计划,paper,"""last planner system"" lookahead planning",title_abstract_not_on_topic,10.66563/a980ag02,2026-08-16
04计划,paper,"""last planner system"" lookahead planning",title_abstract_not_on_topic,10.33087/civronlit.v8i2.119,2026-08-16
04计划,paper,"""last planner system"" lookahead planning",title_abstract_not_on_topic,10.64388/irev10i1-1719715,2026-08-16
04计划,paper,"""last planner system"" lookahead planning",title_abstract_not_on_topic,10.32722/cmj.v6i2.5986,2026-08-16
04计划,paper,"""last planner system"" lookahead planning",title_abstract_not_on_topic,10.55681/armada.v4i7.3099,2026-08-16
04计划,paper,"""last planner system"" lookahead planning",title_abstract_not_on_topic,10.1061/jccee5.cpeng-6877,2026-08-16
04计划,paper,"""last planner system"" lookahead planning",title_abstract_not_on_topic,10.21744/irjmis.v12n3.2517,2026-08-16
04计划,paper,"""last planner system"" lookahead planning",title_abstract_not_on_topic,10.36676/irt.v10.i2.1481,2026-08-16
04计划,paper,"""last planner system"" lookahead planning",title_abstract_not_on_topic,10.25258/ijddt.16.67s.46,2026-08-16
04计划,paper,"""last planner system"" lookahead planning",title_abstract_not_on_topic,Enhancing the Efficiency of a Construction Company through the Application of Lean Construction and DMAIC in the Project Planning Process,2026-08-16
04计划,paper,"""last planner system"" lookahead planning",title_abstract_not_on_topic,10.11159/jffhmt.2025.048,2026-08-16
04计划,paper,"""last planner system"" lookahead planning",title_abstract_not_on_topic,Jogos didáticos : evolução de aplicação como técnica de ensino para a comunidade da Construção Enxuta,2026-08-16
04计划,paper,"""last planner system"" lookahead planning",title_abstract_not_on_topic,10.1590/s1678-86212024000100728,2026-08-16
04计划,paper,"""last planner system"" lookahead planning",title_abstract_not_on_topic,10.70208/3007.8245.v4.n2.43,2026-08-16
04计划,paper,"""last planner system"" lookahead planning",title_abstract_not_on_topic,Optimización de la productividad en el proyecto Paseo Grau aplicando la filosofía lean construction,2026-08-16
04计划,paper,"""last planner system"" lookahead planning",title_abstract_not_on_topic,10.35629/8193-10086574,2026-08-16
04计划,paper,"""last planner system"" lookahead planning",title_abstract_not_on_topic,10.54033/cadpedv22n10-135,2026-08-16
04计划,paper,"""last planner system"" lookahead planning",title_abstract_not_on_topic,10.70577/asce.v5i2.954,2026-08-16
04计划,paper,"""last planner system"" lookahead planning",title_abstract_not_on_topic,Bridging the Gap Between Agility and Planning,2026-08-16
04计划,paper,"""last planner system"" lookahead planning",title_abstract_not_on_topic,10.17159/2309-8775/2025/v67n3a6,2026-08-16
04计划,paper,"""last planner system"" lookahead planning",title_abstract_not_on_topic,10.63125/jce79s31,2026-08-16
04计划,paper,"""last planner system"" lookahead planning",title_abstract_not_on_topic,10.3846/jcem.2026.26156,2026-08-16
04计划,paper,"""last planner system"" lookahead planning",title_abstract_not_on_topic,10.37082/ijirmps.v13.i6.232880,2026-08-16
04计划,paper,"""last planner system"" lookahead planning",title_abstract_not_on_topic,10.47191/etj/v9i09.21,2026-08-16
04计划,paper,"""last planner system"" lookahead planning",title_abstract_not_on_topic,10.29367/issn.1809-3957.2023.10.214.112,2026-08-16
04计划,paper,"""last planner system"" lookahead planning",title_abstract_not_on_topic,10.29367/issn.1809-3957.2023.10.214.24,2026-08-16
04计划,paper,"""last planner system"" lookahead planning",title_abstract_not_on_topic,10.29367/issn.1809-3957.2023.10.214.30,2026-08-16
04计划,paper,"""last planner system"" lookahead planning",title_abstract_not_on_topic,10.29367/issn.1809-3957.2023.10.214.136,2026-08-16
04计划,paper,"""last planner system"" lookahead planning",title_abstract_not_on_topic,10.29367/issn.1809-3957.2023.10.214.16,2026-08-16
04计划,paper,"""last planner system"" lookahead planning",title_abstract_not_on_topic,10.29367/issn.1809-3957.2023.10.214.08,2026-08-16
04计划,paper,"""last planner system"" lookahead planning",title_abstract_not_on_topic,10.29367/issn.1809-3957.2023.10.214.90,2026-08-16
04计划,paper,"""last planner system"" lookahead planning",title_abstract_not_on_topic,10.29367/issn.1809-3957.2023.10.214.57,2026-08-16
04计划,paper,"""last planner system"" lookahead planning",title_abstract_not_on_topic,10.29367/issn.1809-3957.2023.10.214.82,2026-08-16
04计划,paper,"""last planner system"" lookahead planning",title_abstract_not_on_topic,10.29367/issn.1809-3957.2023.10.214.69,2026-08-16
04计划,paper,"""last planner system"" lookahead planning",title_abstract_not_on_topic,10.29367/issn.1809-3957.2023.10.214.46,2026-08-16
04计划,paper,"""last planner system"" lookahead planning",title_abstract_not_on_topic,10.29367/issn.1809-3957.2023.10.214.129,2026-08-16
04计划,paper,"""work breakdown structure"" deliverable oriented",title_abstract_not_on_topic,10.3390/buildings14113642,2026-08-16
04计划,paper,"""work breakdown structure"" deliverable oriented",title_abstract_not_on_topic,10.2139/ssrn.5295165,2026-08-16
04计划,paper,"""work breakdown structure"" deliverable oriented",title_abstract_not_on_topic,10.1016/j.jii.2023.100519,2026-08-16
04计划,paper,"""work breakdown structure"" deliverable oriented",title_abstract_not_on_topic,10.3390/app132312560,2026-08-16
04计划,paper,"""work breakdown structure"" deliverable oriented",title_abstract_not_on_topic,10.1016/j.pmatsci.2024.101307,2026-08-16
04计划,paper,"""work breakdown structure"" deliverable oriented",title_abstract_not_on_topic,10.3390/buildings14072238,2026-08-16
04计划,paper,"""work breakdown structure"" deliverable oriented",title_abstract_not_on_topic,10.1093/jcde/qwad100,2026-08-16
04计划,paper,"""work breakdown structure"" deliverable oriented",title_abstract_not_on_topic,10.1016/j.jss.2024.112063,2026-08-16
04计划,paper,"""work breakdown structure"" deliverable oriented",title_abstract_not_on_topic,10.3390/modelling6020035,2026-08-16
04计划,paper,"""work breakdown structure"" deliverable oriented",title_abstract_not_on_topic,10.1109/access.2024.3362229,2026-08-16
04计划,paper,"""work breakdown structure"" deliverable oriented",title_abstract_not_on_topic,10.1016/j.ijproman.2024.102634,2026-08-16
04计划,paper,"""work breakdown structure"" deliverable oriented",title_abstract_not_on_topic,10.3390/digital4040043,2026-08-16
04计划,paper,"""work breakdown structure"" deliverable oriented",title_abstract_not_on_topic,10.3390/jmse12040550,2026-08-16
04计划,paper,"""work breakdown structure"" deliverable oriented",title_abstract_not_on_topic,10.1016/j.envsci.2024.103935,2026-08-16
04计划,paper,"""work breakdown structure"" deliverable oriented",title_abstract_not_on_topic,10.3390/buildings15142432,2026-08-16
04计划,paper,"""work breakdown structure"" deliverable oriented",title_abstract_not_on_topic,10.3390/su16209074,2026-08-16
04计划,paper,"""work breakdown structure"" deliverable oriented",title_abstract_not_on_topic,10.1155/2024/6162232,2026-08-16
04计划,paper,"""work breakdown structure"" deliverable oriented",title_abstract_not_on_topic,10.3390/app131810191,2026-08-16
04计划,paper,"""work breakdown structure"" deliverable oriented",title_abstract_not_on_topic,10.1111/mice.13332,2026-08-16
04计划,paper,"""work breakdown structure"" deliverable oriented",title_abstract_not_on_topic,10.1108/jfmpc-06-2022-0029,2026-08-16
04计划,paper,"""work breakdown structure"" deliverable oriented",title_abstract_not_on_topic,10.3233/isp-230009,2026-08-16
04计划,paper,"""work breakdown structure"" deliverable oriented",title_abstract_not_on_topic,10.3390/aerospace11040324,2026-08-16
04计划,paper,"""work breakdown structure"" deliverable oriented",title_abstract_not_on_topic,10.3390/buildings14020358,2026-08-16
04计划,paper,"""work breakdown structure"" deliverable oriented",title_abstract_not_on_topic,10.47941/jepm.1653,2026-08-16
04计划,paper,"""work breakdown structure"" deliverable oriented",title_abstract_not_on_topic,10.61275/isvsej-2023-10-09-26,2026-08-16
04计划,paper,"""work breakdown structure"" deliverable oriented",title_abstract_not_on_topic,10.3390/infrastructures9070098,2026-08-16
04计划,paper,"""work breakdown structure"" deliverable oriented",title_abstract_not_on_topic,10.4018/ijaie.368255,2026-08-16
04计划,paper,"""work breakdown structure"" deliverable oriented",title_abstract_not_on_topic,10.18535/ijsrm/v11i11.em04,2026-08-16
04计划,paper,"""work breakdown structure"" deliverable oriented",title_abstract_not_on_topic,10.1080/08956308.2023.2275506,2026-08-16
04计划,paper,"""work breakdown structure"" deliverable oriented",title_abstract_not_on_topic,10.1038/s41598-023-50486-6,2026-08-16
04计划,paper,"""work breakdown structure"" deliverable oriented",title_abstract_not_on_topic,10.36680/j.itcon.2025.031,2026-08-16
04计划,paper,"""work breakdown structure"" deliverable oriented",title_abstract_not_on_topic,10.3390/admsci16010031,2026-08-16
04计划,paper,"""work breakdown structure"" deliverable oriented",title_abstract_not_on_topic,10.1186/s13677-023-00489-5,2026-08-16
04计划,paper,"""work breakdown structure"" deliverable oriented",title_abstract_not_on_topic,10.1002/suco.202300606,2026-08-16
04计划,paper,"""work breakdown structure"" deliverable oriented",title_abstract_not_on_topic,10.3390/buildings15152684,2026-08-16
04计划,paper,"""work breakdown structure"" deliverable oriented",title_abstract_not_on_topic,10.3390/app152312422,2026-08-16
04计划,paper,"""work breakdown structure"" deliverable oriented",title_abstract_not_on_topic,10.1038/s41598-024-75437-7,2026-08-16
04计划,paper,"""work breakdown structure"" deliverable oriented",title_abstract_not_on_topic,10.3390/buildings15111921,2026-08-16
04计划,paper,"""work breakdown structure"" deliverable oriented",title_abstract_not_on_topic,10.5267/j.jpm.2024.1.001,2026-08-16
04计划,paper,"""work breakdown structure"" deliverable oriented",title_abstract_not_on_topic,10.1139/cjce-2022-0310,2026-08-16
04计划,paper,"""work breakdown structure"" deliverable oriented",title_abstract_not_on_topic,10.33774/coe-2023-kbr25,2026-08-16
04计划,paper,"""work breakdown structure"" deliverable oriented",title_abstract_not_on_topic,10.1080/03043797.2023.2299279,2026-08-16
04计划,paper,"""work breakdown structure"" deliverable oriented",title_abstract_not_on_topic,10.1051/epjpv/2024021,2026-08-16
04计划,paper,"""work breakdown structure"" deliverable oriented",title_abstract_not_on_topic,10.3390/su16072770,2026-08-16
04计划,paper,"""work breakdown structure"" deliverable oriented",title_abstract_not_on_topic,10.1002/cae.70009,2026-08-16
04计划,paper,"""work breakdown structure"" deliverable oriented",title_abstract_not_on_topic,10.5585/gep.v14i2.23869,2026-08-16
04计划,paper,"""work breakdown structure"" deliverable oriented",title_abstract_not_on_topic,10.1108/ijieom-02-2023-0025,2026-08-16
04计划,paper,"""work breakdown structure"" deliverable oriented",title_abstract_not_on_topic,10.1080/15623599.2025.2589827,2026-08-16
04计划,paper,"""work breakdown structure"" deliverable oriented",title_abstract_not_on_topic,10.17705/1cais.05415,2026-08-16
04计划,paper,"""work breakdown structure"" deliverable oriented",title_abstract_not_on_topic,10.36676/dira.v12.i3.138,2026-08-16
04计划,paper,"""work breakdown structure"" deliverable oriented",title_abstract_not_on_topic,10.3390/educsci16010105,2026-08-16
04计划,paper,"""work breakdown structure"" deliverable oriented",title_abstract_not_on_topic,10.62225/2583049x.2024.4.6.4355,2026-08-16
04计划,paper,"""work breakdown structure"" deliverable oriented",title_abstract_not_on_topic,10.1177/87569728241265927,2026-08-16
04计划,paper,"""work breakdown structure"" deliverable oriented",title_abstract_not_on_topic,10.1080/2331186x.2024.2444816,2026-08-16
04计划,paper,"""work breakdown structure"" deliverable oriented",title_abstract_not_on_topic,10.5267/j.ijiec.2025.4.007,2026-08-16
04计划,paper,"""work breakdown structure"" deliverable oriented",title_abstract_not_on_topic,10.3390/land14091847,2026-08-16
04计划,paper,"""work breakdown structure"" deliverable oriented",title_abstract_not_on_topic,10.1155/adce/7915818,2026-08-16
04计划,paper,"""work breakdown structure"" deliverable oriented",title_abstract_not_on_topic,10.30939/ijastech..1284202,2026-08-16
04计划,paper,"""work breakdown structure"" deliverable oriented",title_abstract_not_on_topic,10.1007/s42979-024-02787-4,2026-08-16
04计划,paper,"""work breakdown structure"" deliverable oriented",title_abstract_not_on_topic,10.3390/su18104921,2026-08-16
04计划,paper,"""work breakdown structure"" deliverable oriented",title_abstract_not_on_topic,10.3390/su17135685,2026-08-16
04计划,paper,"""work breakdown structure"" deliverable oriented",title_abstract_not_on_topic,10.1108/sasbe-06-2024-0225,2026-08-16
04计划,paper,"""work breakdown structure"" deliverable oriented",title_abstract_not_on_topic,10.14434/ijdl.v15i3.36678,2026-08-16
04计划,paper,"""work breakdown structure"" deliverable oriented",title_abstract_not_on_topic,10.21203/rs.3.rs-3323311/v1,2026-08-16
04计划,paper,"""work breakdown structure"" deliverable oriented",title_abstract_not_on_topic,10.24191/esteem.v20iseptember.1839.g1827,2026-08-16
04计划,paper,"""work breakdown structure"" deliverable oriented",title_abstract_not_on_topic,10.1080/10286608.2025.2607472,2026-08-16
04计划,paper,"""work breakdown structure"" deliverable oriented",title_abstract_not_on_topic,10.3390/buildings16061224,2026-08-16
04计划,paper,"""work breakdown structure"" deliverable oriented",title_abstract_not_on_topic,10.61426/sjbcm.v10i4.2754,2026-08-16
04计划,paper,"""work breakdown structure"" deliverable oriented",title_abstract_not_on_topic,10.5267/j.jpm.2025.6.001,2026-08-16
04计划,paper,"""work breakdown structure"" deliverable oriented",title_abstract_not_on_topic,10.48550/arxiv.2404.18531,2026-08-16
04计划,paper,"""work breakdown structure"" deliverable oriented",title_abstract_not_on_topic,10.62225/2583049x.2025.5.6.5700,2026-08-16
04计划,paper,"""work breakdown structure"" deliverable oriented",title_abstract_not_on_topic,10.1002/smr.2728,2026-08-16
04计划,paper,"""work breakdown structure"" deliverable oriented",title_abstract_not_on_topic,10.3390/sym17081354,2026-08-16
04计划,paper,"""work breakdown structure"" deliverable oriented",title_abstract_not_on_topic,10.59429/esp.v9i8.2984,2026-08-16
04计划,paper,"""work breakdown structure"" deliverable oriented",title_abstract_not_on_topic,10.65303/journalpmresearch.v1i2.54,2026-08-16
04计划,paper,"""work breakdown structure"" deliverable oriented",title_abstract_not_on_topic,10.36680/j.itcon.2024.046,2026-08-16
04计划,paper,"""work breakdown structure"" deliverable oriented",title_abstract_not_on_topic,10.3390/buildings16030647,2026-08-16
04计划,paper,"""work breakdown structure"" deliverable oriented",title_abstract_not_on_topic,10.3390/buildings14041131,2026-08-16
04计划,paper,"""work breakdown structure"" deliverable oriented",title_abstract_not_on_topic,10.3390/buildings15224168,2026-08-16
04计划,paper,"""work breakdown structure"" deliverable oriented",title_abstract_not_on_topic,10.48550/arxiv.2311.00535,2026-08-16
04计划,paper,"""earned schedule"" baseline planning",title_abstract_not_on_topic,10.1038/s41598-025-05834-z,2026-08-16
04计划,paper,"""earned schedule"" baseline planning",title_abstract_not_on_topic,10.3390/buildings14030643,2026-08-16
04计划,paper,"""earned schedule"" baseline planning",title_abstract_not_on_topic,10.3390/su16209042,2026-08-16
04计划,paper,"""earned schedule"" baseline planning",title_abstract_not_on_topic,10.37058/aks.v7i2.16407,2026-08-16
04计划,paper,"""earned schedule"" baseline planning",title_abstract_not_on_topic,10.24912/jmts.v8i3.32095,2026-08-16
04计划,paper,"""earned schedule"" baseline planning",title_abstract_not_on_topic,10.35814/artesis.v3i2.5918,2026-08-16
04计划,paper,"""earned schedule"" baseline planning",title_abstract_not_on_topic,10.51988/jtsc.v7i3.607,2026-08-16
04计划,paper,"""earned schedule"" baseline planning",title_abstract_not_on_topic,10.3390/buildings13081964,2026-08-16
04计划,paper,"""earned schedule"" baseline planning",title_abstract_not_on_topic,10.24912/jmts.v9i2.37376,2026-08-16
04计划,paper,"""earned schedule"" baseline planning",title_abstract_not_on_topic,10.1080/15623599.2025.2508293,2026-08-16
04计划,paper,"""earned schedule"" baseline planning",title_abstract_not_on_topic,10.21009/jpensil.v14i3.59154,2026-08-16
04计划,paper,"""earned schedule"" baseline planning",title_abstract_not_on_topic,10.1080/00207543.2024.2359044,2026-08-16
04计划,paper,"""earned schedule"" baseline planning",title_abstract_not_on_topic,10.1002/jaba.1089,2026-08-16
04计划,paper,"""earned schedule"" baseline planning",title_abstract_not_on_topic,10.30574/wjaets.2023.9.2.0194,2026-08-16
04计划,paper,"""earned schedule"" baseline planning",title_abstract_not_on_topic,10.21275/sr26522200629,2026-08-16
04计划,paper,"""earned schedule"" baseline planning",title_abstract_not_on_topic,10.1007/s44290-025-00193-0,2026-08-16
04计划,paper,"""earned schedule"" baseline planning",title_abstract_not_on_topic,10.1080/23311916.2024.2348210,2026-08-16
04计划,paper,"""earned schedule"" baseline planning",title_abstract_not_on_topic,10.15446/dyna.v90n228.108642,2026-08-16
04计划,paper,"""earned schedule"" baseline planning",title_abstract_not_on_topic,10.3390/buildings15224168,2026-08-16
04计划,paper,"""earned schedule"" baseline planning",title_abstract_not_on_topic,10.71052/srb2024/rcbv7940,2026-08-16
04计划,paper,"""earned schedule"" baseline planning",title_abstract_not_on_topic,10.21608/erj.2024.307868.1080,2026-08-16
04计划,paper,"""earned schedule"" baseline planning",title_abstract_not_on_topic,10.5267/j.jpm.2024.11.001,2026-08-16
04计划,paper,"""earned schedule"" baseline planning",title_abstract_not_on_topic,10.1016/j.ejor.2025.03.012,2026-08-16
04计划,paper,"""earned schedule"" baseline planning",title_abstract_not_on_topic,10.3390/systems13121047,2026-08-16
04计划,paper,"""earned schedule"" baseline planning",title_abstract_not_on_topic,10.21926/jept.2401004,2026-08-16
04计划,paper,"""earned schedule"" baseline planning",title_abstract_not_on_topic,10.1007/s44290-024-00153-0,2026-08-16
04计划,paper,"""earned schedule"" baseline planning",title_abstract_not_on_topic,10.63125/0w76pn26,2026-08-16
04计划,paper,"""earned schedule"" baseline planning",title_abstract_not_on_topic,10.1080/13467581.2025.2513064,2026-08-16
04计划,paper,"""earned schedule"" baseline planning",title_abstract_not_on_topic,10.1007/s10479-026-07252-4,2026-08-16
04计划,paper,"""earned schedule"" baseline planning",title_abstract_not_on_topic,10.65154/ijmst.2025.21,2026-08-16
04计划,paper,"""earned schedule"" baseline planning",title_abstract_not_on_topic,10.1007/s44290-026-00450-w,2026-08-16
04计划,paper,"""earned schedule"" baseline planning",title_abstract_not_on_topic,10.26552/ems.2026.1.100-114,2026-08-16
04计划,paper,"""earned schedule"" baseline planning",title_abstract_not_on_topic,Gestión del desempeño en proyectos de construcción: una revisión sistemática de la literatura,2026-08-16
04计划,paper,"""earned schedule"" baseline planning",title_abstract_not_on_topic,10.21203/rs.3.rs-10025812/v1,2026-08-16
04计划,paper,"""earned schedule"" baseline planning",title_abstract_not_on_topic,10.69980/redvet.v25i1.929,2026-08-16
04计划,paper,"""earned schedule"" baseline planning",title_abstract_not_on_topic,10.56975/ijvra.v4i4.703700,2026-08-16
04计划,paper,"""earned schedule"" baseline planning",title_abstract_not_on_topic,10.11648/j.ijmfs.20251102.12,2026-08-16
04计划,paper,"""earned schedule"" baseline planning",title_abstract_not_on_topic,10.54660/.ijmrge.2026.7.4.203-216,2026-08-16
04计划,paper,"""earned schedule"" baseline planning",title_abstract_not_on_topic,10.22271/27078264.2024.v5.i2a.124,2026-08-16
04计划,paper,"""earned schedule"" baseline planning",title_abstract_not_on_topic,10.63414/jeas.v10.n1.2026.49,2026-08-16
04计划,paper,"""earned schedule"" baseline planning",title_abstract_not_on_topic,10.55041/ijsmt.v2i5.087,2026-08-16
04计划,paper,"""earned schedule"" baseline planning",title_abstract_not_on_topic,10.29165/ajarcde.v10i2.1001,2026-08-16
04计划,paper,"""earned schedule"" baseline planning",title_abstract_not_on_topic,10.18267/j.aip.250,2026-08-16
04计划,paper,"""earned schedule"" baseline planning",title_abstract_not_on_topic,10.22225/jipe.3.2.2024.63-68,2026-08-16
04计划,paper,"""earned schedule"" baseline planning",title_abstract_not_on_topic,10.61255/jupiter.v4i2.983,2026-08-16
04计划,paper,"""earned schedule"" baseline planning",title_abstract_not_on_topic,10.56975/ijrar.v13i3.338130,2026-08-16
04计划,paper,"""earned schedule"" baseline planning",title_abstract_not_on_topic,10.36348/sjet.2024.v09i07.003,2026-08-16
04计划,paper,"""earned schedule"" baseline planning",title_abstract_not_on_topic,10.46799/ajesh.v4i7.654,2026-08-16
04计划,paper,"""earned schedule"" baseline planning",title_abstract_not_on_topic,10.36418/syntax-literate.v10i12.62734,2026-08-16
04计划,paper,"""earned schedule"" baseline planning",title_abstract_not_on_topic,10.30574/wjarr.2026.30.3.1613,2026-08-16
04计划,paper,"""earned schedule"" baseline planning",title_abstract_not_on_topic,10.33558/bentang.v14i2.12399,2026-08-16
04计划,paper,"""earned schedule"" baseline planning",title_abstract_not_on_topic,10.22271/27078329.2024.v3.i1b.70,2026-08-16
04计划,paper,"""earned schedule"" baseline planning",title_abstract_not_on_topic,10.1061/jladah.ladr-1527,2026-08-16
04计划,paper,"""earned schedule"" baseline planning",title_abstract_not_on_topic,10.3390/app16136435,2026-08-16
04计划,paper,"""earned schedule"" baseline planning",title_abstract_not_on_topic,10.18535/ijecs.v15i07.5555,2026-08-16
04计划,paper,"""earned schedule"" baseline planning",title_abstract_not_on_topic,10.22452/jpmp.vol6no1.4,2026-08-16
04计划,paper,"""earned schedule"" baseline planning",title_abstract_not_on_topic,10.3390/buildings15111916,2026-08-16
04计划,paper,"""earned schedule"" baseline planning",title_abstract_not_on_topic,10.55248/gengpi.6.0325.12167,2026-08-16
04计划,paper,"""earned schedule"" baseline planning",title_abstract_not_on_topic,10.63125/mxgx4m74,2026-08-16
04计划,paper,"""earned schedule"" baseline planning",title_abstract_not_on_topic,10.32996/jcsts.2026.8.8.13,2026-08-16
04计划,paper,"""earned schedule"" baseline planning",title_abstract_not_on_topic,10.2139/ssrn.4875551,2026-08-16
04计划,paper,"""earned schedule"" baseline planning",title_abstract_not_on_topic,10.70593/deepsci.0202010,2026-08-16
04计划,paper,earned value schedule performance index planning,off_topic_dropped,10.31219/osf.io/hdjpk,2026-08-16
04计划,paper,"""critical path"" project scheduling baseline",off_topic_dropped,10.1186/s41239-024-00457-2,2026-08-16
04计划,paper,"""critical path"" project scheduling baseline",off_topic_dropped,10.1109/access.2024.3355092,2026-08-16
04计划,paper,"""design structure matrix"" dependency project",off_topic_dropped,10.5194/wes-9-141-2024,2026-08-16
04计划,paper,"""critical chain"" project management schedule",off_topic_dropped,10.48084/etasr.6834,2026-08-16
04计划,paper,"""work breakdown structure"" project planning",off_topic_dropped,10.3389/fphys.2024.1415037,2026-08-16
04计划,paper,"""critical path"" project scheduling baseline",pdf_download_failed_or_paywall,https://doi.org/10.58344/jii.v5i1.7444,2026-08-16
04计划,paper,"""critical chain"" project management schedule",pdf_download_failed_or_paywall,https://www.mdpi.com/2075-5309/16/2/339/pdf?version=1768318185,2026-08-16
04计划,paper,"""critical chain"" project management schedule",pdf_download_failed_or_paywall,https://jurnal.teknologiindustriumi.ac.id/index.php/JIEM/article/download/1706/pdf,2026-08-16
04计划,paper,"""critical chain"" project management schedule",pdf_download_failed_or_paywall,https://doi.org/10.58192/ocean.v4i4.1353,2026-08-16
04计划,paper,"""critical chain project management"" buffer",pdf_download_failed_or_paywall,https://journal.unimar-amni.ac.id/index.php/ocean/article/download/1490/1220,2026-08-16
04计划,paper,"""critical path"" project scheduling baseline",pdf_download_failed_or_paywall,https://www.mdpi.com/2076-3417/15/18/10258/pdf?version=1758364791,2026-08-16
04计划,paper,"""work breakdown structure"" project planning",pdf_download_failed_or_paywall,https://onlinelibrary.wiley.com/doi/pdfdirect/10.1155/adce/3356047,2026-08-16
04计划,paper,"""activity dependency"" project schedule",pdf_download_failed_or_paywall,https://www.granthaalayahpublication.org/ojs-sys/ijoest/article/download/604/360,2026-08-16
04计划,paper,"""critical path"" project scheduling baseline",pdf_download_failed_or_paywall,https://amns.sciendo.com/pdf/10.2478/amns-2025-0599,2026-08-16
04计划,paper,"""critical chain"" project management schedule",pdf_download_failed_or_paywall,https://doi.org/10.51594/ijarss.v6i7.1298,2026-08-16
04计划,paper,"""critical chain"" project management schedule",pdf_download_failed_or_paywall,https://doi.org/10.58192/ocean.v5i2.4357,2026-08-16
04计划,paper,project milestone planning WBS empirical,pdf_download_failed_or_paywall,https://osf.io/yvd93_v1/download,2026-08-16
04计划,paper,"""schedule baseline"" project management",pdf_download_failed_or_paywall,https://doi.org/10.2478/otmcj-2026-0003,2026-08-16
04计划,paper,"""milestone"" ""work breakdown structure""",pdf_download_failed_or_paywall,https://doi.org/10.5281/zenodo.21006855,2026-08-16
04计划,paper,"""work breakdown structure"" project planning",pdf_download_failed_or_paywall,https://jurnaluniv45sby.ac.id/index.php/ekonomika/article/download/3617/3229,2026-08-16
04计划,paper,"""critical path"" project scheduling baseline",pdf_download_failed_or_paywall,https://journalijsra.com/sites/default/files/fulltext_pdf/IJSRA-2025-1950.pdf,2026-08-16
04计划,paper,"""critical chain"" project management schedule",pdf_download_failed_or_paywall,https://www.mdpi.com/2075-5309/16/3/557/pdf,2026-08-16
04计划,paper,"""critical path"" project scheduling baseline",pdf_download_failed_or_paywall,https://bluemarkpublishers.com/index.php/IJANS/article/download/741/573,2026-08-16
04计划,paper,"""critical chain"" project management schedule",pdf_download_failed_or_paywall,https://doi.org/10.1007/s44196-026-01425-6,2026-08-16
04计划,paper,"""rolling wave planning"" project",title_abstract_not_on_topic,10.32388/wzh8ga.2,2026-08-16
04计划,paper,"""rolling wave planning"" project",title_abstract_not_on_topic,10.1108/sasbe-10-2024-0419,2026-08-16
04计划,paper,"""rolling wave planning"" project",title_abstract_not_on_topic,10.26668/businessreview/2023.v8i12.4987,2026-08-16
04计划,paper,"""rolling wave planning"" project",title_abstract_not_on_topic,10.55248/gengpi.6.0325.1295,2026-08-16
04计划,paper,"""rolling wave planning"" project",title_abstract_not_on_topic,10.32388/wzh8ga,2026-08-16
04计划,paper,"""rolling wave planning"" project",title_abstract_not_on_topic,10.51594/ijmer.v7i6.1941,2026-08-16
04计划,paper,"""rolling wave planning"" project",title_abstract_not_on_topic,10.71145/rjsp.v3i2.288,2026-08-16
04计划,paper,"""rolling wave planning"" project",title_abstract_not_on_topic,10.63345/ijrmp.v14.i8.2,2026-08-16
04计划,paper,"""rolling wave planning"" project",title_abstract_not_on_topic,10.26565/2524-2547-2026-73-11,2026-08-16
04计划,paper,"""rolling wave planning"" project",title_abstract_not_on_topic,10.31375/2226-1915-2025-1-7-22,2026-08-16
04计划,paper,"""rolling wave planning"" project",title_abstract_not_on_topic,10.2139/ssrn.4729221,2026-08-16
04计划,paper,"""rolling wave planning"" project",title_abstract_not_on_topic,Risk assessment of international innovation projects,2026-08-16
04计划,paper,"""rolling wave planning"" project",title_abstract_not_on_topic,10.32347/2412-9933.2025.64.14-22,2026-08-16
04计划,paper,"""rolling wave planning"" project",title_abstract_not_on_topic,10.37332/2309-1533.2026.2.22,2026-08-16
04计划,paper,"""rolling wave planning"" project",title_abstract_not_on_topic,10.1016/j.rineng.2024.102643,2026-08-16
04计划,paper,"""rolling wave planning"" project",title_abstract_not_on_topic,10.22214/ijraset.2025.74597,2026-08-16
04计划,paper,"""rolling wave planning"" project",title_abstract_not_on_topic,10.5281/zenodo.19591140,2026-08-16
04计划,paper,"""rolling wave planning"" project",title_abstract_not_on_topic,10.56975/ijcrt.v12i7.282076,2026-08-16
04计划,paper,"""rolling wave planning"" project",title_abstract_not_on_topic,10.3390/su151813384,2026-08-16
04计划,paper,"""rolling wave planning"" project",title_abstract_not_on_topic,10.35629/8193-1008116119,2026-08-16
04计划,paper,"""rolling wave planning"" project",title_abstract_not_on_topic,10.24887/0028-2448-2025-11-64-71,2026-08-16
04计划,paper,"""rolling wave planning"" project",title_abstract_not_on_topic,10.54660/.ijmrge.2025.6.6.1434-1451,2026-08-16
04计划,paper,"""rolling wave planning"" project",title_abstract_not_on_topic,10.53920/es-2023-4-5,2026-08-16
04计划,paper,"""rolling wave planning"" project",title_abstract_not_on_topic,10.56726/irjmets6644,2026-08-16
04计划,paper,"""rolling wave planning"" project",title_abstract_not_on_topic,10.35854/1998-1627-2023-9-1004-1018,2026-08-16
04计划,paper,"""rolling wave planning"" project",title_abstract_not_on_topic,10.32752/1993-6788-2025-1-285-356-366,2026-08-16
04计划,paper,"""rolling wave planning"" project",title_abstract_not_on_topic,10.56726/irjmets81659,2026-08-16
04计划,paper,"""rolling wave planning"" project",title_abstract_not_on_topic,10.52058/2708-7530-2025-11(65)-990-1001,2026-08-16
04计划,paper,"""rolling wave planning"" project",title_abstract_not_on_topic,10.52058/2786-6025-2025-10(51)-1654-1669,2026-08-16
04计划,paper,"""rolling wave planning"" project",title_abstract_not_on_topic,10.21275/sr26201054025,2026-08-16
04计划,paper,"""rolling wave planning"" project",title_abstract_not_on_topic,10.37745/ejcsit.2013/vol13n51844,2026-08-16
04计划,paper,"""rolling wave planning"" project",title_abstract_not_on_topic,"New objectives, same rationales: shifts in the United Kingdom’s industrial strategies?",2026-08-16
04计划,paper,"""rolling wave planning"" project",title_abstract_not_on_topic,10.3390/asi9030054,2026-08-16
04计划,paper,"""rolling wave planning"" project",title_abstract_not_on_topic,Creative economy: factors of effectiveness,2026-08-16
04计划,paper,"""rolling wave planning"" project",title_abstract_not_on_topic,Business process management on the basis of compliance control,2026-08-16
04计划,paper,"""rolling wave planning"" project",title_abstract_not_on_topic,Formation of an educational institution&apos;s brand,2026-08-16
04计划,paper,"""rolling wave planning"" project",title_abstract_not_on_topic,Formation of effects of technology commercialization,2026-08-16
04计划,paper,"""rolling wave planning"" project",title_abstract_not_on_topic,Intellectual property as a component of product competitiveness,2026-08-16
04计划,paper,"""rolling wave planning"" project",title_abstract_not_on_topic,The legal mechanism of intellectual property in Ukraine,2026-08-16
04计划,paper,"""rolling wave planning"" project",title_abstract_not_on_topic,Innovations in the educational services market,2026-08-16
04计划,paper,"""rolling wave planning"" project",title_abstract_not_on_topic,Startup as an object of intellectual property,2026-08-16
04计划,paper,"""rolling wave planning"" project",title_abstract_not_on_topic,Innovative prospects for the post-war recovery of Ukraine&apos;s economy,2026-08-16
04计划,paper,"""rolling wave planning"" project",title_abstract_not_on_topic,Conflict situations in the intellectual activity of industrial enterprises,2026-08-16
04计划,paper,"""rolling wave planning"" project",title_abstract_not_on_topic,Intellectual development of electrotechnical enterprises,2026-08-16
04计划,paper,"""rolling wave planning"" project",title_abstract_not_on_topic,Marketing of intellectual products,2026-08-16
04计划,paper,"""rolling wave planning"" project",title_abstract_not_on_topic,Research on non-traditional results of intellectual activity,2026-08-16
04计划,paper,"""rolling wave"" ""work package"" planning",title_abstract_not_on_topic,10.71145/rjsp.v3i2.288,2026-08-16
04计划,paper,"""rolling wave"" ""work package"" planning",title_abstract_not_on_topic,10.32388/wzh8ga.2,2026-08-16
04计划,paper,"""rolling wave"" ""work package"" planning",title_abstract_not_on_topic,10.32388/wzh8ga,2026-08-16
04计划,paper,"""rolling wave"" ""work package"" planning",title_abstract_not_on_topic,10.37745/ijpger.17v9n1127,2026-08-16
04计划,paper,"""rolling wave"" ""work package"" planning",title_abstract_not_on_topic,10.38124/ijisrt/25dec914,2026-08-16
04计划,paper,"""rolling wave"" ""work package"" planning",title_abstract_not_on_topic,10.24887/0028-2448-2025-11-64-71,2026-08-16
04计划,paper,"""rolling wave"" ""work package"" planning",title_abstract_not_on_topic,Creative economy: factors of effectiveness,2026-08-16
04计划,paper,"""rolling wave"" ""work package"" planning",title_abstract_not_on_topic,Risk assessment of international innovation projects,2026-08-16
04计划,paper,"""rolling wave"" ""work package"" planning",title_abstract_not_on_topic,Business process management on the basis of compliance control,2026-08-16
04计划,paper,"""rolling wave"" ""work package"" planning",title_abstract_not_on_topic,Intellectual property as a component of product competitiveness,2026-08-16
04计划,paper,"""rolling wave"" ""work package"" planning",title_abstract_not_on_topic,Formation of an educational institution&apos;s brand,2026-08-16
04计划,paper,"""rolling wave"" ""work package"" planning",title_abstract_not_on_topic,The legal mechanism of intellectual property in Ukraine,2026-08-16
04计划,paper,"""rolling wave"" ""work package"" planning",title_abstract_not_on_topic,Startup as an object of intellectual property,2026-08-16
04计划,paper,"""rolling wave"" ""work package"" planning",title_abstract_not_on_topic,Innovative prospects for the post-war recovery of Ukraine&apos;s economy,2026-08-16
04计划,paper,"""rolling wave"" ""work package"" planning",title_abstract_not_on_topic,Innovations in the educational services market,2026-08-16
04计划,paper,"""rolling wave"" ""work package"" planning",title_abstract_not_on_topic,Marketing of intellectual products,2026-08-16
04计划,paper,"""rolling wave"" ""work package"" planning",title_abstract_not_on_topic,Formation of effects of technology commercialization,2026-08-16
04计划,paper,"""rolling wave"" ""work package"" planning",title_abstract_not_on_topic,Intellectual development of electrotechnical enterprises,2026-08-16
04计划,paper,"""rolling wave"" ""work package"" planning",title_abstract_not_on_topic,Conflict situations in the intellectual activity of industrial enterprises,2026-08-16
04计划,paper,"""rolling wave"" ""work package"" planning",title_abstract_not_on_topic,Research on non-traditional results of intellectual activity,2026-08-16
04计划,paper,"""rolling wave"" ""work package"" planning",title_abstract_not_on_topic,10.3390/asi9030054,2026-08-16
04计划,paper,"""schedule baseline"" project management",title_abstract_not_on_topic,10.1038/s41598-025-05834-z,2026-08-16
04计划,paper,"""schedule baseline"" project management",title_abstract_not_on_topic,10.62051/qkf9h233,2026-08-16
04计划,paper,"""schedule baseline"" project management",title_abstract_not_on_topic,10.22219/jameela.v2i1.30950,2026-08-16
04计划,paper,"""schedule baseline"" project management",title_abstract_not_on_topic,10.3390/su16209042,2026-08-16
04计划,paper,"""schedule baseline"" project management",title_abstract_not_on_topic,10.36680/j.itcon.2025.009,2026-08-16
04计划,paper,"""schedule baseline"" project management",title_abstract_not_on_topic,10.2507/ijsimm23-1-667,2026-08-16
04计划,paper,"""schedule baseline"" project management",title_abstract_not_on_topic,10.1186/s12984-025-01649-1,2026-08-16
04计划,paper,"""schedule baseline"" project management",title_abstract_not_on_topic,10.1016/j.comnet.2023.110037,2026-08-16
04计划,paper,"""schedule baseline"" project management",title_abstract_not_on_topic,10.12821/ijispm120404,2026-08-16
04计划,paper,"""schedule baseline"" project management",title_abstract_not_on_topic,10.1007/s10951-025-00857-w,2026-08-16
04计划,paper,"""schedule baseline"" project management",title_abstract_not_on_topic,10.55047/ijateis.v2i4.1059,2026-08-16
04计划,paper,"""schedule baseline"" project management",title_abstract_not_on_topic,10.55041/ijsrem27859,2026-08-16
04计划,paper,"""schedule baseline"" project management",title_abstract_not_on_topic,10.3390/buildings15224168,2026-08-16
04计划,paper,"""schedule baseline"" project management",title_abstract_not_on_topic,10.1007/s12144-025-08034-0,2026-08-16
04计划,paper,"""schedule baseline"" project management",title_abstract_not_on_topic,10.21608/astj.2025.345552.1030,2026-08-16
04计划,paper,"""schedule baseline"" project management",title_abstract_not_on_topic,10.38035/rrj.v8i3.2072,2026-08-16
04计划,paper,"""schedule baseline"" project management",title_abstract_not_on_topic,10.23900/ra.v24i114.997,2026-08-16
04计划,paper,"""schedule baseline"" project management",title_abstract_not_on_topic,10.55041/ijsmt.v2i5.087,2026-08-16
04计划,paper,"""schedule baseline"" project management",title_abstract_not_on_topic,10.54691/41fvcg93,2026-08-16
04计划,paper,"""schedule baseline"" project management",title_abstract_not_on_topic,10.22452/jpmp.vol5no2.1,2026-08-16
04计划,paper,"""schedule baseline"" project management",title_abstract_not_on_topic,10.3390/a17030127,2026-08-16
04计划,paper,"""schedule baseline"" project management",title_abstract_not_on_topic,10.37082/ijirmps.v13.i6.232880,2026-08-16
04计划,paper,"""schedule baseline"" project management",title_abstract_not_on_topic,10.56975/ijrar.v13i3.338130,2026-08-16
04计划,paper,"""schedule baseline"" project management",title_abstract_not_on_topic,10.22399/ijcesen.4800,2026-08-16
04计划,paper,"""schedule baseline"" project management",title_abstract_not_on_topic,10.24887/0028-2448-2025-11-64-71,2026-08-16
04计划,paper,"""schedule baseline"" project management",title_abstract_not_on_topic,10.36948/ijfmr.2025.v07i02.42653,2026-08-16
04计划,paper,"""schedule baseline"" project management",title_abstract_not_on_topic,10.2139/ssrn.6588119,2026-08-16
04计划,paper,"""schedule baseline"" project management",title_abstract_not_on_topic,10.31462/jcemi.2024.02157171,2026-08-16
04计划,paper,"""schedule baseline"" project management",title_abstract_not_on_topic,10.5937/jaes0-51301,2026-08-16
04计划,paper,"""schedule baseline"" project management",title_abstract_not_on_topic,10.52783/jisem.v10i37s.6500,2026-08-16
04计划,paper,"""schedule baseline"" project management",title_abstract_not_on_topic,10.57017/jorit.v2.2(4).05,2026-08-16
04计划,paper,"""schedule baseline"" project management",title_abstract_not_on_topic,10.63158/journalisi.v7i4.1276,2026-08-16
04计划,paper,"""schedule baseline"" project management",title_abstract_not_on_topic,10.64388/irev10i1-1719624,2026-08-16
04计划,paper,"""schedule baseline"" project management",title_abstract_not_on_topic,10.36348/sjet.2026.v11i05.015,2026-08-16
04计划,paper,"""schedule baseline"" project management",title_abstract_not_on_topic,10.1016/j.autcon.2023.105224,2026-08-16
04计划,paper,"""schedule baseline"" project management",title_abstract_not_on_topic,10.46799/ajesh.v5i7.802,2026-08-16
04计划,paper,"""schedule baseline"" project management",title_abstract_not_on_topic,10.54297/sciej.v6i2.1257,2026-08-16
04计划,paper,"""schedule baseline"" project management",title_abstract_not_on_topic,10.1111/itor.70064,2026-08-16
04计划,paper,"""schedule baseline"" project management",title_abstract_not_on_topic,10.32628/ijsrst23121168,2026-08-16
04计划,paper,"""schedule baseline"" project management",title_abstract_not_on_topic,10.7753/ijsea1410.1001,2026-08-16
04计划,paper,"""schedule baseline"" project management",title_abstract_not_on_topic,10.47672/ijpm.2606,2026-08-16
04计划,paper,"""schedule baseline"" project management",title_abstract_not_on_topic,10.22533/at.ed.13176426270310,2026-08-16
04计划,paper,"""schedule baseline"" project management",title_abstract_not_on_topic,10.37745/ejlpscm.2013/vol13n193110,2026-08-16
04计划,paper,"""schedule baseline"" project management",title_abstract_not_on_topic,10.48550/arxiv.2502.06304,2026-08-16
04计划,paper,"""schedule baseline"" project management",title_abstract_not_on_topic,10.21203/rs.3.rs-10025812/v1,2026-08-16
04计划,paper,"""schedule baseline"" project management",title_abstract_not_on_topic,10.3390/electronics15143229,2026-08-16
04计划,paper,"""schedule baseline"" project management",title_abstract_not_on_topic,10.3389/fbuil.2026.1761692,2026-08-16
04计划,paper,"""schedule baseline"" project management",title_abstract_not_on_topic,AIIM: Adaptive Inter-cell Interference Mitigation for Heterogeneous Multi-vendor 5G O-RAN Networks,2026-08-16
04计划,paper,"""schedule baseline"" project management",title_abstract_not_on_topic,10.25077/josi.v25.n1.p25-41.2026,2026-08-16
04计划,paper,"""schedule baseline"" project management",title_abstract_not_on_topic,10.1186/s12904-024-01561-w,2026-08-16
04计划,paper,"""schedule baseline"" project management",title_abstract_not_on_topic,10.1109/mcs.2024.3433208,2026-08-16
04计划,paper,"""schedule baseline"" project management",title_abstract_not_on_topic,10.3329/brc.v12i1.86783,2026-08-16
04计划,paper,"""schedule baseline"" project management",title_abstract_not_on_topic,10.21203/rs.3.rs-4271287/v1,2026-08-16
04计划,paper,"""schedule baseline"" project management",title_abstract_not_on_topic,10.3389/fcdhc.2023.1264312,2026-08-16
04计划,paper,"""schedule baseline"" project management",title_abstract_not_on_topic,10.1016/j.labeco.2024.102631,2026-08-16
04计划,paper,"""schedule baseline"" project management",title_abstract_not_on_topic,10.1186/s40814-023-01402-2,2026-08-16
04计划,paper,"""schedule baseline"" project management",title_abstract_not_on_topic,10.3390/bioengineering12060605,2026-08-16
04计划,paper,"""schedule baseline"" project management",title_abstract_not_on_topic,10.1136/bmjopen-2023-081397,2026-08-16
04计划,paper,"""schedule baseline"" project management",title_abstract_not_on_topic,10.1111/acer.70018,2026-08-16
04计划,paper,"""schedule baseline"" project management",title_abstract_not_on_topic,10.1186/s12916-023-03079-z,2026-08-16
04计划,paper,"""schedule baseline"" project management",title_abstract_not_on_topic,10.1017/s0007114523001952,2026-08-16
04计划,paper,"""schedule baseline"" project management",title_abstract_not_on_topic,10.1002/fsn3.71358,2026-08-16
04计划,paper,"""schedule baseline"" project management",title_abstract_not_on_topic,10.1186/s13063-024-07973-6,2026-08-16
04计划,paper,"""schedule baseline"" project management",title_abstract_not_on_topic,10.1186/s12889-023-17538-y,2026-08-16
04计划,paper,"""schedule baseline"" project management",title_abstract_not_on_topic,10.1186/s13063-024-08152-3,2026-08-16
04计划,paper,"""schedule baseline"" project management",title_abstract_not_on_topic,10.48084/etasr.14111,2026-08-16
04计划,paper,"""schedule baseline"" project management",title_abstract_not_on_topic,10.1186/s13063-024-08110-z,2026-08-16
04计划,paper,"""schedule baseline"" project management",title_abstract_not_on_topic,10.21203/rs.3.rs-5039690/v1,2026-08-16
04计划,paper,"""schedule baseline"" project management",title_abstract_not_on_topic,10.1109/tccn.2024.3508771,2026-08-16
04计划,paper,"""schedule baseline"" project management",title_abstract_not_on_topic,10.1186/s12883-024-03634-y,2026-08-16
04计划,paper,"""schedule baseline"" project management",title_abstract_not_on_topic,10.1002/ejp.4729,2026-08-16
04计划,paper,"""schedule baseline"" project management",title_abstract_not_on_topic,10.1002/14651858.cd013342.pub2,2026-08-16
04计划,paper,"""schedule baseline"" project management",title_abstract_not_on_topic,10.1002/hsr2.70980,2026-08-16
04计划,paper,"""schedule baseline"" project management",title_abstract_not_on_topic,10.1016/j.cct.2024.107446,2026-08-16
04计划,paper,"""schedule baseline"" project management",title_abstract_not_on_topic,10.2166/nh.2025.068,2026-08-16
04计划,paper,"""schedule baseline"" project management",title_abstract_not_on_topic,10.1007/s42484-025-00319-8,2026-08-16
04计划,paper,"""schedule baseline"" project management",title_abstract_not_on_topic,10.3310/ykur3660,2026-08-16
04计划,paper,"""schedule baseline"" project management",title_abstract_not_on_topic,10.48550/arxiv.2406.04853,2026-08-16
04计划,paper,"""schedule baseline"" project management",title_abstract_not_on_topic,10.48550/arxiv.2501.18298,2026-08-16
04计划,paper,"""schedule baseline"" project management",title_abstract_not_on_topic,10.34218/ijce_07_02_004,2026-08-16
04计划,paper,"""schedule baseline"" project management",title_abstract_not_on_topic,10.1371/journal.pone.0310795,2026-08-16
04计划,paper,"""schedule baseline"" project management",title_abstract_not_on_topic,10.5005/jp-journals-10071-25178,2026-08-16
04计划,paper,"""schedule baseline"" project management",title_abstract_not_on_topic,10.2337/cd24-0002,2026-08-16
04计划,paper,"""schedule baseline"" project management",title_abstract_not_on_topic,10.1371/journal.pone.0331663,2026-08-16
04计划,paper,"""schedule baseline"" project management",title_abstract_not_on_topic,10.3310/aywa5297,2026-08-16
04计划,paper,"""performance measurement baseline"" schedule",title_abstract_not_on_topic,10.3390/buildings14030643,2026-08-16
04计划,paper,"""performance measurement baseline"" schedule",title_abstract_not_on_topic,10.62527/joiv.8.1.1947,2026-08-16
04计划,paper,"""performance measurement baseline"" schedule",title_abstract_not_on_topic,10.24912/jmts.v7i1.24950,2026-08-16
04计划,paper,"""performance measurement baseline"" schedule",title_abstract_not_on_topic,10.37058/aks.v7i2.16407,2026-08-16
04计划,paper,"""performance measurement baseline"" schedule",title_abstract_not_on_topic,10.30574/wjarr.2026.30.3.1613,2026-08-16
04计划,paper,"""performance measurement baseline"" schedule",title_abstract_not_on_topic,10.21009/jpensil.v14i3.59154,2026-08-16
04计划,paper,"""performance measurement baseline"" schedule",title_abstract_not_on_topic,10.57017/jorit.v2.2(4).05,2026-08-16
04计划,paper,"""performance measurement baseline"" schedule",title_abstract_not_on_topic,10.15849/ijasca.v18i2.43,2026-08-16
04计划,paper,"""performance measurement baseline"" schedule",title_abstract_not_on_topic,10.1080/15623599.2025.2508293,2026-08-16
04计划,paper,"""performance measurement baseline"" schedule",title_abstract_not_on_topic,10.1177/87569728231226226,2026-08-16
04计划,paper,"""performance measurement baseline"" schedule",title_abstract_not_on_topic,10.1007/s44290-025-00193-0,2026-08-16
04计划,paper,"""performance measurement baseline"" schedule",title_abstract_not_on_topic,10.36948/ijfmr.2025.v07i01.37332,2026-08-16
04计划,paper,"""performance measurement baseline"" schedule",title_abstract_not_on_topic,10.23880/oajda-16000120,2026-08-16
04计划,paper,"""performance measurement baseline"" schedule",title_abstract_not_on_topic,10.15446/dyna.v90n228.108642,2026-08-16
04计划,paper,"""performance measurement baseline"" schedule",title_abstract_not_on_topic,10.63995/gcdu2539,2026-08-16
04计划,paper,"""performance measurement baseline"" schedule",title_abstract_not_on_topic,10.38124/ijisrt/ijisrt24sep1472,2026-08-16
04计划,paper,"""performance measurement baseline"" schedule",title_abstract_not_on_topic,10.12962/j2579-891x.v24i2.14882,2026-08-16
04计划,paper,"""performance measurement baseline"" schedule",title_abstract_not_on_topic,10.22594/dau.23-910.30.03,2026-08-16
04计划,paper,"""performance measurement baseline"" schedule",title_abstract_not_on_topic,Gestión del desempeño en proyectos de construcción: una revisión sistemática de la literatura,2026-08-16
04计划,paper,"""performance measurement baseline"" schedule",title_abstract_not_on_topic,10.24887/0028-2448-2025-11-64-71,2026-08-16
04计划,paper,"""performance measurement baseline"" schedule",title_abstract_not_on_topic,10.59765/zytp8524hyr,2026-08-16
04计划,paper,"""performance measurement baseline"" schedule",title_abstract_not_on_topic,10.36227/techrxiv.171995281.10500939/v1,2026-08-16
04计划,paper,"""RACI"" ""project management"" responsibility",title_abstract_not_on_topic,10.33022/ijcs.v12i5.3397,2026-08-16
04计划,paper,"""RACI"" ""project management"" responsibility",title_abstract_not_on_topic,10.1080/15623599.2025.2589827,2026-08-16
04计划,paper,"""RACI"" ""project management"" responsibility",title_abstract_not_on_topic,10.1080/23299460.2024.2414530,2026-08-16
04计划,paper,"""RACI"" ""project management"" responsibility",title_abstract_not_on_topic,10.1016/j.heliyon.2024.e38759,2026-08-16
04计划,paper,"""RACI"" ""project management"" responsibility",title_abstract_not_on_topic,10.35629/5252-0702815826,2026-08-16
04计划,paper,"""RACI"" ""project management"" responsibility",title_abstract_not_on_topic,10.1016/j.heliyon.2024.e40034,2026-08-16
04计划,paper,"""RACI"" ""project management"" responsibility",title_abstract_not_on_topic,10.59890/ijsas.v3i10.186,2026-08-16
04计划,paper,"""RACI"" ""project management"" responsibility",title_abstract_not_on_topic,10.1093/jamia/ocae024,2026-08-16
04计划,paper,"""RACI"" ""project management"" responsibility",title_abstract_not_on_topic,10.3390/app15020824,2026-08-16
04计划,paper,"""RACI"" ""project management"" responsibility",title_abstract_not_on_topic,10.9734/ajess/2024/v50i81536,2026-08-16
04计划,paper,"""RACI"" ""project management"" responsibility",title_abstract_not_on_topic,10.1016/j.plas.2023.100101,2026-08-16
04计划,paper,"""RACI"" ""project management"" responsibility",title_abstract_not_on_topic,10.64357/neya-gjnps-ipt2025,2026-08-16
04计划,paper,"""RACI"" ""project management"" responsibility",title_abstract_not_on_topic,10.31937/si.v14i2.3223,2026-08-16
04计划,paper,"""RACI"" ""project management"" responsibility",title_abstract_not_on_topic,10.1016/j.pmedr.2023.102534,2026-08-16
04计划,paper,"""RACI"" ""project management"" responsibility",title_abstract_not_on_topic,10.11113/aej.v13.19476,2026-08-16
04计划,paper,"""RACI"" ""project management"" responsibility",title_abstract_not_on_topic,10.1016/j.radonc.2025.111168,2026-08-16
04计划,paper,"""RACI"" ""project management"" responsibility",title_abstract_not_on_topic,10.33022/ijcs.v12i5.3412,2026-08-16
04计划,paper,"""RACI"" ""project management"" responsibility",title_abstract_not_on_topic,10.54103/2037-3597/27902,2026-08-16
04计划,paper,"""RACI"" ""project management"" responsibility",title_abstract_not_on_topic,10.1080/14783363.2025.2535701,2026-08-16
04计划,paper,"""RACI"" ""project management"" responsibility",title_abstract_not_on_topic,10.1371/journal.pone.0325270,2026-08-16
04计划,paper,"""RACI"" ""project management"" responsibility",title_abstract_not_on_topic,10.55041/ijsrem39215,2026-08-16
04计划,paper,"""RACI"" ""project management"" responsibility",title_abstract_not_on_topic,10.24857/rgsa.v20n1-005,2026-08-16
04计划,paper,"""RACI"" ""project management"" responsibility",title_abstract_not_on_topic,10.21686/2413-2829-2025-3-144-151,2026-08-16
04计划,paper,"""RACI"" ""project management"" responsibility",title_abstract_not_on_topic,10.59573/emsj.9(3).2025.41,2026-08-16
04计划,paper,"""RACI"" ""project management"" responsibility",title_abstract_not_on_topic,10.29227/im-2025-01-14,2026-08-16
04计划,paper,"""RACI"" ""project management"" responsibility",title_abstract_not_on_topic,10.22158/jecs.v9n3p63,2026-08-16
04计划,paper,"""RACI"" ""project management"" responsibility",title_abstract_not_on_topic,10.59188/eduvest.v5i7.50861,2026-08-16
04计划,paper,"""RACI"" ""project management"" responsibility",title_abstract_not_on_topic,10.36676/mdmp.v1.i2.24,2026-08-16
04计划,paper,"""RACI"" ""project management"" responsibility",title_abstract_not_on_topic,10.37082/ijirmps.v13.i6.232880,2026-08-16
04计划,paper,"""RACI"" ""project management"" responsibility",title_abstract_not_on_topic,10.3390/info15020110,2026-08-16
04计划,paper,"""RACI"" ""project management"" responsibility",title_abstract_not_on_topic,10.52260/2304-7216.2025.4(61).26,2026-08-16
04计划,paper,"""RACI"" ""project management"" responsibility",title_abstract_not_on_topic,10.1007/s11606-024-08768-w,2026-08-16
04计划,paper,"""RACI"" ""project management"" responsibility",title_abstract_not_on_topic,10.21567/adhyayan.v15i1.13,2026-08-16
04计划,paper,"""RACI"" ""project management"" responsibility",title_abstract_not_on_topic,10.5753/reviews.2024.3757,2026-08-16
04计划,paper,"""RACI"" ""project management"" responsibility",title_abstract_not_on_topic,10.30574/wjarr.2025.25.2.0343,2026-08-16
04计划,paper,"""RACI"" ""project management"" responsibility",title_abstract_not_on_topic,10.2478/revecp-2023-0010,2026-08-16
04计划,paper,"""RACI"" ""project management"" responsibility",title_abstract_not_on_topic,10.3390/en17010269,2026-08-16
04计划,paper,"""RACI"" ""project management"" responsibility",title_abstract_not_on_topic,10.1109/access.2025.3564141,2026-08-16
04计划,paper,"""RACI"" ""project management"" responsibility",title_abstract_not_on_topic,10.5937/etp2402079k,2026-08-16
04计划,paper,"""RACI"" ""project management"" responsibility",title_abstract_not_on_topic,10.22495/cbsrv6i1art7,2026-08-16
04计划,paper,"""RACI"" ""project management"" responsibility",title_abstract_not_on_topic,10.1016/j.ijproman.2024.102593,2026-08-16
04计划,paper,"""RACI"" ""project management"" responsibility",title_abstract_not_on_topic,10.62381/i245301,2026-08-16
04计划,paper,"""RACI"" ""project management"" responsibility",title_abstract_not_on_topic,10.14421/jiska.2023.8.3.210-221,2026-08-16
04计划,paper,"""RACI"" ""project management"" responsibility",title_abstract_not_on_topic,10.3390/healthcare11192626,2026-08-16
04计划,paper,"""RACI"" ""project management"" responsibility",title_abstract_not_on_topic,10.1080/13669877.2024.2328202,2026-08-16
04计划,paper,"""RACI"" ""project management"" responsibility",title_abstract_not_on_topic,10.33744/0365-8171-2026-119-394-411,2026-08-16
04计划,paper,"""RACI"" ""project management"" responsibility",title_abstract_not_on_topic,10.3390/ijfs13040217,2026-08-16
04计划,paper,"""RACI"" ""project management"" responsibility",title_abstract_not_on_topic,10.55905/cuadv15n10-035,2026-08-16
04计划,paper,"""RACI"" ""project management"" responsibility",title_abstract_not_on_topic,10.7764/ric.00141.21,2026-08-16
04计划,paper,"""RACI"" ""project management"" responsibility",title_abstract_not_on_topic,10.32782/2519-884x-2025-57-5,2026-08-16
04计划,paper,"""RACI"" ""project management"" responsibility",title_abstract_not_on_topic,10.32689/2523-4625-2025-4(80)-3,2026-08-16
04计划,paper,"""RACI"" ""project management"" responsibility",title_abstract_not_on_topic,10.5334/aogh.4441,2026-08-16
04计划,paper,"""RACI"" ""project management"" responsibility",title_abstract_not_on_topic,10.21467/ajss.13.1.40-58,2026-08-16
04计划,paper,"""RACI"" ""project management"" responsibility",title_abstract_not_on_topic,10.5585/2026.29922,2026-08-16
04计划,paper,"""RACI"" ""project management"" responsibility",title_abstract_not_on_topic,10.21203/rs.3.rs-8916845/v1,2026-08-16
04计划,paper,"""RACI"" ""project management"" responsibility",title_abstract_not_on_topic,10.62718/vmca.bf-baiij.5.1.sc-0425-016,2026-08-16
04计划,paper,"""RACI"" ""project management"" responsibility",title_abstract_not_on_topic,10.20998/2522-9052.2024.4.04,2026-08-16
04计划,paper,"""RACI"" ""project management"" responsibility",title_abstract_not_on_topic,10.33480/jitk.v11i1.6942,2026-08-16
04计划,paper,"""RACI"" ""project management"" responsibility",title_abstract_not_on_topic,10.31154/cogito.v11i1.998.193-206,2026-08-16
04计划,paper,"""RACI"" ""project management"" responsibility",title_abstract_not_on_topic,10.5585/2023.24795,2026-08-16
04计划,paper,"""RACI"" ""project management"" responsibility",title_abstract_not_on_topic,10.3390/su17219491,2026-08-16
04计划,paper,"""RACI"" ""project management"" responsibility",title_abstract_not_on_topic,10.1080/23251042.2024.2357691,2026-08-16
04计划,paper,"""RACI"" ""project management"" responsibility",title_abstract_not_on_topic,10.36948/ijfmr.2025.v07i04.54994,2026-08-16
04计划,paper,"""RACI"" ""project management"" responsibility",title_abstract_not_on_topic,10.36253/wep-15803,2026-08-16
04计划,paper,"""RACI"" ""project management"" responsibility",title_abstract_not_on_topic,10.54543/etnik.v2i9.224,2026-08-16
04计划,paper,"""RACI"" ""project management"" responsibility",title_abstract_not_on_topic,10.63282/3050-9246.ijetcsit-v6i1p115,2026-08-16
04计划,paper,"""RACI"" ""project management"" responsibility",title_abstract_not_on_topic,10.59888/ajosh.v2i12.394,2026-08-16
04计划,paper,"""RACI"" ""project management"" responsibility",title_abstract_not_on_topic,10.23977/acss.2025.090305,2026-08-16
04计划,paper,"""RACI"" ""project management"" responsibility",title_abstract_not_on_topic,10.71420/ijref.v2i12.232,2026-08-16
04计划,paper,"""RACI"" ""project management"" responsibility",title_abstract_not_on_topic,10.1007/s12599-024-00908-0,2026-08-16
04计划,paper,"""RACI"" ""project management"" responsibility",title_abstract_not_on_topic,10.1007/s43441-024-00646-1,2026-08-16
04计划,paper,"""RACI"" ""project management"" responsibility",title_abstract_not_on_topic,10.15680/ijirset.2023.1212003,2026-08-16
04计划,paper,"""RACI"" ""project management"" responsibility",title_abstract_not_on_topic,10.33751/jhss.v10i2.125,2026-08-16
04计划,paper,"""RACI"" ""project management"" responsibility",title_abstract_not_on_topic,10.14445/22315381/ijett-v71i10p221,2026-08-16
04计划,paper,"""RACI"" ""project management"" responsibility",title_abstract_not_on_topic,10.4102/sajim.v26i1.1670,2026-08-16
04计划,paper,"""RACI"" ""project management"" responsibility",title_abstract_not_on_topic,10.36948/ijfmr.2024.v06i06.43725,2026-08-16
04计划,paper,"""RACI"" ""project management"" responsibility",title_abstract_not_on_topic,10.1111/isj.12599,2026-08-16
04计划,paper,"""RACI"" ""project management"" responsibility",title_abstract_not_on_topic,10.1111/risa.14292,2026-08-16
04计划,paper,"""responsibility assignment matrix"" project",title_abstract_not_on_topic,10.3390/buildings14082496,2026-08-16
04计划,paper,"""responsibility assignment matrix"" project",title_abstract_not_on_topic,10.3897/rio.9.e113906,2026-08-16
04计划,paper,"""responsibility assignment matrix"" project",title_abstract_not_on_topic,10.28991/cej-sp2024-010-015,2026-08-16
04计划,paper,"""responsibility assignment matrix"" project",title_abstract_not_on_topic,10.1055/s-0044-1788980,2026-08-16
04计划,paper,"""responsibility assignment matrix"" project",title_abstract_not_on_topic,10.54103/2037-3597/27902,2026-08-16
04计划,paper,"""responsibility assignment matrix"" project",title_abstract_not_on_topic,10.4018/ijaie.368255,2026-08-16
04计划,paper,"""responsibility assignment matrix"" project",title_abstract_not_on_topic,10.3390/su18041855,2026-08-16
04计划,paper,"""responsibility assignment matrix"" project",title_abstract_not_on_topic,10.18552/jorma.v4i1.1132,2026-08-16
04计划,paper,"""responsibility assignment matrix"" project",title_abstract_not_on_topic,10.46799/ajesh.v5i7.802,2026-08-16
04计划,paper,"""responsibility assignment matrix"" project",title_abstract_not_on_topic,10.21428/f1f23564.0b834e68,2026-08-16
04计划,paper,"""responsibility assignment matrix"" project",title_abstract_not_on_topic,10.1145/3715275.3732191,2026-08-16
04计划,paper,"""responsibility assignment matrix"" project",title_abstract_not_on_topic,10.29210/020242399,2026-08-16
04计划,paper,"""responsibility assignment matrix"" project",title_abstract_not_on_topic,10.36348/sjet.2024.v09i07.003,2026-08-16
04计划,paper,"""responsibility assignment matrix"" project",title_abstract_not_on_topic,10.1016/j.pmedr.2023.102534,2026-08-16
04计划,paper,"""responsibility assignment matrix"" project",title_abstract_not_on_topic,10.24887/0028-2448-2025-11-64-71,2026-08-16
04计划,paper,"""responsibility assignment matrix"" project",title_abstract_not_on_topic,10.3389/fbioe.2025.1578654,2026-08-16
04计划,paper,"""responsibility assignment matrix"" project",title_abstract_not_on_topic,10.62381/i245301,2026-08-16
04计划,paper,"""responsibility assignment matrix"" project",title_abstract_not_on_topic,10.61275/isvsej-2024-11-02-14,2026-08-16
04计划,paper,"""responsibility assignment matrix"" project",title_abstract_not_on_topic,10.1016/j.giq.2025.102025,2026-08-16
04计划,paper,"""responsibility assignment matrix"" project",title_abstract_not_on_topic,10.3390/buildings16050893,2026-08-16
04计划,paper,"""responsibility assignment matrix"" project",title_abstract_not_on_topic,10.5539/ies.v19n1p15,2026-08-16
04计划,paper,"""responsibility assignment matrix"" project",title_abstract_not_on_topic,10.4236/vp.2024.101007,2026-08-16
04计划,paper,"""responsibility assignment matrix"" project",title_abstract_not_on_topic,10.14445/23488360/ijme-v12i6p104,2026-08-16
04计划,paper,"""responsibility assignment matrix"" project",title_abstract_not_on_topic,10.71420/ijref.v2i12.232,2026-08-16
04计划,paper,"""responsibility assignment matrix"" project",title_abstract_not_on_topic,10.5194/ica-adv-4-5-2023,2026-08-16
04计划,paper,"""responsibility assignment matrix"" project",title_abstract_not_on_topic,10.32750/2024-0103,2026-08-16
04计划,paper,"""responsibility assignment matrix"" project",title_abstract_not_on_topic,10.66556/2786-586x.54.dzhedzhula-o,2026-08-16
04计划,paper,"""responsibility assignment matrix"" project",title_abstract_not_on_topic,10.1038/s41598-025-12955-y,2026-08-16
04计划,paper,"""responsibility assignment matrix"" project",title_abstract_not_on_topic,АНАЛІЗ ЗАСТОСУВАННЯ DIGITAL TWINS ДЛЯ ПОСИЛЕННЯ ПРОАКТИВНОГО УПРАВЛІННЯ ПРОЄКТАМИ,2026-08-16
04计划,paper,"""responsibility assignment matrix"" project",title_abstract_not_on_topic,10.1186/s12982-026-02189-2,2026-08-16
04计划,paper,"""responsibility assignment matrix"" project",title_abstract_not_on_topic,10.58235/sjpa.40354,2026-08-16
04计划,paper,"""responsibility assignment matrix"" project",title_abstract_not_on_topic,10.1016/j.fufo.2025.100847,2026-08-16
04计划,paper,"""responsibility assignment matrix"" project",title_abstract_not_on_topic,10.17116/jnevro202312312113,2026-08-16
04计划,paper,"""responsibility assignment matrix"" project",title_abstract_not_on_topic,10.4038/jur.v12i2.8052,2026-08-16
04计划,paper,"""responsibility assignment matrix"" project",title_abstract_not_on_topic,10.28925/2663-4023.2025.27.825,2026-08-16
04计划,paper,"""responsibility assignment matrix"" project",title_abstract_not_on_topic,10.1155/are/7780608,2026-08-16
04计划,paper,"""responsibility assignment matrix"" project",title_abstract_not_on_topic,10.62524/msj.2025.3.4.6,2026-08-16
04计划,paper,"""responsibility assignment matrix"" project",title_abstract_not_on_topic,10.31937/si.v15i1.3475,2026-08-16
04计划,paper,"""responsibility assignment matrix"" project",title_abstract_not_on_topic,10.32734/jocai.v8.i2-15855,2026-08-16
04计划,paper,"""responsibility assignment matrix"" project",title_abstract_not_on_topic,10.38035/jemsi.v6i2.3451,2026-08-16
04计划,paper,"""responsibility assignment matrix"" project",title_abstract_not_on_topic,10.52783/jisem.v11i3s.14885,2026-08-16
04计划,paper,"""responsibility assignment matrix"" project",title_abstract_not_on_topic,10.14569/ijacsa.2025.0160313,2026-08-16
04计划,paper,"""responsibility assignment matrix"" project",title_abstract_not_on_topic,10.1007/s10389-026-02787-z,2026-08-16
04计划,paper,"""responsibility assignment matrix"" project",title_abstract_not_on_topic,10.1016/j.datak.2025.102539,2026-08-16
04计划,paper,"""responsibility assignment matrix"" project",title_abstract_not_on_topic,10.31891/2307-5740-2026-350-30,2026-08-16
04计划,paper,"""product-based planning"" PRINCE2",title_abstract_not_on_topic,10.22495/jgrv14i4art20,2026-08-16
04计划,paper,"""product-based planning"" PRINCE2",title_abstract_not_on_topic,10.29119/1641-3466.2026.244.32,2026-08-16
04计划,paper,"""product-based planning"" PRINCE2",title_abstract_not_on_topic,10.3390/logistics7040088,2026-08-16
04计划,paper,"""product-based planning"" PRINCE2",title_abstract_not_on_topic,10.9734/jemt/2024/v30i31199,2026-08-16
04计划,paper,"""product based planning"" project",title_abstract_not_on_topic,10.22495/jgrv14i4art20,2026-08-16
04计划,paper,"""product based planning"" project",title_abstract_not_on_topic,10.3390/logistics7040088,2026-08-16
04计划,paper,"""product based planning"" project",title_abstract_not_on_topic,10.2196/63576,2026-08-16
04计划,paper,"""product based planning"" project",title_abstract_not_on_topic,10.1108/joe-05-2025-0054,2026-08-16
04计划,paper,"""product based planning"" project",title_abstract_not_on_topic,10.29119/1641-3466.2026.244.32,2026-08-16
04计划,paper,"""product based planning"" project",title_abstract_not_on_topic,10.9734/jemt/2024/v30i31199,2026-08-16
04计划,paper,"""product based planning"" project",title_abstract_not_on_topic,10.1287/orsc.2020.14743,2026-08-16
04计划,paper,"""product based planning"" project",title_abstract_not_on_topic,10.24018/ejbmr.2026.11.4.70421,2026-08-16
04计划,paper,"""product based planning"" project",title_abstract_not_on_topic,10.32996/jeltal.2024.6.4.5,2026-08-16
04计划,paper,"""milestone"" ""work breakdown structure""",title_abstract_not_on_topic,10.59992/ijci.2024.v3n1p2,2026-08-16
04计划,paper,"""milestone"" ""work breakdown structure""",title_abstract_not_on_topic,10.59992/ijfaes.2023.v2n6p1,2026-08-16
04计划,paper,"""milestone"" ""work breakdown structure""",title_abstract_not_on_topic,10.1016/j.plas.2023.100101,2026-08-16
04计划,paper,"""milestone"" ""work breakdown structure""",title_abstract_not_on_topic,10.1155/adce/7915818,2026-08-16
04计划,paper,"""milestone"" ""work breakdown structure""",title_abstract_not_on_topic,10.62225/2583049x.2025.5.6.5700,2026-08-16
04计划,paper,"""milestone"" ""work breakdown structure""",title_abstract_not_on_topic,10.35870/ijsecs.v3i2.1512,2026-08-16
04计划,paper,"""milestone"" ""work breakdown structure""",title_abstract_not_on_topic,10.3390/buildings14040934,2026-08-16
04计划,paper,"""milestone"" ""work breakdown structure""",title_abstract_not_on_topic,Bridging the Gap Between Agility and Planning,2026-08-16
04计划,paper,"""milestone"" ""work breakdown structure""",title_abstract_not_on_topic,10.3390/buildings14072110,2026-08-16
04计划,paper,"""milestone"" ""work breakdown structure""",title_abstract_not_on_topic,10.1109/access.2024.3362229,2026-08-16
04计划,paper,"""milestone"" ""work breakdown structure""",title_abstract_not_on_topic,10.53819/81018102t2385,2026-08-16
04计划,paper,"""milestone"" ""work breakdown structure""",title_abstract_not_on_topic,10.3390/buildings13102569,2026-08-16
04计划,paper,"""milestone"" ""work breakdown structure""",title_abstract_not_on_topic,10.3390/buildings15142570,2026-08-16
04计划,paper,"""milestone"" ""work breakdown structure""",title_abstract_not_on_topic,10.3390/eng6020022,2026-08-16
04计划,paper,"""milestone"" ""work breakdown structure""",title_abstract_not_on_topic,10.1108/ci-06-2024-0185,2026-08-16
04计划,paper,"""milestone"" ""work breakdown structure""",title_abstract_not_on_topic,10.61426/sjbcm.v10i4.2829,2026-08-16
04计划,paper,"""milestone"" ""work breakdown structure""",title_abstract_not_on_topic,10.62273/mjvl6063,2026-08-16
04计划,paper,"""milestone"" ""work breakdown structure""",title_abstract_not_on_topic,10.55549/epstem.1350951,2026-08-16
04计划,paper,"""milestone"" ""work breakdown structure""",title_abstract_not_on_topic,10.1590/0001-3765202420230117,2026-08-16
04计划,paper,"""milestone"" ""work breakdown structure""",title_abstract_not_on_topic,10.1080/08956308.2023.2275506,2026-08-16
04计划,paper,"""milestone"" ""work breakdown structure""",title_abstract_not_on_topic,10.1117/1.jatis.10.1.017001,2026-08-16
04计划,paper,"""milestone"" ""work breakdown structure""",title_abstract_not_on_topic,10.24252/shift.v4i2.123,2026-08-16
04计划,paper,"""milestone"" ""work breakdown structure""",title_abstract_not_on_topic,10.1007/s11214-025-01208-z,2026-08-16
04计划,paper,"""milestone"" ""work breakdown structure""",title_abstract_not_on_topic,10.3390/buildings15142451,2026-08-16
04计划,paper,"""milestone"" ""work breakdown structure""",title_abstract_not_on_topic,10.3390/aerospace11040324,2026-08-16
04计划,paper,"""milestone"" ""work breakdown structure""",title_abstract_not_on_topic,10.54337/ojs.jpblhe.v11i3.7514,2026-08-16
04计划,paper,"""milestone"" ""work breakdown structure""",title_abstract_not_on_topic,10.1080/15623599.2025.2589827,2026-08-16
04计划,paper,"""milestone"" ""work breakdown structure""",title_abstract_not_on_topic,10.62225/2583049x.2024.4.6.4355,2026-08-16
04计划,paper,"""milestone"" ""work breakdown structure""",title_abstract_not_on_topic,10.31224/5727,2026-08-16
04计划,paper,"""milestone"" ""work breakdown structure""",title_abstract_not_on_topic,10.36680/j.itcon.2025.031,2026-08-16
04计划,paper,"""milestone"" ""work breakdown structure""",title_abstract_not_on_topic,10.1051/epjn/2025010,2026-08-16
04计划,paper,"""milestone"" ""work breakdown structure""",title_abstract_not_on_topic,10.3390/su152216085,2026-08-16
04计划,paper,"""milestone"" ""work breakdown structure""",title_abstract_not_on_topic,10.3390/educsci16010105,2026-08-16
04计划,paper,"""milestone"" ""work breakdown structure""",title_abstract_not_on_topic,10.53819/81018102t4298,2026-08-16
04计划,paper,"""milestone"" ""work breakdown structure""",title_abstract_not_on_topic,10.1080/2331186x.2024.2444816,2026-08-16
04计划,paper,"""milestone"" ""work breakdown structure""",title_abstract_not_on_topic,10.33774/coe-2023-kbr25,2026-08-16
04计划,paper,"""milestone"" ""work breakdown structure""",title_abstract_not_on_topic,10.33364/miftek/v.5-2.1918,2026-08-16
04计划,paper,"""milestone"" ""work breakdown structure""",title_abstract_not_on_topic,10.59992/ijci.2023.v2n6p1,2026-08-16
04计划,paper,"""milestone"" ""work breakdown structure""",title_abstract_not_on_topic,10.1007/s10951-025-00857-w,2026-08-16
04计划,paper,"""milestone"" ""work breakdown structure""",title_abstract_not_on_topic,10.62718/vmca.tech-gjtdsi.1.1.sc-0524-005,2026-08-16
04计划,paper,"""milestone"" ""work breakdown structure""",title_abstract_not_on_topic,10.32388/wzh8ga.2,2026-08-16
04计划,paper,"""milestone"" ""work breakdown structure""",title_abstract_not_on_topic,10.32628/ijsrst23121167,2026-08-16
04计划,paper,"""milestone"" ""work breakdown structure""",title_abstract_not_on_topic,10.47709/brilliance.v3i2.3228,2026-08-16
04计划,paper,"""milestone"" ""work breakdown structure""",title_abstract_not_on_topic,10.3390/app15020677,2026-08-16
04计划,paper,"""milestone"" ""work breakdown structure""",title_abstract_not_on_topic,10.18273/revuin.v23n1-2024011,2026-08-16
04计划,paper,"""milestone"" ""work breakdown structure""",title_abstract_not_on_topic,10.1007/s42979-024-02787-4,2026-08-16
04计划,paper,"""milestone"" ""work breakdown structure""",title_abstract_not_on_topic,10.5267/j.jpm.2024.1.001,2026-08-16
04计划,paper,"""milestone"" ""work breakdown structure""",title_abstract_not_on_topic,10.3390/app152011113,2026-08-16
04计划,paper,"""milestone"" ""work breakdown structure""",title_abstract_not_on_topic,10.17705/1cais.05415,2026-08-16
04计划,paper,"""milestone"" ""work breakdown structure""",title_abstract_not_on_topic,10.24815/journalces.v5i3.23873,2026-08-16
04计划,paper,"""milestone"" ""work breakdown structure""",title_abstract_not_on_topic,10.36676/dira.v12.i3.138,2026-08-16
04计划,paper,"""milestone"" ""work breakdown structure""",title_abstract_not_on_topic,10.62225/2583049x.2026.6.1.5645,2026-08-16
04计划,paper,"""milestone"" ""work breakdown structure""",title_abstract_not_on_topic,10.1016/j.fusengdes.2024.114634,2026-08-16
04计划,paper,"""milestone"" ""work breakdown structure""",title_abstract_not_on_topic,10.52398/gjsd.2023.v3.i2.pp66-84,2026-08-16
04计划,paper,"""milestone"" ""work breakdown structure""",title_abstract_not_on_topic,10.53819/81018102t5306,2026-08-16
04计划,paper,"""milestone"" ""work breakdown structure""",title_abstract_not_on_topic,10.30939/ijastech..1284202,2026-08-16
04计划,paper,"""milestone"" ""work breakdown structure""",title_abstract_not_on_topic,10.24271/psr.2024.188549,2026-08-16
04计划,paper,"""milestone"" ""work breakdown structure""",title_abstract_not_on_topic,10.14434/ijdl.v15i3.36678,2026-08-16
04计划,paper,"""milestone"" ""work breakdown structure""",title_abstract_not_on_topic,10.14445/23499362/ijie-v12i2p105,2026-08-16
04计划,paper,"""milestone"" ""work breakdown structure""",title_abstract_not_on_topic,10.1007/s00773-025-01078-8,2026-08-16
04计划,paper,"""milestone"" ""work breakdown structure""",title_abstract_not_on_topic,10.1016/j.ijproman.2024.102634,2026-08-16
04计划,paper,"""milestone"" ""work breakdown structure""",title_abstract_not_on_topic,10.70619/vol3iss2pp36-53,2026-08-16
04计划,paper,"""milestone"" ""work breakdown structure""",title_abstract_not_on_topic,10.32388/wzh8ga,2026-08-16
04计划,paper,"""milestone"" ""work breakdown structure""",title_abstract_not_on_topic,10.1177/87569728241265927,2026-08-16
04计划,paper,"""project milestone"" schedule baseline",title_abstract_not_on_topic,10.51594/gjabr.v3i1.78,2026-08-16
04计划,paper,"""project milestone"" schedule baseline",title_abstract_not_on_topic,10.3390/su151914308,2026-08-16
04计划,paper,"""project milestone"" schedule baseline",title_abstract_not_on_topic,10.3390/jne4030037,2026-08-16
04计划,paper,"""project milestone"" schedule baseline",title_abstract_not_on_topic,10.3390/buildings13092379,2026-08-16
04计划,paper,"""project milestone"" schedule baseline",title_abstract_not_on_topic,10.5815/ijem.2026.04.20,2026-08-16
04计划,paper,"""project milestone"" schedule baseline",title_abstract_not_on_topic,10.1108/sasbe-10-2025-0616,2026-08-16
04计划,paper,"""project milestone"" schedule baseline",title_abstract_not_on_topic,10.3390/su152215917,2026-08-16
04计划,paper,"""project milestone"" schedule baseline",title_abstract_not_on_topic,10.1186/s12939-024-02151-1,2026-08-16
04计划,paper,"""project milestone"" schedule baseline",title_abstract_not_on_topic,10.1186/s40814-023-01419-7,2026-08-16
04计划,paper,"""project milestone"" schedule baseline",title_abstract_not_on_topic,10.1080/10705422.2024.2385624,2026-08-16
04计划,paper,"""project milestone"" schedule baseline",title_abstract_not_on_topic,10.47392/irjaeh.2024.0255,2026-08-16
04计划,paper,"""project milestone"" schedule baseline",title_abstract_not_on_topic,10.1080/17452007.2023.2282127,2026-08-16
04计划,paper,"""project milestone"" schedule baseline",title_abstract_not_on_topic,10.3390/buildings14061561,2026-08-16
04计划,paper,"""project milestone"" schedule baseline",title_abstract_not_on_topic,10.31224/6288,2026-08-16
04计划,paper,"""project milestone"" schedule baseline",title_abstract_not_on_topic,10.1080/01446193.2023.2270080,2026-08-16
04计划,paper,"""project milestone"" schedule baseline",title_abstract_not_on_topic,10.1038/s41598-025-22752-2,2026-08-16
04计划,paper,"""project milestone"" schedule baseline",title_abstract_not_on_topic,10.7753/ijcatr1408.1007,2026-08-16
04计划,paper,"""project milestone"" schedule baseline",title_abstract_not_on_topic,10.3389/fpubh.2023.1271194,2026-08-16
04计划,paper,"""project milestone"" schedule baseline",title_abstract_not_on_topic,10.30525/2256-0742/2023-9-5-186-192,2026-08-16
04计划,paper,"""project milestone"" schedule baseline",title_abstract_not_on_topic,10.31224/5727,2026-08-16
04计划,paper,"""project milestone"" schedule baseline",title_abstract_not_on_topic,10.3847/2041-8213/ae0c06,2026-08-16
04计划,paper,"""project milestone"" schedule baseline",title_abstract_not_on_topic,10.1371/journal.pone.0302873,2026-08-16
04计划,paper,"""project milestone"" schedule baseline",title_abstract_not_on_topic,10.18282/hrms4399,2026-08-16
04计划,paper,"""project milestone"" schedule baseline",title_abstract_not_on_topic,10.3390/buildings15142456,2026-08-16
04计划,paper,"""project milestone"" schedule baseline",title_abstract_not_on_topic,10.1186/s12912-025-03927-8,2026-08-16
04计划,paper,"""project milestone"" schedule baseline",title_abstract_not_on_topic,10.1080/15623599.2025.2589827,2026-08-16
04计划,paper,"""project milestone"" schedule baseline",title_abstract_not_on_topic,10.1109/access.2024.3387730,2026-08-16
04计划,paper,"""project milestone"" schedule baseline",title_abstract_not_on_topic,10.1109/tasc.2023.3306381,2026-08-16
04计划,paper,"""project milestone"" schedule baseline",title_abstract_not_on_topic,10.3928/24748307-20240819-02,2026-08-16
04计划,paper,"""project milestone"" schedule baseline",title_abstract_not_on_topic,10.70917/ijcisim-2026-4019,2026-08-16
04计划,paper,"""project milestone"" schedule baseline",title_abstract_not_on_topic,10.1007/s10951-025-00857-w,2026-08-16
04计划,paper,"""project milestone"" schedule baseline",title_abstract_not_on_topic,10.1007/s10734-025-01437-9,2026-08-16
04计划,paper,"""project milestone"" schedule baseline",title_abstract_not_on_topic,10.1186/s12992-024-01042-y,2026-08-16
04计划,paper,"""project milestone"" schedule baseline",title_abstract_not_on_topic,10.55248/gengpi.6.0825.2919,2026-08-16
04计划,paper,"""project milestone"" schedule baseline",title_abstract_not_on_topic,10.48550/arxiv.2312.15821,2026-08-16
04计划,paper,"""project milestone"" schedule baseline",title_abstract_not_on_topic,10.3390/app152011113,2026-08-16
04计划,paper,"""project milestone"" schedule baseline",title_abstract_not_on_topic,10.1080/15623599.2025.2553610,2026-08-16
04计划,paper,"""project milestone"" schedule baseline",title_abstract_not_on_topic,10.24425/ace.2023.147649,2026-08-16
04计划,paper,"""project milestone"" schedule baseline",title_abstract_not_on_topic,10.1680/jstbu.22.00127,2026-08-16
04计划,paper,"""project milestone"" schedule baseline",title_abstract_not_on_topic,10.1525/collabra.160129,2026-08-16
04计划,paper,"""project milestone"" schedule baseline",title_abstract_not_on_topic,10.3390/su17083537,2026-08-16
04计划,paper,"""project milestone"" schedule baseline",title_abstract_not_on_topic,10.18103/mra.v12i2.5132,2026-08-16
04计划,paper,"""project milestone"" schedule baseline",title_abstract_not_on_topic,10.54050/prj2423632,2026-08-16
04计划,paper,"""project milestone"" schedule baseline",title_abstract_not_on_topic,10.31219/osf.io/x9v4u,2026-08-16
04计划,paper,"""project milestone"" schedule baseline",title_abstract_not_on_topic,10.24191/esteem.v20iseptember.1839.g1827,2026-08-16
04计划,paper,"""project milestone"" schedule baseline",title_abstract_not_on_topic,10.12821/ijispm120404,2026-08-16
04计划,paper,"""project milestone"" schedule baseline",title_abstract_not_on_topic,10.3390/buildings14072009,2026-08-16
04计划,paper,"""project milestone"" schedule baseline",title_abstract_not_on_topic,10.1016/j.hlc.2026.04.114,2026-08-16
04计划,paper,"""project milestone"" schedule baseline",title_abstract_not_on_topic,10.1177/10591478261443748,2026-08-16
04计划,paper,"""project milestone"" schedule baseline",title_abstract_not_on_topic,10.29333/ejmste/17970,2026-08-16
04计划,paper,"""project milestone"" schedule baseline",title_abstract_not_on_topic,10.3390/su17020490,2026-08-16
04计划,paper,"""project milestone"" schedule baseline",title_abstract_not_on_topic,10.2196/70751,2026-08-16
04计划,paper,"""project milestone"" schedule baseline",title_abstract_not_on_topic,10.18785/jetde.1901.04,2026-08-16
04计划,paper,"""project milestone"" schedule baseline",title_abstract_not_on_topic,10.3390/asi7040070,2026-08-16
04计划,paper,"""project milestone"" schedule baseline",title_abstract_not_on_topic,10.62345/jads.2024.13.3.136,2026-08-16
04计划,paper,"""project milestone"" schedule baseline",title_abstract_not_on_topic,10.1016/j.jenvman.2024.120270,2026-08-16
04计划,paper,"""project milestone"" schedule baseline",title_abstract_not_on_topic,10.3390/buildings15020216,2026-08-16
04计划,paper,"""project milestone"" schedule baseline",title_abstract_not_on_topic,10.31732/2663-2209-2025-79-223-235,2026-08-16
04计划,paper,"""project milestone"" schedule baseline",title_abstract_not_on_topic,10.3390/min15080855,2026-08-16
04计划,paper,"""project milestone"" schedule baseline",title_abstract_not_on_topic,10.1080/13467581.2025.2513064,2026-08-16
04计划,paper,"""project milestone"" schedule baseline",title_abstract_not_on_topic,10.3389/fbloc.2025.1650188,2026-08-16
04计划,paper,"""project milestone"" schedule baseline",title_abstract_not_on_topic,10.3897/rio.9.e113906,2026-08-16
04计划,paper,"""project milestone"" schedule baseline",title_abstract_not_on_topic,10.5130/ajceb.v25i3/4.9756,2026-08-16
04计划,paper,"""project milestone"" schedule baseline",title_abstract_not_on_topic,10.3390/educsci16040555,2026-08-16
04计划,paper,"""project milestone"" schedule baseline",title_abstract_not_on_topic,10.20944/preprints202308.1786.v2,2026-08-16
04计划,paper,"""project milestone"" schedule baseline",title_abstract_not_on_topic,10.3389/fbuil.2025.1580639,2026-08-16
04计划,paper,"""project milestone"" schedule baseline",title_abstract_not_on_topic,10.55248/gengpi.6.0525.1822,2026-08-16
04计划,paper,"""project milestone"" schedule baseline",title_abstract_not_on_topic,10.20944/preprints202308.1786.v1,2026-08-16
04计划,paper,"""project milestone"" schedule baseline",title_abstract_not_on_topic,10.1002/cae.70005,2026-08-16
04计划,paper,"""project milestone"" schedule baseline",title_abstract_not_on_topic,10.64753/jcasc.v10i2.1623,2026-08-16
04计划,paper,"""project milestone"" schedule baseline",title_abstract_not_on_topic,10.54660/ijsser.2024.3.1.251-271,2026-08-16
04计划,paper,"""project milestone"" schedule baseline",title_abstract_not_on_topic,10.3390/buildings14092754,2026-08-16
04计划,paper,"""project milestone"" schedule baseline",title_abstract_not_on_topic,10.3390/jrfm17120572,2026-08-16
04计划,paper,"""project milestone"" schedule baseline",title_abstract_not_on_topic,10.5770/cgj.26.679,2026-08-16
04计划,paper,"""project milestone"" schedule baseline",title_abstract_not_on_topic,10.63680/ijsate032542.010,2026-08-16
04计划,paper,"""project milestone"" schedule baseline",title_abstract_not_on_topic,10.3390/su17198820,2026-08-16
04计划,paper,"""project milestone"" schedule baseline",title_abstract_not_on_topic,10.3389/feduc.2025.1487344,2026-08-16
04计划,paper,"""project milestone"" schedule baseline",title_abstract_not_on_topic,10.37725/mgmt.2023.8661,2026-08-16
04计划,paper,"""project milestone"" schedule baseline",title_abstract_not_on_topic,10.38140/as.v31i2.8196,2026-08-16
04计划,paper,"""project milestone"" schedule baseline",title_abstract_not_on_topic,10.61424/rjbe.v3i3.561,2026-08-16
04计划,paper,"""project milestone"" schedule baseline",title_abstract_not_on_topic,10.1055/a-2551-3705,2026-08-16
04计划,paper,"""project milestone"" schedule baseline",title_abstract_not_on_topic,10.1002/sd.70407,2026-08-16
04计划,paper,"""project milestone"" schedule baseline",title_abstract_not_on_topic,10.24294/jipd8966,2026-08-16
04计划,paper,"""project milestone"" schedule baseline",title_abstract_not_on_topic,10.3390/en19061472,2026-08-16
04计划,paper,"""project milestone"" schedule baseline",title_abstract_not_on_topic,10.1007/s10664-026-10830-6,2026-08-16
04计划,paper,"""project milestone"" schedule baseline",title_abstract_not_on_topic,10.34190/ejel.24.1.4302,2026-08-16
04计划,paper,"""project milestone"" schedule baseline",title_abstract_not_on_topic,10.3310/twkk5110,2026-08-16
04计划,paper,"""project milestone"" schedule baseline",title_abstract_not_on_topic,10.3367/ufne.2024.05.039794,2026-08-16
04计划,paper,"""project milestone"" schedule baseline",title_abstract_not_on_topic,10.62225/2583049x.2024.4.1.5344,2026-08-16
04计划,paper,"""project milestone"" schedule baseline",title_abstract_not_on_topic,10.1186/s12998-025-00576-1,2026-08-16
04计划,paper,"""project milestone"" schedule baseline",title_abstract_not_on_topic,10.36740/merkur202306109,2026-08-16
04计划,paper,"""project milestone"" schedule baseline",title_abstract_not_on_topic,10.54254/2755-2721/2025.19488,2026-08-16
04计划,paper,"""project milestone"" schedule baseline",title_abstract_not_on_topic,10.20944/preprints202601.1778.v1,2026-08-16
04计划,paper,"""project milestone"" schedule baseline",title_abstract_not_on_topic,10.26689/jwa.v9i4.11836,2026-08-16
04计划,paper,"""project milestone"" schedule baseline",title_abstract_not_on_topic,10.56472/25835238/irjems-v4i4p119,2026-08-16
04计划,paper,"""project milestone"" schedule baseline",title_abstract_not_on_topic,10.31449/inf.v49i23.11452,2026-08-16
04计划,paper,"""design structure matrix"" project dependency",title_abstract_not_on_topic,10.1038/s41598-024-77601-5,2026-08-16
04计划,paper,"""design structure matrix"" project dependency",title_abstract_not_on_topic,10.5194/wes-9-141-2024,2026-08-16
04计划,paper,"""design structure matrix"" project dependency",title_abstract_not_on_topic,10.1002/sdr.1764,2026-08-16
04计划,paper,"""design structure matrix"" project dependency",title_abstract_not_on_topic,10.1080/09544828.2025.2489641,2026-08-16
04计划,paper,"""design structure matrix"" project dependency",title_abstract_not_on_topic,10.3390/su16198594,2026-08-16
04计划,paper,"""design structure matrix"" project dependency",title_abstract_not_on_topic,10.1016/j.plas.2024.100134,2026-08-16
04计划,paper,"""design structure matrix"" project dependency",title_abstract_not_on_topic,10.3390/buildings15020280,2026-08-16
04计划,paper,"""design structure matrix"" project dependency",title_abstract_not_on_topic,10.1038/s41598-025-23817-y,2026-08-16
04计划,paper,"""design structure matrix"" project dependency",title_abstract_not_on_topic,10.1016/j.fusengdes.2024.114571,2026-08-16
04计划,paper,"""design structure matrix"" project dependency",title_abstract_not_on_topic,10.3390/pr13010160,2026-08-16
04计划,paper,"""design structure matrix"" project dependency",title_abstract_not_on_topic,10.48550/arxiv.2311.04643,2026-08-16
04计划,paper,"""design structure matrix"" project dependency",title_abstract_not_on_topic,10.20944/preprints202401.0968.v1,2026-08-16
04计划,paper,"""design structure matrix"" project dependency",title_abstract_not_on_topic,10.1007/s11301-024-00418-z,2026-08-16
04计划,paper,"""design structure matrix"" project dependency",title_abstract_not_on_topic,10.2139/ssrn.5239909,2026-08-16
04计划,paper,"""design structure matrix"" project dependency",title_abstract_not_on_topic,10.1007/s12567-026-00713-3,2026-08-16
04计划,paper,"""design structure matrix"" project dependency",title_abstract_not_on_topic,10.6084/m9.figshare.33141521.v1,2026-08-16
04计划,paper,"""design structure matrix"" project dependency",title_abstract_not_on_topic,10.6084/m9.figshare.33141521,2026-08-16
04计划,paper,"""design structure matrix"" project dependency",title_abstract_not_on_topic,10.5281/zenodo.19661859,2026-08-16
04计划,paper,"""design structure matrix"" project dependency",title_abstract_not_on_topic,10.5281/zenodo.19661858,2026-08-16
04计划,paper,"""design structure matrix"" project dependency",title_abstract_not_on_topic,10.3390/buildings15122020,2026-08-16
04计划,paper,"""design structure matrix"" project dependency",title_abstract_not_on_topic,10.3390/buildings14010259,2026-08-16
04计划,paper,"""design structure matrix"" project dependency",title_abstract_not_on_topic,10.1002/adsr.202300113,2026-08-16
04计划,paper,"""design structure matrix"" project dependency",title_abstract_not_on_topic,10.37385/jaets.v7i2.9232,2026-08-16
04计划,paper,"""design structure matrix"" project dependency",title_abstract_not_on_topic,10.1002/joom.1280,2026-08-16
04计划,paper,"""design structure matrix"" project dependency",title_abstract_not_on_topic,10.59543/comdem.v3i.18328,2026-08-16
04计划,paper,"""design structure matrix"" project dependency",title_abstract_not_on_topic,10.1146/annurev-control-061423-101708,2026-08-16
04计划,paper,"""design structure matrix"" project dependency",title_abstract_not_on_topic,10.1109/jsyst.2024.3387064,2026-08-16
04计划,paper,"""design structure matrix"" project dependency",title_abstract_not_on_topic,10.53022/oarjet.2026.10.2.0051,2026-08-16
04计划,paper,"""design structure matrix"" project dependency",title_abstract_not_on_topic,10.1007/s00163-023-00426-2,2026-08-16
04计划,paper,"""design structure matrix"" project dependency",title_abstract_not_on_topic,Semantic-Enhanced Automatic Refinement of Architecture Recovery Results Using LLMs,2026-08-16
04计划,paper,"""design structure matrix"" project dependency",title_abstract_not_on_topic,10.34140/bjbv7n1-007,2026-08-16
04计划,paper,"""design structure matrix"" project dependency",title_abstract_not_on_topic,10.3389/fmech.2024.1178501,2026-08-16
04计划,paper,"""design structure matrix"" project dependency",title_abstract_not_on_topic,10.3390/aerospace11030193,2026-08-16
04计划,paper,"""design structure matrix"" project dependency",title_abstract_not_on_topic,GENAI WORKBENCH: AI-Assisted Analysis and Synthesis of Engineering Systems from Multimodal Engineering Data,2026-08-16
04计划,paper,"""design structure matrix"" project dependency",title_abstract_not_on_topic,10.1038/s41598-025-17689-5,2026-08-16
04计划,paper,"""design structure matrix"" project dependency",title_abstract_not_on_topic,10.1002/joom.1352,2026-08-16
04计划,paper,"""design structure matrix"" project dependency",title_abstract_not_on_topic,10.55041/ijsrem33903,2026-08-16
04计划,paper,"""design structure matrix"" project dependency",title_abstract_not_on_topic,10.3390/en16207070,2026-08-16
04计划,paper,"""design structure matrix"" project dependency",title_abstract_not_on_topic,10.1016/j.jobe.2024.111413,2026-08-16
04计划,paper,"""design structure matrix"" project dependency",title_abstract_not_on_topic,10.3991/ijim.v19i16.57605,2026-08-16
04计划,paper,"""design structure matrix"" project dependency",title_abstract_not_on_topic,10.1016/j.rser.2026.117305,2026-08-16
04计划,paper,"""design structure matrix"" project dependency",title_abstract_not_on_topic,10.1016/j.ijproman.2024.102634,2026-08-16
04计划,paper,"""design structure matrix"" project dependency",title_abstract_not_on_topic,10.1017/dsj.2024.30,2026-08-16
04计划,paper,"""design structure matrix"" project dependency",title_abstract_not_on_topic,10.1016/j.trip.2026.101880,2026-08-16
04计划,paper,"""design structure matrix"" project dependency",title_abstract_not_on_topic,10.1177/87569728241248033,2026-08-16
04计划,paper,"""design structure matrix"" project dependency",title_abstract_not_on_topic,10.1017/dsj.2024.5,2026-08-16
04计划,paper,"""design structure matrix"" project dependency",title_abstract_not_on_topic,10.3390/systems12010018,2026-08-16
04计划,paper,"""design structure matrix"" project dependency",title_abstract_not_on_topic,10.3390/aerospace11090702,2026-08-16
04计划,paper,"""design structure matrix"" project dependency",title_abstract_not_on_topic,10.1016/j.ymssp.2024.111459,2026-08-16
04计划,paper,"""design structure matrix"" project dependency",title_abstract_not_on_topic,10.1007/s11740-024-01307-w,2026-08-16
04计划,paper,"""design structure matrix"" project dependency",title_abstract_not_on_topic,10.21203/rs.3.rs-10496293/v1,2026-08-16
04计划,paper,"""design structure matrix"" project dependency",title_abstract_not_on_topic,10.1080/09544828.2024.2318991,2026-08-16
04计划,paper,"""design structure matrix"" project dependency",title_abstract_not_on_topic,10.3390/systems14050477,2026-08-16
04计划,paper,"""design structure matrix"" project dependency",title_abstract_not_on_topic,10.1007/s43069-025-00453-w,2026-08-16
04计划,paper,"""design structure matrix"" project dependency",title_abstract_not_on_topic,10.1007/s41469-023-00161-x,2026-08-16
04计划,paper,"""design structure matrix"" project dependency",title_abstract_not_on_topic,10.1111/risa.14253,2026-08-16
04计划,paper,"""design structure matrix"" project dependency",title_abstract_not_on_topic,10.3390/pr12010022,2026-08-16
04计划,paper,"""design structure matrix"" project dependency",title_abstract_not_on_topic,10.1007/s00163-024-00439-5,2026-08-16
04计划,paper,"""design structure matrix"" project dependency",title_abstract_not_on_topic,10.1007/s00603-025-04744-w,2026-08-16
04计划,paper,"""design structure matrix"" project dependency",title_abstract_not_on_topic,10.1002/sys.21796,2026-08-16
04计划,paper,"""design structure matrix"" project dependency",title_abstract_not_on_topic,10.56042/jsir.v82i12.289,2026-08-16
04计划,paper,"""design structure matrix"" project dependency",title_abstract_not_on_topic,10.1007/s11740-023-01248-w,2026-08-16
04计划,paper,"""design structure matrix"" project dependency",title_abstract_not_on_topic,10.23977/jemm.2025.100205,2026-08-16
04计划,paper,"""design structure matrix"" project dependency",title_abstract_not_on_topic,10.1108/ecam-07-2022-0669,2026-08-16
04计划,paper,"""design structure matrix"" project dependency",title_abstract_not_on_topic,10.1017/dsj.2024.21,2026-08-16
04计划,paper,"""design structure matrix"" project dependency",title_abstract_not_on_topic,10.1002/sys.21772,2026-08-16
04计划,paper,"""design structure matrix"" project dependency",title_abstract_not_on_topic,10.5194/wes-10-695-2025,2026-08-16
04计划,paper,"""design structure matrix"" project dependency",title_abstract_not_on_topic,10.3390/math12111745,2026-08-16
04计划,paper,"""design structure matrix"" project dependency",title_abstract_not_on_topic,10.3390/su151914422,2026-08-16
04计划,paper,"""design structure matrix"" project dependency",title_abstract_not_on_topic,10.1016/j.clscn.2023.100123,2026-08-16
04计划,paper,"""design structure matrix"" project dependency",title_abstract_not_on_topic,10.3390/aerospace12050389,2026-08-16
04计划,paper,"""design structure matrix"" project dependency",title_abstract_not_on_topic,10.1080/09544828.2023.2259741,2026-08-16
04计划,paper,"""design structure matrix"" project dependency",title_abstract_not_on_topic,10.1093/jcde/qwae112,2026-08-16
04计划,paper,"""design structure matrix"" project dependency",title_abstract_not_on_topic,10.22581/muet1982.3202,2026-08-16
04计划,paper,"""design structure matrix"" project dependency",title_abstract_not_on_topic,10.3390/app15041998,2026-08-16
04计划,paper,"""design structure matrix"" project dependency",title_abstract_not_on_topic,10.7717/peerj-cs.1597,2026-08-16
04计划,paper,"""design structure matrix"" project dependency",title_abstract_not_on_topic,10.1080/09544828.2023.2273248,2026-08-16
04计划,paper,"""design structure matrix"" project dependency",title_abstract_not_on_topic,10.1017/dsj.2024.48,2026-08-16
04计划,paper,"""design structure matrix"" project dependency",title_abstract_not_on_topic,10.31026/j.eng.2023.08.06,2026-08-16
04计划,paper,"""design structure matrix"" project dependency",title_abstract_not_on_topic,10.3390/su16156385,2026-08-16
04计划,paper,"""design structure matrix"" project dependency",title_abstract_not_on_topic,10.3390/buildings14092921,2026-08-16
04计划,paper,"""design structure matrix"" project dependency",title_abstract_not_on_topic,10.1007/s10626-024-00403-4,2026-08-16
04计划,paper,"""design structure matrix"" project dependency",title_abstract_not_on_topic,10.3390/jcs8030109,2026-08-16
04计划,paper,"""design structure matrix"" project dependency",title_abstract_not_on_topic,10.1017/dsj.2025.9,2026-08-16
04计划,paper,"""design structure matrix"" project dependency",title_abstract_not_on_topic,10.1016/j.eswa.2025.130172,2026-08-16
04计划,paper,"""design structure matrix"" project dependency",title_abstract_not_on_topic,10.1016/j.mechatronics.2024.103236,2026-08-16
04计划,paper,"""design structure matrix"" project dependency",title_abstract_not_on_topic,10.5194/wes-9-2283-2024,2026-08-16
04计划,paper,"""design structure matrix"" project dependency",title_abstract_not_on_topic,10.1109/tem.2024.3463179,2026-08-16
04计划,paper,"""design structure matrix"" project dependency",title_abstract_not_on_topic,10.22399/ijcesen.3818,2026-08-16
04计划,paper,"""activity dependency"" project schedule",title_abstract_not_on_topic,10.3390/buildings14040934,2026-08-16
04计划,paper,"""activity dependency"" project schedule",title_abstract_not_on_topic,10.20944/preprints202402.0139.v1,2026-08-16
04计划,paper,"""activity dependency"" project schedule",title_abstract_not_on_topic,10.24200/sci.2023.59493.6275,2026-08-16
04计划,paper,"""activity dependency"" project schedule",title_abstract_not_on_topic,10.1007/s10951-025-00857-w,2026-08-16
04计划,paper,"""activity dependency"" project schedule",title_abstract_not_on_topic,10.3390/buildings15030393,2026-08-16
04计划,paper,"""activity dependency"" project schedule",title_abstract_not_on_topic,10.1038/s41598-025-02837-8,2026-08-16
04计划,paper,"""activity dependency"" project schedule",title_abstract_not_on_topic,10.37934/araset.34.2.3049,2026-08-16
04计划,paper,"""activity dependency"" project schedule",title_abstract_not_on_topic,10.3390/buildings13102569,2026-08-16
04计划,paper,"""activity dependency"" project schedule",title_abstract_not_on_topic,10.1155/adce/7915818,2026-08-16
04计划,paper,"""activity dependency"" project schedule",title_abstract_not_on_topic,10.48550/arxiv.2312.12906,2026-08-16
04计划,paper,"""activity dependency"" project schedule",title_abstract_not_on_topic,10.31893/multiscience.2026362,2026-08-16
04计划,paper,"""activity dependency"" project schedule",title_abstract_not_on_topic,10.32497/bangunrekaprima.v11i2.7224,2026-08-16
04计划,paper,"""activity dependency"" project schedule",title_abstract_not_on_topic,10.63125/qrs97v10,2026-08-16
04计划,paper,"""activity dependency"" project schedule",title_abstract_not_on_topic,10.63125/t5h1bc22,2026-08-16
04计划,paper,"""activity dependency"" project schedule",title_abstract_not_on_topic,10.3934/jimo.2026054,2026-08-16
04计划,paper,"""activity dependency"" project schedule",title_abstract_not_on_topic,10.25258/ijddt.16.55s.12,2026-08-16
04计划,paper,"""activity dependency"" project schedule",title_abstract_not_on_topic,10.55324/josr.v4i9.2761,2026-08-16
04计划,paper,"""activity dependency"" project schedule",title_abstract_not_on_topic,10.59141/jrssem.v5i12.1528,2026-08-16
04计划,paper,"""activity dependency"" project schedule",title_abstract_not_on_topic,10.56238/isevmjv3n6-016,2026-08-16
04计划,paper,"""activity dependency"" project schedule",title_abstract_not_on_topic,10.1111/mice.70140,2026-08-16
04计划,paper,"""activity dependency"" project schedule",title_abstract_not_on_topic,10.47772/ijriss.2026.100601251,2026-08-16
04计划,paper,"""activity dependency"" project schedule",title_abstract_not_on_topic,10.2139/ssrn.7075427,2026-08-16
04计划,paper,"""activity dependency"" project schedule",title_abstract_not_on_topic,10.1111/itor.70064,2026-08-16
04计划,paper,"""activity dependency"" project schedule",title_abstract_not_on_topic,10.1016/j.cosrev.2024.100655,2026-08-16
04计划,paper,"""activity dependency"" project schedule",title_abstract_not_on_topic,10.1016/j.enbuild.2024.114639,2026-08-16
04计划,paper,"""activity dependency"" project schedule",title_abstract_not_on_topic,10.55524/ijircst.2025.13.4.9,2026-08-16
04计划,paper,"""activity dependency"" project schedule",title_abstract_not_on_topic,10.1016/j.rcim.2025.103043,2026-08-16
04计划,paper,"""activity dependency"" project schedule",title_abstract_not_on_topic,10.3390/computers13120331,2026-08-16
04计划,paper,"""activity dependency"" project schedule",title_abstract_not_on_topic,10.31449/inf.v49i23.7716,2026-08-16
04计划,paper,"""activity dependency"" project schedule",title_abstract_not_on_topic,10.56294/sctconf2024677,2026-08-16
04计划,paper,"""activity dependency"" project schedule",title_abstract_not_on_topic,10.1017/pds.2024.264,2026-08-16
04计划,paper,"""activity dependency"" project schedule",title_abstract_not_on_topic,10.3390/systems11090468,2026-08-16
04计划,paper,"""activity dependency"" project schedule",title_abstract_not_on_topic,10.48550/arxiv.2410.03788,2026-08-16
04计划,paper,"""activity dependency"" project schedule",title_abstract_not_on_topic,10.3390/su162310729,2026-08-16
04计划,paper,"""activity dependency"" project schedule",title_abstract_not_on_topic,10.1007/s11213-025-09716-3,2026-08-16
04计划,paper,"""activity dependency"" project schedule",title_abstract_not_on_topic,10.20944/preprints202506.0877.v1,2026-08-16
04计划,paper,"""activity dependency"" project schedule",title_abstract_not_on_topic,10.3390/e27070686,2026-08-16
04计划,paper,"""activity dependency"" project schedule",title_abstract_not_on_topic,10.1145/3771727,2026-08-16
04计划,paper,"""activity dependency"" project schedule",title_abstract_not_on_topic,10.1111/bcpt.14112,2026-08-16
04计划,paper,"""activity dependency"" project schedule",title_abstract_not_on_topic,10.9734/ajaees/2025/v43i82804,2026-08-16
04计划,paper,"""activity dependency"" project schedule",title_abstract_not_on_topic,10.62225/2583049x.2026.6.3.6220,2026-08-16
04计划,paper,"""activity dependency"" project schedule",title_abstract_not_on_topic,10.55041/ijcope.v2i7.172,2026-08-16
04计划,paper,"""activity dependency"" project schedule",title_abstract_not_on_topic,10.25258/ijddt.16.67s.184,2026-08-16
04计划,paper,"""activity dependency"" project schedule",title_abstract_not_on_topic,10.55248/gengpi.6.0525.2024,2026-08-16
04计划,paper,"""activity dependency"" project schedule",title_abstract_not_on_topic,10.3390/computers15040227,2026-08-16
04计划,paper,"""activity dependency"" project schedule",title_abstract_not_on_topic,AI for Business Agility: Impact on Development Teams and Projects Delivery,2026-08-16
04计划,paper,"""activity dependency"" project schedule",title_abstract_not_on_topic,10.14419/ijet.v7i3.20.22962,2026-08-16
04计划,paper,"""activity dependency"" project schedule",title_abstract_not_on_topic,10.31224/4770,2026-08-16
04计划,paper,"""activity dependency"" project schedule",title_abstract_not_on_topic,10.56911/jik.v5i1.232,2026-08-16
04计划,paper,"""activity dependency"" project schedule",title_abstract_not_on_topic,10.48550/arxiv.2408.14791,2026-08-16
04计划,paper,"""activity dependency"" project schedule",title_abstract_not_on_topic,10.11591/ijeecs.v39.i3.pp1652-1660,2026-08-16
04计划,paper,"""activity dependency"" project schedule",title_abstract_not_on_topic,10.21203/rs.3.rs-9467279/v1,2026-08-16
04计划,paper,"""activity dependency"" project schedule",title_abstract_not_on_topic,10.47119/ijrp1001991620269500,2026-08-16
04计划,paper,"""activity dependency"" project schedule",title_abstract_not_on_topic,pMeta-BPMN based on probability theory,2026-08-16
04计划,paper,"""activity dependency"" project schedule",title_abstract_not_on_topic,10.20944/preprints202506.0877.v2,2026-08-16
04计划,paper,"""activity dependency"" project schedule",title_abstract_not_on_topic,10.3389/fdgth.2026.1745662,2026-08-16
04计划,paper,"""activity dependency"" project schedule",title_abstract_not_on_topic,10.21608/mnj.2025.343834.1470,2026-08-16
04计划,paper,"""activity dependency"" project schedule",title_abstract_not_on_topic,10.21203/rs.3.rs-6786102/v1,2026-08-16
04计划,paper,"""activity dependency"" project schedule",title_abstract_not_on_topic,10.3390/admsci15110436,2026-08-16
04计划,paper,"""activity dependency"" project schedule",title_abstract_not_on_topic,Cultural asset mapping as a foundation for developing a Grand Council Treaty #3-led Ecotourism Strategy,2026-08-16
04计划,paper,"""activity dependency"" project schedule",title_abstract_not_on_topic,10.48550/arxiv.2509.14536,2026-08-16
04计划,paper,"""activity dependency"" project schedule",title_abstract_not_on_topic,10.34140/bjbv7n1-007,2026-08-16
04计划,paper,"""activity dependency"" project schedule",title_abstract_not_on_topic,10.48550/arxiv.2501.10543,2026-08-16
04计划,paper,"""activity dependency"" project schedule",title_abstract_not_on_topic,10.70924/uv4px7jt/8tgjulob,2026-08-16
04计划,paper,"""activity dependency"" project schedule",title_abstract_not_on_topic,“Mange bekker små”: Scaling up Norwegian SMEs’ Actions Towards Nature and Biodiversity,2026-08-16
04计划,paper,"""activity dependency"" project schedule",title_abstract_not_on_topic,10.48550/arxiv.2405.16396,2026-08-16
04计划,paper,"""critical path method"" project schedule baseline",title_abstract_not_on_topic,10.3390/buildings15173004,2026-08-16
04计划,paper,"""critical path method"" project schedule baseline",title_abstract_not_on_topic,10.1108/sasbe-11-2024-0488,2026-08-16
04计划,paper,"""critical path method"" project schedule baseline",title_abstract_not_on_topic,10.1016/j.dibe.2023.100300,2026-08-16
04计划,paper,"""critical path method"" project schedule baseline",title_abstract_not_on_topic,10.36676/irt.v10.i2.1481,2026-08-16
04计划,paper,"""critical path method"" project schedule baseline",title_abstract_not_on_topic,10.3390/su16020476,2026-08-16
04计划,paper,"""critical path method"" project schedule baseline",title_abstract_not_on_topic,10.69739/sjet.v2i1.314,2026-08-16
04计划,paper,"""critical path method"" project schedule baseline",title_abstract_not_on_topic,10.1080/13467581.2025.2486744,2026-08-16
04计划,paper,"""critical path method"" project schedule baseline",title_abstract_not_on_topic,10.1108/sasbe-10-2025-0616,2026-08-16
04计划,paper,"""critical path method"" project schedule baseline",title_abstract_not_on_topic,10.38124/ijisrt/25dec914,2026-08-16
04计划,paper,"""critical path method"" project schedule baseline",title_abstract_not_on_topic,10.1038/s41598-026-42832-1,2026-08-16
04计划,paper,"""critical path method"" project schedule baseline",title_abstract_not_on_topic,10.1111/itor.70064,2026-08-16
04计划,paper,"""critical path method"" project schedule baseline",title_abstract_not_on_topic,10.31449/inf.v50i8.10536,2026-08-16
04计划,paper,"""critical path method"" project schedule baseline",title_abstract_not_on_topic,10.24014/jti.v11i1.37009,2026-08-16
04计划,paper,"""critical path method"" project schedule baseline",title_abstract_not_on_topic,10.37745/ijpger.17v9n1127,2026-08-16
04计划,paper,"""critical path method"" project schedule baseline",title_abstract_not_on_topic,10.9770/jesi.2023.11.1(20),2026-08-16
04计划,paper,"""critical path method"" project schedule baseline",title_abstract_not_on_topic,10.3390/buildings13092379,2026-08-16
04计划,paper,"""critical path method"" project schedule baseline",title_abstract_not_on_topic,10.1061/jladah.ladr-897,2026-08-16
04计划,paper,"""critical path method"" project schedule baseline",title_abstract_not_on_topic,10.3390/buildings13112890,2026-08-16
04计划,paper,"""critical path method"" project schedule baseline",title_abstract_not_on_topic,10.1080/21693277.2024.2319574,2026-08-16
04计划,paper,"""critical path method"" project schedule baseline",title_abstract_not_on_topic,10.54660/.ijmrge.2025.6.6.1434-1451,2026-08-16
04计划,paper,"""critical path method"" project schedule baseline",title_abstract_not_on_topic,10.23917/jkk.v5i1.967,2026-08-16
04计划,paper,"""critical path method"" project schedule baseline",title_abstract_not_on_topic,10.24200/sci.2023.59493.6275,2026-08-16
04计划,paper,"""critical path method"" project schedule baseline",title_abstract_not_on_topic,When Parallelism Pays Off: Cohesion-Aware Task Partitioning for Multi-Agent Coding,2026-08-16
04计划,paper,"""critical path method"" project schedule baseline",title_abstract_not_on_topic,Optimizing Task Completion Time Updates Using POMDPs,2026-08-16
04计划,paper,"""critical path method"" project schedule baseline",title_abstract_not_on_topic,10.2507/ijsimm23-1-667,2026-08-16
04计划,paper,"""critical path method"" project schedule baseline",title_abstract_not_on_topic,10.37610/dyo.v0i82.662,2026-08-16
04计划,paper,"""critical path method"" project schedule baseline",title_abstract_not_on_topic,10.18282/hrms4399,2026-08-16
04计划,paper,"""critical path method"" project schedule baseline",title_abstract_not_on_topic,10.36680/j.itcon.2024.011,2026-08-16
04计划,paper,"""critical path method"" project schedule baseline",title_abstract_not_on_topic,10.21076/vizyoner.1332082,2026-08-16
04计划,paper,"""critical path method"" project schedule baseline",title_abstract_not_on_topic,10.1080/01446193.2023.2270080,2026-08-16
04计划,paper,"""critical path method"" project schedule baseline",title_abstract_not_on_topic,10.3390/info14120632,2026-08-16
04计划,paper,"""critical path method"" project schedule baseline",title_abstract_not_on_topic,10.1016/j.heliyon.2025.e41741,2026-08-16
04计划,paper,"""critical path method"" project schedule baseline",title_abstract_not_on_topic,10.1007/s44290-024-00158-9,2026-08-16
04计划,paper,"""critical path method"" project schedule baseline",title_abstract_not_on_topic,10.30574/gscarr.2023.17.3.0467,2026-08-16
04计划,paper,"""critical path method"" project schedule baseline",title_abstract_not_on_topic,10.3390/su16209042,2026-08-16
04计划,paper,"""critical path method"" project schedule baseline",title_abstract_not_on_topic,10.1016/j.autcon.2025.106550,2026-08-16
04计划,paper,"""critical path method"" project schedule baseline",title_abstract_not_on_topic,10.2139/ssrn.6588119,2026-08-16
04计划,paper,"""critical path method"" project schedule baseline",title_abstract_not_on_topic,10.1007/s10479-025-06668-8,2026-08-16
04计划,paper,"""critical path method"" project schedule baseline",title_abstract_not_on_topic,10.1007/s44290-025-00193-0,2026-08-16
04计划,paper,"""critical path method"" project schedule baseline",title_abstract_not_on_topic,10.31796/ogummf.1718264,2026-08-16
04计划,paper,"""critical path method"" project schedule baseline",title_abstract_not_on_topic,10.3390/infrastructures9040075,2026-08-16
04计划,paper,"""critical path method"" project schedule baseline",title_abstract_not_on_topic,10.36680/j.itcon.2025.031,2026-08-16
04计划,paper,"""critical chain project management"" buffer",title_abstract_not_on_topic,10.1299/jamdsm.2024jamdsm0085,2026-08-16
04计划,paper,"""critical chain project management"" buffer",title_abstract_not_on_topic,10.3846/jcem.2024.20809,2026-08-16
04计划,paper,"""critical chain project management"" buffer",title_abstract_not_on_topic,10.2139/ssrn.5402481,2026-08-16
04计划,paper,"""critical chain project management"" buffer",title_abstract_not_on_topic,10.1080/09537287.2024.2349231,2026-08-16
04计划,paper,"""critical chain project management"" buffer",title_abstract_not_on_topic,10.1061/jladah.ladr-897,2026-08-16
04计划,paper,"""critical chain project management"" buffer",title_abstract_not_on_topic,10.1007/s12063-023-00431-7,2026-08-16
04计划,paper,"""critical chain project management"" buffer",title_abstract_not_on_topic,10.1016/j.dibe.2024.100524,2026-08-16
04计划,paper,"""critical chain project management"" buffer",title_abstract_not_on_topic,10.1038/s41598-025-12779-w,2026-08-16
04计划,paper,"""critical chain project management"" buffer",title_abstract_not_on_topic,10.36680/j.itcon.2024.053,2026-08-16
04计划,paper,"""critical chain project management"" buffer",title_abstract_not_on_topic,10.64599/hvnw6139,2026-08-16
04计划,paper,"""critical chain project management"" buffer",title_abstract_not_on_topic,10.47456/bjpe.v9i4.42244,2026-08-16
04计划,paper,"""critical chain project management"" buffer",title_abstract_not_on_topic,10.1590/0103-6513.20250032,2026-08-16
04计划,paper,"""critical chain project management"" buffer",title_abstract_not_on_topic,10.22337/2073-8412-2025-2-77-82,2026-08-16
04计划,paper,"""critical chain project management"" buffer",title_abstract_not_on_topic,10.1080/00207543.2024.2359044,2026-08-16
04计划,paper,"""critical chain project management"" buffer",title_abstract_not_on_topic,10.29173/mocs315,2026-08-16
04计划,paper,"""critical chain project management"" buffer",title_abstract_not_on_topic,10.55677/gjefr/10-2025-vol02e12,2026-08-16
04计划,paper,"""critical chain project management"" buffer",title_abstract_not_on_topic,10.7769/gesec.v14i9.2720,2026-08-16
04计划,paper,"""critical chain project management"" buffer",title_abstract_not_on_topic,10.28948/ngumuh.1315857,2026-08-16
04计划,paper,"""critical chain project management"" buffer",title_abstract_not_on_topic,10.1016/j.ijproman.2024.102563,2026-08-16
04计划,paper,"""critical chain project management"" buffer",title_abstract_not_on_topic,10.26552/tac.c.2023.2.2,2026-08-16
04计划,paper,"""critical chain project management"" buffer",title_abstract_not_on_topic,10.58192/ocean.v2i3.1184,2026-08-16
04计划,paper,"""critical chain project management"" buffer",title_abstract_not_on_topic,10.2478/amns.2023.2.00299,2026-08-16
04计划,paper,"""critical chain project management"" buffer",title_abstract_not_on_topic,10.28926/briliant.v11i2.2348,2026-08-16
04计划,paper,"""critical chain project management"" buffer",title_abstract_not_on_topic,10.15675/gepros.3002,2026-08-16
04计划,paper,"""critical chain project management"" buffer",title_abstract_not_on_topic,10.71364/ijte.v1i2.11,2026-08-16
04计划,paper,"""critical chain project management"" buffer",title_abstract_not_on_topic,10.3390/businesses4040031,2026-08-16
04计划,paper,"""critical chain project management"" buffer",title_abstract_not_on_topic,10.36676/irt.v10.i2.1481,2026-08-16
04计划,paper,"""critical chain project management"" buffer",title_abstract_not_on_topic,10.30811/portal.v17i2.8590,2026-08-16
04计划,paper,"""critical chain project management"" buffer",title_abstract_not_on_topic,10.59188/eduvest.v6i1.52348,2026-08-16
04计划,paper,"""critical chain project management"" buffer",title_abstract_not_on_topic,10.15276/eltecs.44.120.2025.2,2026-08-16
04计划,paper,"""critical chain project management"" buffer",title_abstract_not_on_topic,10.55041/ijcope.v2i7.172,2026-08-16
04计划,paper,"""critical chain project management"" buffer",title_abstract_not_on_topic,10.31224/4920,2026-08-16
04计划,paper,"""critical chain project management"" buffer",title_abstract_not_on_topic,10.32832/komposit.v9i1.16135,2026-08-16
04计划,paper,"""critical chain project management"" buffer",title_abstract_not_on_topic,10.21608/jces.2024.391259,2026-08-16
04计划,paper,"""critical chain project management"" buffer",title_abstract_not_on_topic,10.62225/2583049x.2026.6.1.5591,2026-08-16
04计划,paper,"""critical chain project management"" buffer",title_abstract_not_on_topic,10.55248/gengpi.6.0625.21101,2026-08-16
04计划,paper,"""critical chain project management"" buffer",title_abstract_not_on_topic,10.22452/jpmp.vol6no1.4,2026-08-16
04计划,paper,"""critical chain project management"" buffer",title_abstract_not_on_topic,10.70917/ijcisim-2026-0020,2026-08-16
04计划,paper,"""critical chain project management"" buffer",title_abstract_not_on_topic,10.30574/ijsra.2025.14.1.2657,2026-08-16
04计划,paper,"""critical chain project management"" buffer",title_abstract_not_on_topic,10.22158/ibes.v6n2p274,2026-08-16
04计划,paper,"""critical chain project management"" buffer",title_abstract_not_on_topic,10.58257/ijprems53412,2026-08-16
04计划,paper,"""critical chain project management"" buffer",title_abstract_not_on_topic,10.70393/6a6574626d.333937,2026-08-16
04计划,paper,"""critical chain project management"" buffer",title_abstract_not_on_topic,10.51343/revtrascender.v3i1.1657,2026-08-16
04计划,paper,"""critical chain project management"" buffer",title_abstract_not_on_topic,10.63125/5v6t8515,2026-08-16
04计划,paper,"""critical chain project management"" buffer",title_abstract_not_on_topic,10.54660/.ijmrge.2025.6.6.1434-1451,2026-08-16
04计划,paper,"""critical chain project management"" buffer",title_abstract_not_on_topic,10.63125/kcvqee28,2026-08-16
04计划,paper,"""critical chain project management"" buffer",title_abstract_not_on_topic,10.22159/ijap.2026v18i1.53438,2026-08-16
04计划,paper,"""last planner system"" lookahead planning",title_abstract_not_on_topic,10.60164/wxshl6tcv,2026-08-16
04计划,paper,"""last planner system"" lookahead planning",title_abstract_not_on_topic,10.21009/jpensil.v14i2.54389,2026-08-16
04计划,paper,"""last planner system"" lookahead planning",title_abstract_not_on_topic,10.3390/buildings15132349,2026-08-16
04计划,paper,"""last planner system"" lookahead planning",title_abstract_not_on_topic,10.20944/preprints202310.0201.v1,2026-08-16
04计划,paper,"""last planner system"" lookahead planning",title_abstract_not_on_topic,10.3989/ic.6452,2026-08-16
04计划,paper,"""last planner system"" lookahead planning",title_abstract_not_on_topic,10.56048/mqr20225.7.4.2023.2164-2197,2026-08-16
04计划,paper,"""last planner system"" lookahead planning",title_abstract_not_on_topic,10.48550/arxiv.2311.18361,2026-08-16
04计划,paper,"""last planner system"" lookahead planning",title_abstract_not_on_topic,10.3390/buildings13092379,2026-08-16
04计划,paper,"""last planner system"" lookahead planning",title_abstract_not_on_topic,10.1108/sasbe-12-2023-0379,2026-08-16
04计划,paper,"""last planner system"" lookahead planning",title_abstract_not_on_topic,10.31284/j.iptek.2024.v28i2.5924,2026-08-16
04计划,paper,"""last planner system"" lookahead planning",title_abstract_not_on_topic,10.59141/jiss.v7i5.2338,2026-08-16
04计划,paper,"""last planner system"" lookahead planning",title_abstract_not_on_topic,10.30996/jspts.v5i2.12066,2026-08-16
04计划,paper,"""last planner system"" lookahead planning",title_abstract_not_on_topic,10.1016/j.autcon.2023.105224,2026-08-16
04计划,paper,"""last planner system"" lookahead planning",title_abstract_not_on_topic,10.1016/j.autcon.2025.106066,2026-08-16
04计划,paper,"""last planner system"" lookahead planning",title_abstract_not_on_topic,10.37811/cl_rcm.v7i5.8400,2026-08-16
04计划,paper,"""last planner system"" lookahead planning",title_abstract_not_on_topic,10.1016/j.dibe.2024.100524,2026-08-16
04计划,paper,"""last planner system"" lookahead planning",title_abstract_not_on_topic,10.1080/01446193.2023.2270080,2026-08-16
04计划,paper,"""last planner system"" lookahead planning",title_abstract_not_on_topic,10.3390/su16051857,2026-08-16
04计划,paper,"""last planner system"" lookahead planning",title_abstract_not_on_topic,10.36680/j.itcon.2024.053,2026-08-16
04计划,paper,"""last planner system"" lookahead planning",title_abstract_not_on_topic,10.1061/jcemd4.coeng-14204,2026-08-16
04计划,paper,"""last planner system"" lookahead planning",title_abstract_not_on_topic,10.59188/eduvest.v6i1.52348,2026-08-16
04计划,paper,"""last planner system"" lookahead planning",title_abstract_not_on_topic,10.36680/j.itcon.2024.011,2026-08-16
04计划,paper,"""last planner system"" lookahead planning",title_abstract_not_on_topic,10.47820/recima21.v6i1.7031,2026-08-16
04计划,paper,"""last planner system"" lookahead planning",title_abstract_not_on_topic,10.30534/ijeter/2025/011392025,2026-08-16
04计划,paper,"""last planner system"" lookahead planning",title_abstract_not_on_topic,10.29173/ijic336,2026-08-16
04计划,paper,"""last planner system"" lookahead planning",title_abstract_not_on_topic,10.47861/jkpu-nalanda.v4i3.2352,2026-08-16
04计划,paper,"""last planner system"" lookahead planning",title_abstract_not_on_topic,10.1061/jcemd4.coeng-14166,2026-08-16
04计划,paper,"""last planner system"" lookahead planning",title_abstract_not_on_topic,10.3390/su151813809,2026-08-16
04计划,paper,"""last planner system"" lookahead planning",title_abstract_not_on_topic,10.3390/buildings15162976,2026-08-16
04计划,paper,"""last planner system"" lookahead planning",title_abstract_not_on_topic,10.26437/p70jga84,2026-08-16
04计划,paper,"""last planner system"" lookahead planning",title_abstract_not_on_topic,"Development of a scope, budget and time control model for public sector projects using Power Bi tools. Case Study: “Expansion and improvement of drinking water and sewage systems in sectors 346, 347, 348, 349, 350 and 351 - Collique District of Comas”.",2026-08-16
04计划,paper,"""last planner system"" lookahead planning",title_abstract_not_on_topic,Diseño de un sistema de producción basado en Project Production Management para reducir el impacto de la variabilidad en la construcción de la cisterna de agua de un proyecto de vivienda multifamiliar masiva,2026-08-16
04计划,paper,"""last planner system"" lookahead planning",title_abstract_not_on_topic,10.28926/briliant.v11i2.2348,2026-08-16
04计划,paper,"""last planner system"" lookahead planning",title_abstract_not_on_topic,10.36680/j.itcon.2025.049,2026-08-16
04计划,paper,"""last planner system"" lookahead planning",title_abstract_not_on_topic,10.1007/s10606-023-09479-2,2026-08-16
04计划,paper,"""last planner system"" lookahead planning",title_abstract_not_on_topic,10.5937/jaes0-51301,2026-08-16
04计划,paper,"""last planner system"" lookahead planning",title_abstract_not_on_topic,10.66563/a980ag02,2026-08-16
04计划,paper,"""last planner system"" lookahead planning",title_abstract_not_on_topic,10.33087/civronlit.v8i2.119,2026-08-16
04计划,paper,"""last planner system"" lookahead planning",title_abstract_not_on_topic,10.64388/irev10i1-1719715,2026-08-16
04计划,paper,"""last planner system"" lookahead planning",title_abstract_not_on_topic,10.32722/cmj.v6i2.5986,2026-08-16
04计划,paper,"""last planner system"" lookahead planning",title_abstract_not_on_topic,10.55681/armada.v4i7.3099,2026-08-16
04计划,paper,"""last planner system"" lookahead planning",title_abstract_not_on_topic,10.1061/jccee5.cpeng-6877,2026-08-16
04计划,paper,"""last planner system"" lookahead planning",title_abstract_not_on_topic,10.21744/irjmis.v12n3.2517,2026-08-16
04计划,paper,"""last planner system"" lookahead planning",title_abstract_not_on_topic,10.36676/irt.v10.i2.1481,2026-08-16
04计划,paper,"""last planner system"" lookahead planning",title_abstract_not_on_topic,10.25258/ijddt.16.67s.46,2026-08-16
04计划,paper,"""last planner system"" lookahead planning",title_abstract_not_on_topic,Enhancing the Efficiency of a Construction Company through the Application of Lean Construction and DMAIC in the Project Planning Process,2026-08-16
04计划,paper,"""last planner system"" lookahead planning",title_abstract_not_on_topic,10.11159/jffhmt.2025.048,2026-08-16
04计划,paper,"""last planner system"" lookahead planning",title_abstract_not_on_topic,Jogos didáticos : evolução de aplicação como técnica de ensino para a comunidade da Construção Enxuta,2026-08-16
04计划,paper,"""last planner system"" lookahead planning",title_abstract_not_on_topic,10.1590/s1678-86212024000100728,2026-08-16
04计划,paper,"""last planner system"" lookahead planning",title_abstract_not_on_topic,10.70208/3007.8245.v4.n2.43,2026-08-16
04计划,paper,"""last planner system"" lookahead planning",title_abstract_not_on_topic,Optimización de la productividad en el proyecto Paseo Grau aplicando la filosofía lean construction,2026-08-16
04计划,paper,"""last planner system"" lookahead planning",title_abstract_not_on_topic,10.35629/8193-10086574,2026-08-16
04计划,paper,"""last planner system"" lookahead planning",title_abstract_not_on_topic,10.54033/cadpedv22n10-135,2026-08-16
04计划,paper,"""last planner system"" lookahead planning",title_abstract_not_on_topic,10.70577/asce.v5i2.954,2026-08-16
04计划,paper,"""last planner system"" lookahead planning",title_abstract_not_on_topic,Bridging the Gap Between Agility and Planning,2026-08-16
04计划,paper,"""last planner system"" lookahead planning",title_abstract_not_on_topic,10.17159/2309-8775/2025/v67n3a6,2026-08-16
04计划,paper,"""last planner system"" lookahead planning",title_abstract_not_on_topic,10.63125/jce79s31,2026-08-16
04计划,paper,"""last planner system"" lookahead planning",title_abstract_not_on_topic,10.3846/jcem.2026.26156,2026-08-16
04计划,paper,"""last planner system"" lookahead planning",title_abstract_not_on_topic,10.37082/ijirmps.v13.i6.232880,2026-08-16
04计划,paper,"""last planner system"" lookahead planning",title_abstract_not_on_topic,10.47191/etj/v9i09.21,2026-08-16
04计划,paper,"""last planner system"" lookahead planning",title_abstract_not_on_topic,10.29367/issn.1809-3957.2023.10.214.112,2026-08-16
04计划,paper,"""last planner system"" lookahead planning",title_abstract_not_on_topic,10.29367/issn.1809-3957.2023.10.214.24,2026-08-16
04计划,paper,"""last planner system"" lookahead planning",title_abstract_not_on_topic,10.29367/issn.1809-3957.2023.10.214.30,2026-08-16
04计划,paper,"""last planner system"" lookahead planning",title_abstract_not_on_topic,10.29367/issn.1809-3957.2023.10.214.136,2026-08-16
04计划,paper,"""last planner system"" lookahead planning",title_abstract_not_on_topic,10.29367/issn.1809-3957.2023.10.214.16,2026-08-16
04计划,paper,"""last planner system"" lookahead planning",title_abstract_not_on_topic,10.29367/issn.1809-3957.2023.10.214.08,2026-08-16
04计划,paper,"""last planner system"" lookahead planning",title_abstract_not_on_topic,10.29367/issn.1809-3957.2023.10.214.90,2026-08-16
04计划,paper,"""last planner system"" lookahead planning",title_abstract_not_on_topic,10.29367/issn.1809-3957.2023.10.214.57,2026-08-16
04计划,paper,"""last planner system"" lookahead planning",title_abstract_not_on_topic,10.29367/issn.1809-3957.2023.10.214.82,2026-08-16
04计划,paper,"""last planner system"" lookahead planning",title_abstract_not_on_topic,10.29367/issn.1809-3957.2023.10.214.69,2026-08-16
04计划,paper,"""last planner system"" lookahead planning",title_abstract_not_on_topic,10.29367/issn.1809-3957.2023.10.214.46,2026-08-16
04计划,paper,"""last planner system"" lookahead planning",title_abstract_not_on_topic,10.29367/issn.1809-3957.2023.10.214.129,2026-08-16
04计划,paper,"""work breakdown structure"" deliverable oriented",title_abstract_not_on_topic,10.3390/buildings14113642,2026-08-16
04计划,paper,"""work breakdown structure"" deliverable oriented",title_abstract_not_on_topic,10.2139/ssrn.5295165,2026-08-16
04计划,paper,"""work breakdown structure"" deliverable oriented",title_abstract_not_on_topic,10.1016/j.jii.2023.100519,2026-08-16
04计划,paper,"""work breakdown structure"" deliverable oriented",title_abstract_not_on_topic,10.3390/app132312560,2026-08-16
04计划,paper,"""work breakdown structure"" deliverable oriented",title_abstract_not_on_topic,10.1016/j.pmatsci.2024.101307,2026-08-16
04计划,paper,"""work breakdown structure"" deliverable oriented",title_abstract_not_on_topic,10.3390/buildings14072238,2026-08-16
04计划,paper,"""work breakdown structure"" deliverable oriented",title_abstract_not_on_topic,10.1093/jcde/qwad100,2026-08-16
04计划,paper,"""work breakdown structure"" deliverable oriented",title_abstract_not_on_topic,10.1016/j.jss.2024.112063,2026-08-16
04计划,paper,"""work breakdown structure"" deliverable oriented",title_abstract_not_on_topic,10.3390/modelling6020035,2026-08-16
04计划,paper,"""work breakdown structure"" deliverable oriented",title_abstract_not_on_topic,10.1109/access.2024.3362229,2026-08-16
04计划,paper,"""work breakdown structure"" deliverable oriented",title_abstract_not_on_topic,10.1016/j.ijproman.2024.102634,2026-08-16
04计划,paper,"""work breakdown structure"" deliverable oriented",title_abstract_not_on_topic,10.3390/digital4040043,2026-08-16
04计划,paper,"""work breakdown structure"" deliverable oriented",title_abstract_not_on_topic,10.3390/jmse12040550,2026-08-16
04计划,paper,"""work breakdown structure"" deliverable oriented",title_abstract_not_on_topic,10.1016/j.envsci.2024.103935,2026-08-16
04计划,paper,"""work breakdown structure"" deliverable oriented",title_abstract_not_on_topic,10.3390/buildings15142432,2026-08-16
04计划,paper,"""work breakdown structure"" deliverable oriented",title_abstract_not_on_topic,10.3390/su16209074,2026-08-16
04计划,paper,"""work breakdown structure"" deliverable oriented",title_abstract_not_on_topic,10.1155/2024/6162232,2026-08-16
04计划,paper,"""work breakdown structure"" deliverable oriented",title_abstract_not_on_topic,10.3390/app131810191,2026-08-16
04计划,paper,"""work breakdown structure"" deliverable oriented",title_abstract_not_on_topic,10.1111/mice.13332,2026-08-16
04计划,paper,"""work breakdown structure"" deliverable oriented",title_abstract_not_on_topic,10.1108/jfmpc-06-2022-0029,2026-08-16
04计划,paper,"""work breakdown structure"" deliverable oriented",title_abstract_not_on_topic,10.3233/isp-230009,2026-08-16
04计划,paper,"""work breakdown structure"" deliverable oriented",title_abstract_not_on_topic,10.3390/aerospace11040324,2026-08-16
04计划,paper,"""work breakdown structure"" deliverable oriented",title_abstract_not_on_topic,10.3390/buildings14020358,2026-08-16
04计划,paper,"""work breakdown structure"" deliverable oriented",title_abstract_not_on_topic,10.47941/jepm.1653,2026-08-16
04计划,paper,"""work breakdown structure"" deliverable oriented",title_abstract_not_on_topic,10.61275/isvsej-2023-10-09-26,2026-08-16
04计划,paper,"""work breakdown structure"" deliverable oriented",title_abstract_not_on_topic,10.3390/infrastructures9070098,2026-08-16
04计划,paper,"""work breakdown structure"" deliverable oriented",title_abstract_not_on_topic,10.4018/ijaie.368255,2026-08-16
04计划,paper,"""work breakdown structure"" deliverable oriented",title_abstract_not_on_topic,10.18535/ijsrm/v11i11.em04,2026-08-16
04计划,paper,"""work breakdown structure"" deliverable oriented",title_abstract_not_on_topic,10.1080/08956308.2023.2275506,2026-08-16
04计划,paper,"""work breakdown structure"" deliverable oriented",title_abstract_not_on_topic,10.1038/s41598-023-50486-6,2026-08-16
04计划,paper,"""work breakdown structure"" deliverable oriented",title_abstract_not_on_topic,10.36680/j.itcon.2025.031,2026-08-16
04计划,paper,"""work breakdown structure"" deliverable oriented",title_abstract_not_on_topic,10.3390/admsci16010031,2026-08-16
04计划,paper,"""work breakdown structure"" deliverable oriented",title_abstract_not_on_topic,10.1186/s13677-023-00489-5,2026-08-16
04计划,paper,"""work breakdown structure"" deliverable oriented",title_abstract_not_on_topic,10.1002/suco.202300606,2026-08-16
04计划,paper,"""work breakdown structure"" deliverable oriented",title_abstract_not_on_topic,10.3390/buildings15152684,2026-08-16
04计划,paper,"""work breakdown structure"" deliverable oriented",title_abstract_not_on_topic,10.3390/app152312422,2026-08-16
04计划,paper,"""work breakdown structure"" deliverable oriented",title_abstract_not_on_topic,10.1038/s41598-024-75437-7,2026-08-16
04计划,paper,"""work breakdown structure"" deliverable oriented",title_abstract_not_on_topic,10.3390/buildings15111921,2026-08-16
04计划,paper,"""work breakdown structure"" deliverable oriented",title_abstract_not_on_topic,10.5267/j.jpm.2024.1.001,2026-08-16
04计划,paper,"""work breakdown structure"" deliverable oriented",title_abstract_not_on_topic,10.1139/cjce-2022-0310,2026-08-16
04计划,paper,"""work breakdown structure"" deliverable oriented",title_abstract_not_on_topic,10.33774/coe-2023-kbr25,2026-08-16
04计划,paper,"""work breakdown structure"" deliverable oriented",title_abstract_not_on_topic,10.1080/03043797.2023.2299279,2026-08-16
04计划,paper,"""work breakdown structure"" deliverable oriented",title_abstract_not_on_topic,10.1051/epjpv/2024021,2026-08-16
04计划,paper,"""work breakdown structure"" deliverable oriented",title_abstract_not_on_topic,10.3390/su16072770,2026-08-16
04计划,paper,"""work breakdown structure"" deliverable oriented",title_abstract_not_on_topic,10.1002/cae.70009,2026-08-16
04计划,paper,"""work breakdown structure"" deliverable oriented",title_abstract_not_on_topic,10.5585/gep.v14i2.23869,2026-08-16
04计划,paper,"""work breakdown structure"" deliverable oriented",title_abstract_not_on_topic,10.1108/ijieom-02-2023-0025,2026-08-16
04计划,paper,"""work breakdown structure"" deliverable oriented",title_abstract_not_on_topic,10.1080/15623599.2025.2589827,2026-08-16
04计划,paper,"""work breakdown structure"" deliverable oriented",title_abstract_not_on_topic,10.17705/1cais.05415,2026-08-16
04计划,paper,"""work breakdown structure"" deliverable oriented",title_abstract_not_on_topic,10.36676/dira.v12.i3.138,2026-08-16
04计划,paper,"""work breakdown structure"" deliverable oriented",title_abstract_not_on_topic,10.3390/educsci16010105,2026-08-16
04计划,paper,"""work breakdown structure"" deliverable oriented",title_abstract_not_on_topic,10.62225/2583049x.2024.4.6.4355,2026-08-16
04计划,paper,"""work breakdown structure"" deliverable oriented",title_abstract_not_on_topic,10.1177/87569728241265927,2026-08-16
04计划,paper,"""work breakdown structure"" deliverable oriented",title_abstract_not_on_topic,10.1080/2331186x.2024.2444816,2026-08-16
04计划,paper,"""work breakdown structure"" deliverable oriented",title_abstract_not_on_topic,10.5267/j.ijiec.2025.4.007,2026-08-16
04计划,paper,"""work breakdown structure"" deliverable oriented",title_abstract_not_on_topic,10.3390/land14091847,2026-08-16
04计划,paper,"""work breakdown structure"" deliverable oriented",title_abstract_not_on_topic,10.1155/adce/7915818,2026-08-16
04计划,paper,"""work breakdown structure"" deliverable oriented",title_abstract_not_on_topic,10.30939/ijastech..1284202,2026-08-16
04计划,paper,"""work breakdown structure"" deliverable oriented",title_abstract_not_on_topic,10.1007/s42979-024-02787-4,2026-08-16
04计划,paper,"""work breakdown structure"" deliverable oriented",title_abstract_not_on_topic,10.3390/su18104921,2026-08-16
04计划,paper,"""work breakdown structure"" deliverable oriented",title_abstract_not_on_topic,10.3390/su17135685,2026-08-16
04计划,paper,"""work breakdown structure"" deliverable oriented",title_abstract_not_on_topic,10.1108/sasbe-06-2024-0225,2026-08-16
04计划,paper,"""work breakdown structure"" deliverable oriented",title_abstract_not_on_topic,10.14434/ijdl.v15i3.36678,2026-08-16
04计划,paper,"""work breakdown structure"" deliverable oriented",title_abstract_not_on_topic,10.21203/rs.3.rs-3323311/v1,2026-08-16
04计划,paper,"""work breakdown structure"" deliverable oriented",title_abstract_not_on_topic,10.24191/esteem.v20iseptember.1839.g1827,2026-08-16
04计划,paper,"""work breakdown structure"" deliverable oriented",title_abstract_not_on_topic,10.1080/10286608.2025.2607472,2026-08-16
04计划,paper,"""work breakdown structure"" deliverable oriented",title_abstract_not_on_topic,10.3390/buildings16061224,2026-08-16
04计划,paper,"""work breakdown structure"" deliverable oriented",title_abstract_not_on_topic,10.61426/sjbcm.v10i4.2754,2026-08-16
04计划,paper,"""work breakdown structure"" deliverable oriented",title_abstract_not_on_topic,10.5267/j.jpm.2025.6.001,2026-08-16
04计划,paper,"""work breakdown structure"" deliverable oriented",title_abstract_not_on_topic,10.48550/arxiv.2404.18531,2026-08-16
04计划,paper,"""work breakdown structure"" deliverable oriented",title_abstract_not_on_topic,10.62225/2583049x.2025.5.6.5700,2026-08-16
04计划,paper,"""work breakdown structure"" deliverable oriented",title_abstract_not_on_topic,10.1002/smr.2728,2026-08-16
04计划,paper,"""work breakdown structure"" deliverable oriented",title_abstract_not_on_topic,10.3390/sym17081354,2026-08-16
04计划,paper,"""work breakdown structure"" deliverable oriented",title_abstract_not_on_topic,10.59429/esp.v9i8.2984,2026-08-16
04计划,paper,"""work breakdown structure"" deliverable oriented",title_abstract_not_on_topic,10.65303/journalpmresearch.v1i2.54,2026-08-16
04计划,paper,"""work breakdown structure"" deliverable oriented",title_abstract_not_on_topic,10.36680/j.itcon.2024.046,2026-08-16
04计划,paper,"""work breakdown structure"" deliverable oriented",title_abstract_not_on_topic,10.3390/buildings16030647,2026-08-16
04计划,paper,"""work breakdown structure"" deliverable oriented",title_abstract_not_on_topic,10.3390/buildings14041131,2026-08-16
04计划,paper,"""work breakdown structure"" deliverable oriented",title_abstract_not_on_topic,10.3390/buildings15224168,2026-08-16
04计划,paper,"""work breakdown structure"" deliverable oriented",title_abstract_not_on_topic,10.48550/arxiv.2311.00535,2026-08-16
04计划,paper,"""earned schedule"" baseline planning",title_abstract_not_on_topic,10.1038/s41598-025-05834-z,2026-08-16
04计划,paper,"""earned schedule"" baseline planning",title_abstract_not_on_topic,10.3390/buildings14030643,2026-08-16
04计划,paper,"""earned schedule"" baseline planning",title_abstract_not_on_topic,10.3390/su16209042,2026-08-16
04计划,paper,"""earned schedule"" baseline planning",title_abstract_not_on_topic,10.37058/aks.v7i2.16407,2026-08-16
04计划,paper,"""earned schedule"" baseline planning",title_abstract_not_on_topic,10.24912/jmts.v8i3.32095,2026-08-16
04计划,paper,"""earned schedule"" baseline planning",title_abstract_not_on_topic,10.35814/artesis.v3i2.5918,2026-08-16
04计划,paper,"""earned schedule"" baseline planning",title_abstract_not_on_topic,10.51988/jtsc.v7i3.607,2026-08-16
04计划,paper,"""earned schedule"" baseline planning",title_abstract_not_on_topic,10.3390/buildings13081964,2026-08-16
04计划,paper,"""earned schedule"" baseline planning",title_abstract_not_on_topic,10.24912/jmts.v9i2.37376,2026-08-16
04计划,paper,"""earned schedule"" baseline planning",title_abstract_not_on_topic,10.1080/15623599.2025.2508293,2026-08-16
04计划,paper,"""earned schedule"" baseline planning",title_abstract_not_on_topic,10.21009/jpensil.v14i3.59154,2026-08-16
04计划,paper,"""earned schedule"" baseline planning",title_abstract_not_on_topic,10.1080/00207543.2024.2359044,2026-08-16
04计划,paper,"""earned schedule"" baseline planning",title_abstract_not_on_topic,10.1002/jaba.1089,2026-08-16
04计划,paper,"""earned schedule"" baseline planning",title_abstract_not_on_topic,10.30574/wjaets.2023.9.2.0194,2026-08-16
04计划,paper,"""earned schedule"" baseline planning",title_abstract_not_on_topic,10.21275/sr26522200629,2026-08-16
04计划,paper,"""earned schedule"" baseline planning",title_abstract_not_on_topic,10.1007/s44290-025-00193-0,2026-08-16
04计划,paper,"""earned schedule"" baseline planning",title_abstract_not_on_topic,10.1080/23311916.2024.2348210,2026-08-16
04计划,paper,"""earned schedule"" baseline planning",title_abstract_not_on_topic,10.15446/dyna.v90n228.108642,2026-08-16
04计划,paper,"""earned schedule"" baseline planning",title_abstract_not_on_topic,10.3390/buildings15224168,2026-08-16
04计划,paper,"""earned schedule"" baseline planning",title_abstract_not_on_topic,10.71052/srb2024/rcbv7940,2026-08-16
04计划,paper,"""earned schedule"" baseline planning",title_abstract_not_on_topic,10.21608/erj.2024.307868.1080,2026-08-16
04计划,paper,"""earned schedule"" baseline planning",title_abstract_not_on_topic,10.5267/j.jpm.2024.11.001,2026-08-16
04计划,paper,"""earned schedule"" baseline planning",title_abstract_not_on_topic,10.1016/j.ejor.2025.03.012,2026-08-16
04计划,paper,"""earned schedule"" baseline planning",title_abstract_not_on_topic,10.3390/systems13121047,2026-08-16
04计划,paper,"""earned schedule"" baseline planning",title_abstract_not_on_topic,10.21926/jept.2401004,2026-08-16
04计划,paper,"""earned schedule"" baseline planning",title_abstract_not_on_topic,10.1007/s44290-024-00153-0,2026-08-16
04计划,paper,"""earned schedule"" baseline planning",title_abstract_not_on_topic,10.63125/0w76pn26,2026-08-16
04计划,paper,"""earned schedule"" baseline planning",title_abstract_not_on_topic,10.1080/13467581.2025.2513064,2026-08-16
04计划,paper,"""earned schedule"" baseline planning",title_abstract_not_on_topic,10.1007/s10479-026-07252-4,2026-08-16
04计划,paper,"""earned schedule"" baseline planning",title_abstract_not_on_topic,10.65154/ijmst.2025.21,2026-08-16
04计划,paper,"""earned schedule"" baseline planning",title_abstract_not_on_topic,10.1007/s44290-026-00450-w,2026-08-16
04计划,paper,"""earned schedule"" baseline planning",title_abstract_not_on_topic,10.26552/ems.2026.1.100-114,2026-08-16
04计划,paper,"""earned schedule"" baseline planning",title_abstract_not_on_topic,Gestión del desempeño en proyectos de construcción: una revisión sistemática de la literatura,2026-08-16
04计划,paper,"""earned schedule"" baseline planning",title_abstract_not_on_topic,10.21203/rs.3.rs-10025812/v1,2026-08-16
04计划,paper,"""earned schedule"" baseline planning",title_abstract_not_on_topic,10.69980/redvet.v25i1.929,2026-08-16
04计划,paper,"""earned schedule"" baseline planning",title_abstract_not_on_topic,10.56975/ijvra.v4i4.703700,2026-08-16
04计划,paper,"""earned schedule"" baseline planning",title_abstract_not_on_topic,10.11648/j.ijmfs.20251102.12,2026-08-16
04计划,paper,"""earned schedule"" baseline planning",title_abstract_not_on_topic,10.54660/.ijmrge.2026.7.4.203-216,2026-08-16
04计划,paper,"""earned schedule"" baseline planning",title_abstract_not_on_topic,10.22271/27078264.2024.v5.i2a.124,2026-08-16
04计划,paper,"""earned schedule"" baseline planning",title_abstract_not_on_topic,10.63414/jeas.v10.n1.2026.49,2026-08-16
04计划,paper,"""earned schedule"" baseline planning",title_abstract_not_on_topic,10.55041/ijsmt.v2i5.087,2026-08-16
04计划,paper,"""earned schedule"" baseline planning",title_abstract_not_on_topic,10.29165/ajarcde.v10i2.1001,2026-08-16
04计划,paper,"""earned schedule"" baseline planning",title_abstract_not_on_topic,10.18267/j.aip.250,2026-08-16
04计划,paper,"""earned schedule"" baseline planning",title_abstract_not_on_topic,10.22225/jipe.3.2.2024.63-68,2026-08-16
04计划,paper,"""earned schedule"" baseline planning",title_abstract_not_on_topic,10.61255/jupiter.v4i2.983,2026-08-16
04计划,paper,"""earned schedule"" baseline planning",title_abstract_not_on_topic,10.56975/ijrar.v13i3.338130,2026-08-16
04计划,paper,"""earned schedule"" baseline planning",title_abstract_not_on_topic,10.36348/sjet.2024.v09i07.003,2026-08-16
04计划,paper,"""earned schedule"" baseline planning",title_abstract_not_on_topic,10.46799/ajesh.v4i7.654,2026-08-16
04计划,paper,"""earned schedule"" baseline planning",title_abstract_not_on_topic,10.36418/syntax-literate.v10i12.62734,2026-08-16
04计划,paper,"""earned schedule"" baseline planning",title_abstract_not_on_topic,10.30574/wjarr.2026.30.3.1613,2026-08-16
04计划,paper,"""earned schedule"" baseline planning",title_abstract_not_on_topic,10.33558/bentang.v14i2.12399,2026-08-16
04计划,paper,"""earned schedule"" baseline planning",title_abstract_not_on_topic,10.22271/27078329.2024.v3.i1b.70,2026-08-16
04计划,paper,"""earned schedule"" baseline planning",title_abstract_not_on_topic,10.1061/jladah.ladr-1527,2026-08-16
04计划,paper,"""earned schedule"" baseline planning",title_abstract_not_on_topic,10.3390/app16136435,2026-08-16
04计划,paper,"""earned schedule"" baseline planning",title_abstract_not_on_topic,10.18535/ijecs.v15i07.5555,2026-08-16
04计划,paper,"""earned schedule"" baseline planning",title_abstract_not_on_topic,10.22452/jpmp.vol6no1.4,2026-08-16
04计划,paper,"""earned schedule"" baseline planning",title_abstract_not_on_topic,10.3390/buildings15111916,2026-08-16
04计划,paper,"""earned schedule"" baseline planning",title_abstract_not_on_topic,10.55248/gengpi.6.0325.12167,2026-08-16
04计划,paper,"""earned schedule"" baseline planning",title_abstract_not_on_topic,10.63125/mxgx4m74,2026-08-16
04计划,paper,"""earned schedule"" baseline planning",title_abstract_not_on_topic,10.32996/jcsts.2026.8.8.13,2026-08-16
04计划,paper,"""earned schedule"" baseline planning",title_abstract_not_on_topic,10.2139/ssrn.4875551,2026-08-16
04计划,paper,"""earned schedule"" baseline planning",title_abstract_not_on_topic,10.70593/deepsci.0202010,2026-08-16
04计划,paper,"""critical path"" project scheduling baseline",pdf_download_failed_or_paywall,https://doi.org/10.58344/jii.v5i1.7444,2026-08-16
04计划,paper,"""critical chain"" project management schedule",pdf_download_failed_or_paywall,https://www.mdpi.com/2075-5309/16/2/339/pdf?version=1768318185,2026-08-16
04计划,paper,"""critical chain"" project management schedule",pdf_download_failed_or_paywall,https://jurnal.teknologiindustriumi.ac.id/index.php/JIEM/article/download/1706/pdf,2026-08-16
04计划,paper,"""critical chain"" project management schedule",pdf_download_failed_or_paywall,https://doi.org/10.58192/ocean.v4i4.1353,2026-08-16
04计划,paper,"""critical chain project management"" buffer",pdf_download_failed_or_paywall,https://journal.unimar-amni.ac.id/index.php/ocean/article/download/1490/1220,2026-08-16
04计划,paper,"""critical path"" project scheduling baseline",pdf_download_failed_or_paywall,https://www.mdpi.com/2076-3417/15/18/10258/pdf?version=1758364791,2026-08-16
04计划,paper,"""work breakdown structure"" project planning",pdf_download_failed_or_paywall,https://onlinelibrary.wiley.com/doi/pdfdirect/10.1155/adce/3356047,2026-08-16
04计划,paper,"""activity dependency"" project schedule",pdf_download_failed_or_paywall,https://www.granthaalayahpublication.org/ojs-sys/ijoest/article/download/604/360,2026-08-16
04计划,paper,"""critical path"" project scheduling baseline",pdf_download_failed_or_paywall,https://amns.sciendo.com/pdf/10.2478/amns-2025-0599,2026-08-16
04计划,paper,"""critical chain"" project management schedule",pdf_download_failed_or_paywall,https://doi.org/10.51594/ijarss.v6i7.1298,2026-08-16
04计划,paper,"""critical chain"" project management schedule",pdf_download_failed_or_paywall,https://doi.org/10.58192/ocean.v5i2.4357,2026-08-16
04计划,paper,project milestone planning WBS empirical,pdf_download_failed_or_paywall,https://osf.io/yvd93_v1/download,2026-08-16
04计划,paper,"""schedule baseline"" project management",pdf_download_failed_or_paywall,https://doi.org/10.2478/otmcj-2026-0003,2026-08-16
04计划,paper,"""milestone"" ""work breakdown structure""",pdf_download_failed_or_paywall,https://doi.org/10.5281/zenodo.21006855,2026-08-16
04计划,paper,"""work breakdown structure"" project planning",pdf_download_failed_or_paywall,https://jurnaluniv45sby.ac.id/index.php/ekonomika/article/download/3617/3229,2026-08-16
04计划,paper,"""critical path"" project scheduling baseline",pdf_download_failed_or_paywall,https://journalijsra.com/sites/default/files/fulltext_pdf/IJSRA-2025-1950.pdf,2026-08-16
04计划,paper,"""critical chain"" project management schedule",pdf_download_failed_or_paywall,https://www.mdpi.com/2075-5309/16/3/557/pdf,2026-08-16
04计划,paper,"""critical path"" project scheduling baseline",pdf_download_failed_or_paywall,https://bluemarkpublishers.com/index.php/IJANS/article/download/741/573,2026-08-16
04计划,paper,"""critical chain"" project management schedule",pdf_download_failed_or_paywall,https://doi.org/10.1007/s44196-026-01425-6,2026-08-16
04计划,paper,"""critical chain"" project management schedule",pdf_download_failed_or_paywall,https://doi.org/10.35870/emt.v9i3.4326,2026-08-16
04计划,paper,"""design structure matrix"" dependency project",pdf_download_failed_or_paywall,https://www.mdpi.com/2075-5309/15/8/1358/pdf?version=1745043194,2026-08-16
04计划,paper,"""activity dependency"" project schedule",pdf_download_failed_or_paywall,https://newinera.com/index.php/JournalLaMultiapp/article/download/3329/2598,2026-08-16
04计划,paper,"""activity dependency"" project schedule",pdf_download_failed_or_paywall,https://doi.org/10.47233/jsit.v6i2.4733,2026-08-16
04计划,paper,"""critical path method"" project schedule baseline",pdf_download_failed_or_paywall,https://newinera.com/index.php/JournalLaMultiapp/article/download/2179/1994,2026-08-16
04计划,paper,"""critical path method"" project schedule baseline",pdf_download_failed_or_paywall,https://www.preprints.org/frontend/manuscript/e36da75e92fac912e3dbba876fb25588/download_pub,2026-08-16
04计划,paper,"""last planner system"" lookahead planning",pdf_download_failed_or_paywall,https://www.internationaljournalssrg.org/../IJCE/2026/Volume13-Issue1/IJCE-V13I1P106.pdf,2026-08-16
04计划,paper,"""work breakdown structure"" project planning",pdf_download_failed_or_paywall,https://www.mdpi.com/2075-5309/14/4/1119/pdf?version=1713332600,2026-08-16
04计划,paper,"""work breakdown structure"" project planning",pdf_download_failed_or_paywall,http://www.hrpub.org/download/20240130/CEA7-14834433.pdf,2026-08-16
04计划,paper,"""milestone"" ""work breakdown structure""",pdf_download_failed_or_paywall,https://doi.org/10.1016/j.heliyon.2024.e37810,2026-08-16
04计划,paper,"""work breakdown structure"" project planning",pdf_download_failed_or_paywall,https://www.tandfonline.com/doi/pdf/10.1080/09613218.2025.2593269?needAccess=true,2026-08-16
