stage,kind,query,reason,url_or_doi,date
01洽谈,paper,professional selling transformation industrial marketing,pdf_download_failed_or_paywall,https://www.sciencedirect.com/science/article/pii/S026840121930917X,2026-08-16
01洽谈,paper,professional selling transformation industrial marketing,pdf_download_failed_or_paywall,https://www.sciencedirect.com/science/article/pii/S0268401220308082/pdf,2026-08-16
02需求,blog,requirements elicitation workshop techniques engineering,fulltext_too_short,https://www.scribd.com/document/841650625/Requirements-elicitation-and-its-techniques,2026-08-16
01洽谈,paper,professional selling transformation industrial marketing,pdf_download_failed_or_paywall,https://www.emerald.com/insight/content/doi/10.1108/JOSM-04-2018-0119/full/pdf?title=brave-new-world-service-robots-in-the-frontline,2026-08-16
01洽谈,paper,professional selling transformation industrial marketing,pdf_download_failed_or_paywall,https://www.mdpi.com/2624-6511/4/1/6/pdf?version=1610095098,2026-08-16
01洽谈,paper,professional selling transformation industrial marketing,pdf_download_failed_or_paywall,https://www.sciencedirect.com/science/article/pii/S1048984317307774/pdf,2026-08-16
01洽谈,paper,professional selling transformation industrial marketing,pdf_download_failed_or_paywall,https://escholarship.org/content/qt58h69717/qt58h69717.pdf,2026-08-16
01洽谈,paper,professional selling transformation industrial marketing,pdf_download_failed_or_paywall,https://doi.org/10.1016/j.tifs.2019.07.034,2026-08-16
01洽谈,paper,professional selling transformation industrial marketing,pdf_download_failed_or_paywall,http://hdl.handle.net/10454/18111,2026-08-16
01洽谈,paper,professional selling transformation industrial marketing,pdf_download_failed_or_paywall,https://www.mdpi.com/2071-1050/10/1/247/pdf?version=1516364088,2026-08-16
01洽谈,paper,professional selling transformation industrial marketing,pdf_download_failed_or_paywall,https://www.mdpi.com/1420-3049/28/2/661/pdf?version=1673915749,2026-08-16
01洽谈,paper,professional selling transformation industrial marketing,pdf_download_failed_or_paywall,https://www.sciencedirect.com/science/article/pii/S004016252031218X/pdf,2026-08-16
01洽谈,paper,professional selling transformation industrial marketing,pdf_download_failed_or_paywall,https://academic.oup.com/fqs/article-pdf/4/4/167/34973772/fyaa024.pdf,2026-08-16
01洽谈,paper,professional selling transformation industrial marketing,pdf_download_failed_or_paywall,https://onlinelibrary.wiley.com/doi/pdfdirect/10.1111/jiec.13187,2026-08-16
01洽谈,paper,professional selling transformation industrial marketing,pdf_download_failed_or_paywall,https://www.sciencedirect.com/science/article/pii/S0048969721036111/pdf,2026-08-16
01洽谈,paper,professional selling transformation industrial marketing,pdf_download_failed_or_paywall,https://www.sciencedirect.com/science/article/pii/S2666603022000136/pdf,2026-08-16
01洽谈,paper,professional selling transformation industrial marketing,pdf_download_failed_or_paywall,https://onlinelibrary.wiley.com/doi/pdfdirect/10.1002/mar.21767,2026-08-16
01洽谈,paper,professional selling transformation industrial marketing,pdf_download_failed_or_paywall,https://www.sciencedirect.com/science/article/pii/S277323712200020X/pdf,2026-08-16
01洽谈,paper,professional selling transformation industrial marketing,pdf_download_failed_or_paywall,https://onlinelibrary.wiley.com/doi/pdfdirect/10.1111/1748-8583.12524,2026-08-16
01洽谈,paper,professional selling transformation industrial marketing,pdf_download_failed_or_paywall,https://onlinelibrary.wiley.com/doi/pdfdirect/10.1111/apps.12241,2026-08-16
01洽谈,paper,professional selling transformation industrial marketing,pdf_download_failed_or_paywall,https://www.sciencedirect.com/science/article/pii/S0019850119300999/pdf,2026-08-16
01洽谈,paper,professional selling transformation industrial marketing,pdf_download_failed_or_paywall,https://www.sciencedirect.com/science/article/pii/S0378720619303337/pdf,2026-08-16
07预算,blog,reference class forecasting project cost overrun,paywall_or_index_page,https://www.sciencedirect.com/science/article/pii/S2666721523000248,2026-08-16
01洽谈,paper,"""sales ethics"" overselling customer promises",title_abstract_not_on_topic,10.1080/14759551.2022.2157831,2026-08-16
01洽谈,paper,"""sales ethics"" overselling customer promises",title_abstract_not_on_topic,Metaphors framing the global financial crisis in Nordic banks*,2026-08-16
01洽谈,paper,"""solution selling"" product-line selection B2B",title_abstract_not_on_topic,10.1007/s40547-015-0040-5,2026-08-16
01洽谈,paper,"""solution selling"" product-line selection B2B",title_abstract_not_on_topic,10.1016/j.indmarman.2021.04.005,2026-08-16
01洽谈,paper,"""solution selling"" product-line selection B2B",title_abstract_not_on_topic,10.1016/j.indmarman.2018.06.014,2026-08-16
01洽谈,paper,"""solution selling"" product-line selection B2B",title_abstract_not_on_topic,10.1177/1094670517711586,2026-08-16
01洽谈,paper,"""solution selling"" product-line selection B2B",title_abstract_not_on_topic,10.1016/j.indmarman.2020.06.014,2026-08-16
01洽谈,paper,"""solution selling"" product-line selection B2B",title_abstract_not_on_topic,10.1080/08874417.2023.2290574,2026-08-16
01洽谈,paper,"""solution selling"" product-line selection B2B",title_abstract_not_on_topic,10.1016/j.indmarman.2016.03.004,2026-08-16
01洽谈,paper,"""solution selling"" product-line selection B2B",title_abstract_not_on_topic,10.1108/jbim-11-2015-0213,2026-08-16
01洽谈,paper,"""solution selling"" product-line selection B2B",title_abstract_not_on_topic,10.33352/prlg.91936,2026-08-16
01洽谈,paper,"""solution selling"" product-line selection B2B",title_abstract_not_on_topic,Supplier's internal communication in change process to solution business: Challenges and tentative research agenda,2026-08-16
01洽谈,paper,"""solution selling"" product-line selection B2B",title_abstract_not_on_topic,10.1002/mar.21809,2026-08-16
01洽谈,paper,"""solution selling"" product-line selection B2B",title_abstract_not_on_topic,10.1111/jpim.12723,2026-08-16
01洽谈,paper,"""solution selling"" product-line selection B2B",title_abstract_not_on_topic,10.1007/s13132-024-01794-3,2026-08-16
01洽谈,paper,"""solution selling"" product-line selection B2B",title_abstract_not_on_topic,10.2478/sbe-2024-0044,2026-08-16
01洽谈,paper,"""solution selling"" product-line selection B2B",title_abstract_not_on_topic,10.69810/ekz.1240,2026-08-16
01洽谈,paper,"""solution selling"" product-line selection B2B",title_abstract_not_on_topic,10.47857/irjms.2026.v07i01.07239,2026-08-16
01洽谈,paper,"""solution selling"" product-line selection B2B",title_abstract_not_on_topic,10.1177/10506519251326558,2026-08-16
01洽谈,paper,"""solution selling"" product-line selection B2B",title_abstract_not_on_topic,10.1016/j.indmarman.2026.01.007&quot,2026-08-16
01洽谈,paper,"""solution selling"" product-line selection B2B",title_abstract_not_on_topic,10.1016/j.indmarman.2026.01.008&quot,2026-08-16
01洽谈,paper,"""solution selling"" product-line selection B2B",title_abstract_not_on_topic,10.1007/s11747-026-01164-2,2026-08-16
01洽谈,paper,"""solution selling"" product-line selection B2B",title_abstract_not_on_topic,Value co-creation characteristics and creativity-oriented customer citizenship behavior,2026-08-16
01洽谈,paper,"""adaptive selling"" customer discovery conversation",title_abstract_not_on_topic,10.5465/amj.2017.0395,2026-08-16
01洽谈,paper,"""adaptive selling"" customer discovery conversation",title_abstract_not_on_topic,10.1080/00472778.2019.1709642,2026-08-16
01洽谈,paper,"""adaptive selling"" customer discovery conversation",title_abstract_not_on_topic,10.1017/jmo.2022.35,2026-08-16
01洽谈,paper,"""adaptive selling"" customer discovery conversation",title_abstract_not_on_topic,10.5539/ijbm.v19n1p21,2026-08-16
01洽谈,paper,"""adaptive selling"" customer discovery conversation",title_abstract_not_on_topic,10.20473/baki.v9i2.53285,2026-08-16
01洽谈,paper,professional selling transformation industrial marketing,title_abstract_not_on_topic,10.1007/s11747-019-00696-0,2026-08-16
01洽谈,paper,professional selling transformation industrial marketing,title_abstract_not_on_topic,10.2139/ssrn.617544,2026-08-16
01洽谈,paper,professional selling transformation industrial marketing,title_abstract_not_on_topic,10.1362/026725706776861190,2026-08-16
01洽谈,paper,professional selling transformation industrial marketing,title_abstract_not_on_topic,10.1016/j.ijin.2022.08.005,2026-08-16
01洽谈,paper,professional selling transformation industrial marketing,title_abstract_not_on_topic,10.1002/mar.21767,2026-08-16
01洽谈,paper,professional selling transformation industrial marketing,title_abstract_not_on_topic,10.1257/jep.6.3.79,2026-08-16
01洽谈,paper,professional selling transformation industrial marketing,title_abstract_not_on_topic,10.1016/j.jbusres.2021.01.016,2026-08-16
01洽谈,paper,professional selling transformation industrial marketing,title_abstract_not_on_topic,10.1177/0008125620934864,2026-08-16
01洽谈,paper,professional selling transformation industrial marketing,title_abstract_not_on_topic,10.5539/ijms.v1n1p2,2026-08-16
01洽谈,paper,professional selling transformation industrial marketing,title_abstract_not_on_topic,10.4000/etudesrurales.7952,2026-08-16
01洽谈,paper,professional selling transformation industrial marketing,title_abstract_not_on_topic,10.1016/j.ijinfomgt.2019.08.002,2026-08-16
01洽谈,paper,professional selling transformation industrial marketing,title_abstract_not_on_topic,10.1002/mar.21619,2026-08-16
01洽谈,paper,professional selling transformation industrial marketing,title_abstract_not_on_topic,10.5751/es-05103-170444,2026-08-16
01洽谈,paper,professional selling transformation industrial marketing,title_abstract_not_on_topic,10.4000/rei.6507,2026-08-16
01洽谈,paper,professional selling transformation industrial marketing,title_abstract_not_on_topic,10.2753/joa0091-3367390201,2026-08-16
01洽谈,paper,professional selling transformation industrial marketing,title_abstract_not_on_topic,10.3389/fmicb.2017.02009,2026-08-16
01洽谈,paper,professional selling transformation industrial marketing,title_abstract_not_on_topic,10.1007/s10660-023-09719-z,2026-08-16
01洽谈,paper,professional selling transformation industrial marketing,title_abstract_not_on_topic,10.1002/j.2158-1592.2008.tb00067.x,2026-08-16
01洽谈,paper,professional selling transformation industrial marketing,title_abstract_not_on_topic,10.1080/0960085x.2020.1718007,2026-08-16
01洽谈,paper,professional selling transformation industrial marketing,title_abstract_not_on_topic,10.1108/ejm-08-2015-0537,2026-08-16
01洽谈,paper,professional selling transformation industrial marketing,title_abstract_not_on_topic,10.1109/access.2018.2808326,2026-08-16
01洽谈,paper,professional selling transformation industrial marketing,title_abstract_not_on_topic,10.1109/tem.2022.3215727,2026-08-16
01洽谈,paper,professional selling transformation industrial marketing,title_abstract_not_on_topic,10.1007/s11747-022-00858-7,2026-08-16
01洽谈,paper,professional selling transformation industrial marketing,title_abstract_not_on_topic,10.1007/s11747-022-00892-5,2026-08-16
01洽谈,paper,professional selling transformation industrial marketing,title_abstract_not_on_topic,10.1111/j.1467-8551.2007.00547.x,2026-08-16
01洽谈,paper,professional selling transformation industrial marketing,title_abstract_not_on_topic,10.1007/s43039-023-00063-6,2026-08-16
01洽谈,paper,professional selling transformation industrial marketing,title_abstract_not_on_topic,10.1515/cclm-2018-0658,2026-08-16
01洽谈,paper,professional selling transformation industrial marketing,title_abstract_not_on_topic,10.2478/fman-2018-0011,2026-08-16
01洽谈,paper,professional selling transformation industrial marketing,title_abstract_not_on_topic,10.1002/mar.21699,2026-08-16
01洽谈,paper,professional selling transformation industrial marketing,title_abstract_not_on_topic,10.1007/s11747-022-00889-0,2026-08-16
01洽谈,paper,professional selling transformation industrial marketing,title_abstract_not_on_topic,10.1016/j.indmarman.2011.05.005,2026-08-16
01洽谈,paper,professional selling transformation industrial marketing,title_abstract_not_on_topic,10.1111/j.1540-5885.2009.00657.x,2026-08-16
01洽谈,paper,professional selling transformation industrial marketing,title_abstract_not_on_topic,10.1002/kpm.1660,2026-08-16
01洽谈,paper,professional selling transformation industrial marketing,title_abstract_not_on_topic,10.1017/s1368980017000234,2026-08-16
01洽谈,paper,professional selling transformation industrial marketing,title_abstract_not_on_topic,10.7441/joc.2018.02.09,2026-08-16
01洽谈,paper,professional selling transformation industrial marketing,title_abstract_not_on_topic,10.1007/s11747-018-0607-4,2026-08-16
01洽谈,paper,professional selling transformation industrial marketing,title_abstract_not_on_topic,10.25300/misq/2015/39:1.03,2026-08-16
01洽谈,paper,professional selling transformation industrial marketing,title_abstract_not_on_topic,10.3389/fpsyg.2020.539363,2026-08-16
01洽谈,paper,professional selling transformation industrial marketing,title_abstract_not_on_topic,10.5267/j.ijdns.2022.7.002,2026-08-16
01洽谈,paper,professional selling transformation industrial marketing,title_abstract_not_on_topic,10.3390/informatics9010019,2026-08-16
01洽谈,paper,professional selling transformation industrial marketing,title_abstract_not_on_topic,10.3390/su12135402,2026-08-16
01洽谈,paper,professional selling transformation industrial marketing,title_abstract_not_on_topic,10.1108/ejm-05-2013-0248,2026-08-16
01洽谈,paper,professional selling transformation industrial marketing,title_abstract_not_on_topic,10.1016/j.techfore.2021.120986,2026-08-16
01洽谈,paper,professional selling transformation industrial marketing,title_abstract_not_on_topic,10.1007/s43039-023-00067-2,2026-08-16
01洽谈,paper,professional selling transformation industrial marketing,title_abstract_not_on_topic,10.22004/ag.econ.16113,2026-08-16
01洽谈,paper,professional selling transformation industrial marketing,title_abstract_not_on_topic,10.3390/su13031018,2026-08-16
01洽谈,paper,professional selling transformation industrial marketing,title_abstract_not_on_topic,10.1509/jm.15.0105,2026-08-16
01洽谈,paper,professional selling transformation industrial marketing,title_abstract_not_on_topic,10.1007/s10639-022-10968-y,2026-08-16
01洽谈,paper,professional selling transformation industrial marketing,title_abstract_not_on_topic,10.1109/access.2019.2924425,2026-08-16
01洽谈,paper,professional selling transformation industrial marketing,title_abstract_not_on_topic,10.1007/s12599-020-00681-w,2026-08-16
01洽谈,paper,professional selling transformation industrial marketing,title_abstract_not_on_topic,10.1080/10473289.1992.10467016,2026-08-16
01洽谈,paper,professional selling transformation industrial marketing,title_abstract_not_on_topic,10.1108/jkm-11-2019-0623,2026-08-16
01洽谈,paper,professional selling transformation industrial marketing,title_abstract_not_on_topic,10.3390/fi11060130,2026-08-16
01洽谈,paper,professional selling transformation industrial marketing,title_abstract_not_on_topic,10.1016/j.digbus.2022.100028,2026-08-16
01洽谈,paper,professional selling transformation industrial marketing,title_abstract_not_on_topic,10.1080/0267257x.2014.952660,2026-08-16
01洽谈,paper,professional selling transformation industrial marketing,title_abstract_not_on_topic,10.1016/j.ijpe.2019.07.036,2026-08-16
01洽谈,paper,professional selling transformation industrial marketing,title_abstract_not_on_topic,10.1016/j.leaqua.2015.08.001,2026-08-16
01洽谈,paper,professional selling transformation industrial marketing,title_abstract_not_on_topic,10.3389/fbloc.2020.00003,2026-08-16
01洽谈,paper,professional selling transformation industrial marketing,title_abstract_not_on_topic,10.1108/imds-08-2020-0510,2026-08-16
01洽谈,paper,professional selling transformation industrial marketing,title_abstract_not_on_topic,10.1080/15487733.2022.2125640,2026-08-16
01洽谈,paper,professional selling transformation industrial marketing,title_abstract_not_on_topic,10.3390/su11123434,2026-08-16
01洽谈,paper,professional selling transformation industrial marketing,title_abstract_not_on_topic,10.4018/ijebr.316969,2026-08-16
01洽谈,paper,professional selling transformation industrial marketing,title_abstract_not_on_topic,10.1016/j.ijpe.2021.108348,2026-08-16
01洽谈,paper,professional selling transformation industrial marketing,title_abstract_not_on_topic,10.1016/j.indmarman.2022.10.026,2026-08-16
01洽谈,paper,professional selling transformation industrial marketing,title_abstract_not_on_topic,10.1108/josm-04-2018-0119,2026-08-16
01洽谈,paper,professional selling transformation industrial marketing,title_abstract_not_on_topic,10.5751/es-07686-200240,2026-08-16
01洽谈,paper,professional selling transformation industrial marketing,title_abstract_not_on_topic,10.1016/j.tourman.2008.01.005,2026-08-16
01洽谈,paper,professional selling transformation industrial marketing,title_abstract_not_on_topic,10.1093/oxrep/grt019,2026-08-16
01洽谈,paper,professional selling transformation industrial marketing,title_abstract_not_on_topic,10.1016/j.indmarman.2019.11.019,2026-08-16
01洽谈,paper,professional selling transformation industrial marketing,title_abstract_not_on_topic,10.1111/caim.12414,2026-08-16
01洽谈,paper,professional selling transformation industrial marketing,title_abstract_not_on_topic,10.3390/economies11060156,2026-08-16
01洽谈,paper,professional selling transformation industrial marketing,title_abstract_not_on_topic,10.1007/s11747-022-00906-2,2026-08-16
01洽谈,paper,professional selling transformation industrial marketing,pdf_download_failed_or_paywall,https://www.sciencedirect.com/science/article/pii/S0268401220308082/pdf,2026-08-16
01洽谈,paper,professional selling transformation industrial marketing,pdf_download_failed_or_paywall,https://journals.sagepub.com/doi/pdf/10.1177/1042258720934581,2026-08-16
04计划,blog,RACI milestone project schedule blog,fulltext_too_short,https://racichart.org/milestone,2026-08-16
01洽谈,paper,"""solution selling"" product-line selection B2B",pdf_download_failed_or_paywall,https://doi.org/10.1016/j.indmarman.2019.03.015,2026-08-16
01洽谈,paper,professional selling transformation industrial marketing,pdf_download_failed_or_paywall,https://www.sciencedirect.com/science/article/pii/S0148296322000613/pdf,2026-08-16
01洽谈,paper,professional selling transformation industrial marketing,pdf_download_failed_or_paywall,http://www.thelancet.com/article/S0140673622019316/pdf,2026-08-16
01洽谈,paper,professional selling transformation industrial marketing,pdf_download_failed_or_paywall,https://journals.sagepub.com/doi/pdf/10.1177/1354856520902136,2026-08-16
01洽谈,paper,"""adaptive selling"" customer discovery conversation",pdf_download_failed_or_paywall,https://www.sciencedirect.com/science/article/pii/S0969593120301256/pdf,2026-08-16
01洽谈,paper,professional selling transformation industrial marketing,pdf_download_failed_or_paywall,https://onlinelibrary.wiley.com/doi/pdfdirect/10.1111/mcn.13097,2026-08-16
01洽谈,paper,professional selling transformation industrial marketing,pdf_download_failed_or_paywall,https://www.sciencedirect.com/science/article/pii/S0019850118307454/pdf,2026-08-16
01洽谈,paper,professional selling transformation industrial marketing,pdf_download_failed_or_paywall,http://wrap.warwick.ac.uk/137352/1/WRAP-Mastering-digital-transformation-sales-Habel-2020.pdf,2026-08-16
01洽谈,paper,professional selling transformation industrial marketing,pdf_download_failed_or_paywall,https://www.tandfonline.com/doi/pdf/10.1080/21670811.2019.1624185?needAccess=true,2026-08-16
01洽谈,paper,professional selling transformation industrial marketing,pdf_download_failed_or_paywall,https://www.sciencedirect.com/science/article/pii/S0019850122001444/pdf,2026-08-16
01洽谈,paper,professional selling transformation industrial marketing,pdf_download_failed_or_paywall,https://onlinelibrary.wiley.com/doi/pdfdirect/10.1002/mar.21746,2026-08-16
01洽谈,paper,"""solution selling"" product-line selection B2B",pdf_download_failed_or_paywall,https://www.tandfonline.com/doi/pdf/10.1080/08853134.2019.1631174?needAccess=true,2026-08-16
01洽谈,paper,professional selling transformation industrial marketing,pdf_download_failed_or_paywall,https://kar.kent.ac.uk/87755/1/B2B%20Selling_Business%20Horizons.pdf,2026-08-16
01洽谈,paper,professional selling transformation industrial marketing,pdf_download_failed_or_paywall,https://www.sciencedirect.com/science/article/pii/S0019850122000220/pdf,2026-08-16
01洽谈,paper,professional selling transformation industrial marketing,pdf_download_failed_or_paywall,https://www.emerald.com/insight/content/doi/10.1108/JBIM-03-2020-0124/full/pdf?title=digital-transformation-in-sales-as-an-evolving-process,2026-08-16
05实施控制,blog,intervention complete date waiting period retest,fulltext_too_short,https://www.pacertboard.org/home,2026-08-16
05实施控制,blog,intervention complete date waiting period retest,fulltext_too_short,https://clep.collegeboard.org/help-center/there-waiting-period-retaking-clep-exam,2026-08-16
05实施控制,blog,intervention complete date waiting period retest,fulltext_too_short,https://www.law.cornell.edu/regulations/mississippi/31-Miss-Code-R-SS-1-1-5,2026-08-16
01洽谈,paper,professional selling transformation industrial marketing,pdf_download_failed_or_paywall,https://www.mdpi.com/2078-2489/11/2/109/pdf?version=1581940235,2026-08-16
01洽谈,paper,"""adaptive selling"" customer discovery conversation",pdf_download_failed_or_paywall,https://www.sciencedirect.com/science/article/pii/S0148296322002247/pdf,2026-08-16
01洽谈,paper,"""solution selling"" product-line selection B2B",pdf_download_failed_or_paywall,https://doi.org/10.1108/JBIM-02-2022-0085,2026-08-16
01洽谈,paper,professional selling transformation industrial marketing,pdf_download_failed_or_paywall,https://www.emerald.com/insight/content/doi/10.1108/BJM-08-2020-0304/full/pdf?title=digital-transformation-and-value-based-selling-activities-seller-and-buyer-perspectives,2026-08-16
01洽谈,paper,"""adaptive selling"" customer discovery conversation",pdf_download_failed_or_paywall,https://www.sciencedirect.com/science/article/pii/S0148296322008530/pdf,2026-08-16
01洽谈,paper,"""adaptive selling"" customer discovery conversation",pdf_download_failed_or_paywall,https://www.sciencedirect.com/science/article/pii/S0019850121002650/pdf,2026-08-16
01洽谈,paper,"""adaptive selling"" customer discovery conversation",pdf_download_failed_or_paywall,https://onlinelibrary.wiley.com/doi/pdfdirect/10.1111/ijcs.12972,2026-08-16
01洽谈,paper,"""solution selling"" product-line selection B2B",pdf_download_failed_or_paywall,https://doi.org/10.1016/j.indmarman.2024.01.014,2026-08-16
01洽谈,paper,professional selling transformation industrial marketing,pdf_download_failed_or_paywall,https://journals.sagepub.com/doi/pdf/10.1177/0308518X19886321,2026-08-16
01洽谈,paper,"""adaptive selling"" customer discovery conversation",pdf_download_failed_or_paywall,https://krex.k-state.edu/bitstreams/04c6995b-5ed1-44d2-b621-84283438353f/download,2026-08-16
01洽谈,paper,"""solution selling"" product-line selection B2B",pdf_download_failed_or_paywall,https://www.sciencedirect.com/science/article/pii/S2212827119302628/pdf,2026-08-16
01洽谈,paper,"""solution selling"" product-line selection B2B",pdf_download_failed_or_paywall,https://research.cbs.dk/en/publications/857c62d4-d65b-4014-a877-efb408b199b9,2026-08-16
01洽谈,paper,"""solution selling"" product-line selection B2B",pdf_download_failed_or_paywall,https://www.emerald.com/insight/content/doi/10.1108/EJM-07-2020-0492/full/pdf?title=development-of-long-term-b2b-customer-relationships-the-role-of-self-disclosure-and-relational-costbenefit-evaluation,2026-08-16
01洽谈,paper,"""solution selling"" product-line selection B2B",pdf_download_failed_or_paywall,https://doi.org/10.1016/j.jengtecman.2024.101846,2026-08-16
01洽谈,paper,"""adaptive selling"" customer discovery conversation",pdf_download_failed_or_paywall,https://kclpure.kcl.ac.uk/portal/en/publications/2616d760-fabb-4034-a836-1e012270d3de,2026-08-16
01洽谈,paper,"""adaptive selling"" customer discovery conversation",pdf_download_failed_or_paywall,https://academic.oup.com/jcr/advance-article-pdf/doi/10.1093/jcr/ucad080/54762951/ucad080.pdf,2026-08-16
01洽谈,paper,"""solution selling"" product-line selection B2B",pdf_download_failed_or_paywall,https://www.tandfonline.com/doi/pdf/10.1080/1051712X.2021.1974169?needAccess=true,2026-08-16
01洽谈,paper,"""solution selling"" product-line selection B2B",pdf_download_failed_or_paywall,http://www.cell.com/article/S2405844024030482/pdf,2026-08-16
01洽谈,paper,"""solution selling"" product-line selection B2B",pdf_download_failed_or_paywall,https://www.sciencedirect.com/science/article/pii/S0019850122000165/pdf,2026-08-16
01洽谈,paper,"""solution selling"" product-line selection B2B",pdf_download_failed_or_paywall,https://doi.org/10.1016/j.indmarman.2024.01.008,2026-08-16
01洽谈,paper,"""adaptive selling"" customer discovery conversation",pdf_download_failed_or_paywall,https://onlinelibrary.wiley.com/doi/pdfdirect/10.1002/kpm.1726,2026-08-16
01洽谈,paper,"""adaptive selling"" customer discovery conversation",pdf_download_failed_or_paywall,https://journals.sagepub.com/history/0fd24bf1-f229-47b3-bd78-6de6a6e84bc5/00222429251338820.22417159.pdf,2026-08-16
01洽谈,paper,"""solution selling"" product-line selection B2B",pdf_download_failed_or_paywall,https://www.tandfonline.com/doi/pdf/10.1080/08853134.2022.2151014?download=true,2026-08-16
01洽谈,paper,"""solution selling"" product-line selection B2B",pdf_download_failed_or_paywall,https://doi.org/10.1016/j.indmarman.2023.09.013,2026-08-16
01洽谈,paper,"""solution selling"" product-line selection B2B",pdf_download_failed_or_paywall,https://www.investigo.biblioteca.uvigo.es/xmlui/bitstream/11093/6779/4/2023_otero_firms_services.pdf,2026-08-16
01洽谈,paper,"""solution selling"" product-line selection B2B",pdf_download_failed_or_paywall,https://www.emerald.com/insight/content/doi/10.1108/IMR-11-2019-0267/full/pdf?title=an-intercultural-interpersonal-relationship-development-framework,2026-08-16
01洽谈,paper,"""solution selling"" product-line selection B2B",title_abstract_not_on_topic,10.1080/08874417.2023.2290574,2026-08-16
01洽谈,paper,"""solution selling"" product-line selection B2B",title_abstract_not_on_topic,10.1111/jpim.12723,2026-08-16
01洽谈,paper,"""solution selling"" product-line selection B2B",title_abstract_not_on_topic,10.1007/s13132-024-01794-3,2026-08-16
01洽谈,paper,"""solution selling"" product-line selection B2B",title_abstract_not_on_topic,10.2478/sbe-2024-0044,2026-08-16
01洽谈,paper,"""solution selling"" product-line selection B2B",title_abstract_not_on_topic,10.47857/irjms.2026.v07i01.07239,2026-08-16
01洽谈,paper,"""solution selling"" product-line selection B2B",title_abstract_not_on_topic,10.1177/10506519251326558,2026-08-16
01洽谈,paper,"""solution selling"" product-line selection B2B",title_abstract_not_on_topic,10.1016/j.indmarman.2026.01.007&quot,2026-08-16
01洽谈,paper,"""solution selling"" product-line selection B2B",title_abstract_not_on_topic,10.1016/j.indmarman.2026.01.008&quot,2026-08-16
01洽谈,paper,"""solution selling"" product-line selection B2B",title_abstract_not_on_topic,10.1007/s11747-026-01164-2,2026-08-16
01洽谈,paper,"""adaptive selling"" customer discovery conversation",title_abstract_not_on_topic,10.5539/ijbm.v19n1p21,2026-08-16
01洽谈,paper,"""adaptive selling"" customer discovery conversation",title_abstract_not_on_topic,10.20473/baki.v9i2.53285,2026-08-16
01洽谈,paper,professional selling transformation industrial marketing,title_abstract_not_on_topic,10.1016/j.jretconser.2023.103663,2026-08-16
01洽谈,paper,professional selling transformation industrial marketing,title_abstract_not_on_topic,10.1016/j.jare.2023.11.019,2026-08-16
01洽谈,paper,professional selling transformation industrial marketing,title_abstract_not_on_topic,10.1186/s41043-024-00550-2,2026-08-16
01洽谈,paper,professional selling transformation industrial marketing,title_abstract_not_on_topic,10.1002/joom.1271,2026-08-16
01洽谈,paper,professional selling transformation industrial marketing,title_abstract_not_on_topic,10.1111/ijcs.12984,2026-08-16
01洽谈,paper,professional selling transformation industrial marketing,title_abstract_not_on_topic,10.1016/j.jbusres.2023.114225,2026-08-16
01洽谈,paper,professional selling transformation industrial marketing,title_abstract_not_on_topic,10.1177/10949968241265855,2026-08-16
01洽谈,paper,professional selling transformation industrial marketing,title_abstract_not_on_topic,10.1108/jbsed-06-2023-0050,2026-08-16
01洽谈,paper,professional selling transformation industrial marketing,title_abstract_not_on_topic,10.51594/ijmer.v6i1.712,2026-08-16
01洽谈,paper,professional selling transformation industrial marketing,title_abstract_not_on_topic,10.1111/rode.13100,2026-08-16
01洽谈,paper,professional selling transformation industrial marketing,title_abstract_not_on_topic,10.2139/ssrn.5101851,2026-08-16
01洽谈,paper,professional selling transformation industrial marketing,title_abstract_not_on_topic,10.1108/imr-12-2023-0339,2026-08-16
01洽谈,paper,professional selling transformation industrial marketing,title_abstract_not_on_topic,10.1016/j.heliyon.2023.e21017,2026-08-16
01洽谈,paper,professional selling transformation industrial marketing,title_abstract_not_on_topic,10.1016/j.techsoc.2023.102434,2026-08-16
01洽谈,paper,professional selling transformation industrial marketing,title_abstract_not_on_topic,10.1057/s41599-023-02051-9,2026-08-16
01洽谈,paper,professional selling transformation industrial marketing,title_abstract_not_on_topic,10.51594/csitrj.v4i3.660,2026-08-16
01洽谈,paper,professional selling transformation industrial marketing,title_abstract_not_on_topic,10.1371/journal.pone.0304127,2026-08-16
01洽谈,paper,professional selling transformation industrial marketing,title_abstract_not_on_topic,10.1108/md-07-2022-0909,2026-08-16
01洽谈,paper,professional selling transformation industrial marketing,title_abstract_not_on_topic,10.1109/access.2024.3389497,2026-08-16
01洽谈,paper,professional selling transformation industrial marketing,title_abstract_not_on_topic,10.7456/tojdac.1413518,2026-08-16
01洽谈,paper,professional selling transformation industrial marketing,title_abstract_not_on_topic,10.1002/bse.3858,2026-08-16
01洽谈,paper,professional selling transformation industrial marketing,title_abstract_not_on_topic,10.1016/j.indmarman.2023.12.011,2026-08-16
01洽谈,paper,professional selling transformation industrial marketing,title_abstract_not_on_topic,10.1177/20515707231221614,2026-08-16
01洽谈,paper,professional selling transformation industrial marketing,title_abstract_not_on_topic,10.1108/ejim-04-2023-0343,2026-08-16
01洽谈,paper,professional selling transformation industrial marketing,title_abstract_not_on_topic,10.1016/j.heliyon.2024.e26435,2026-08-16
01洽谈,paper,professional selling transformation industrial marketing,title_abstract_not_on_topic,10.1016/j.heliyon.2024.e36543,2026-08-16
01洽谈,paper,professional selling transformation industrial marketing,title_abstract_not_on_topic,10.1016/j.indmarman.2023.10.013,2026-08-16
01洽谈,paper,professional selling transformation industrial marketing,title_abstract_not_on_topic,10.1186/s40537-023-00808-2,2026-08-16
01洽谈,paper,professional selling transformation industrial marketing,title_abstract_not_on_topic,10.1080/23311975.2024.2442550,2026-08-16
01洽谈,paper,professional selling transformation industrial marketing,title_abstract_not_on_topic,10.1177/14707853251379285,2026-08-16
01洽谈,paper,professional selling transformation industrial marketing,title_abstract_not_on_topic,10.1016/j.indmarman.2024.10.005,2026-08-16
01洽谈,paper,professional selling transformation industrial marketing,title_abstract_not_on_topic,10.1002/sej.1493,2026-08-16
01洽谈,paper,professional selling transformation industrial marketing,title_abstract_not_on_topic,10.1007/s11747-023-00978-8,2026-08-16
01洽谈,paper,professional selling transformation industrial marketing,title_abstract_not_on_topic,10.3390/su16051845,2026-08-16
01洽谈,paper,professional selling transformation industrial marketing,title_abstract_not_on_topic,10.21272/mmi.2024.1-02,2026-08-16
01洽谈,paper,professional selling transformation industrial marketing,title_abstract_not_on_topic,10.3390/su17030823,2026-08-16
01洽谈,paper,professional selling transformation industrial marketing,title_abstract_not_on_topic,10.31926/but.es.2023.16.65.2.4,2026-08-16
01洽谈,paper,professional selling transformation industrial marketing,title_abstract_not_on_topic,10.1371/journal.pone.0292972,2026-08-16
01洽谈,paper,professional selling transformation industrial marketing,title_abstract_not_on_topic,10.1108/dts-01-2023-0008,2026-08-16
01洽谈,paper,professional selling transformation industrial marketing,title_abstract_not_on_topic,10.3390/systems12120564,2026-08-16
01洽谈,paper,professional selling transformation industrial marketing,title_abstract_not_on_topic,10.1108/ejim-09-2023-0736,2026-08-16
01洽谈,paper,professional selling transformation industrial marketing,title_abstract_not_on_topic,10.20944/preprints202407.2371.v1,2026-08-16
01洽谈,paper,professional selling transformation industrial marketing,title_abstract_not_on_topic,10.1007/s43039-024-00099-2,2026-08-16
01洽谈,paper,professional selling transformation industrial marketing,title_abstract_not_on_topic,10.22495/cgobrv7i3sip10,2026-08-16
01洽谈,paper,professional selling transformation industrial marketing,title_abstract_not_on_topic,10.11591/ijai.v13.i1.pp639-647,2026-08-16
01洽谈,paper,professional selling transformation industrial marketing,title_abstract_not_on_topic,10.1007/s11365-024-00959-5,2026-08-16
01洽谈,paper,professional selling transformation industrial marketing,title_abstract_not_on_topic,10.59796/jcst.v13n3.2023.1285,2026-08-16
01洽谈,paper,professional selling transformation industrial marketing,title_abstract_not_on_topic,10.21511/im.20(1).2024.14,2026-08-16
01洽谈,paper,professional selling transformation industrial marketing,title_abstract_not_on_topic,10.1108/qmr-10-2023-0143,2026-08-16
01洽谈,paper,professional selling transformation industrial marketing,title_abstract_not_on_topic,10.64818/pijmess.3107.4626.0030,2026-08-16
01洽谈,paper,professional selling transformation industrial marketing,title_abstract_not_on_topic,10.36956/rwae.v4i3.897,2026-08-16
01洽谈,paper,professional selling transformation industrial marketing,title_abstract_not_on_topic,10.52783/jes.2327,2026-08-16
01洽谈,paper,professional selling transformation industrial marketing,title_abstract_not_on_topic,10.2478/bsrj-2023-0001,2026-08-16
01洽谈,paper,professional selling transformation industrial marketing,title_abstract_not_on_topic,10.4018/jgim.356380,2026-08-16
01洽谈,paper,professional selling transformation industrial marketing,title_abstract_not_on_topic,10.1108/ejim-02-2023-0108,2026-08-16
01洽谈,paper,professional selling transformation industrial marketing,title_abstract_not_on_topic,10.1177/09713557231201116,2026-08-16
01洽谈,paper,professional selling transformation industrial marketing,title_abstract_not_on_topic,10.1016/j.jik.2024.100560,2026-08-16
01洽谈,paper,professional selling transformation industrial marketing,title_abstract_not_on_topic,10.3390/su16052129,2026-08-16
01洽谈,paper,professional selling transformation industrial marketing,title_abstract_not_on_topic,10.69888/ftshs.2024.000149,2026-08-16
01洽谈,paper,professional selling transformation industrial marketing,title_abstract_not_on_topic,10.1016/j.techfore.2024.123557,2026-08-16
01洽谈,paper,professional selling transformation industrial marketing,title_abstract_not_on_topic,10.7903/cmr.22344,2026-08-16
01洽谈,paper,professional selling transformation industrial marketing,title_abstract_not_on_topic,10.1016/j.ijpe.2024.109405,2026-08-16
01洽谈,paper,professional selling transformation industrial marketing,title_abstract_not_on_topic,10.3390/su17219763,2026-08-16
01洽谈,paper,professional selling transformation industrial marketing,title_abstract_not_on_topic,10.37868/hsd.v7i1.1192,2026-08-16
01洽谈,paper,professional selling transformation industrial marketing,title_abstract_not_on_topic,10.3390/systems13010001,2026-08-16
01洽谈,paper,professional selling transformation industrial marketing,title_abstract_not_on_topic,10.1186/s43093-024-00302-y,2026-08-16
01洽谈,paper,professional selling transformation industrial marketing,title_abstract_not_on_topic,10.3390/su17041407,2026-08-16
01洽谈,paper,professional selling transformation industrial marketing,title_abstract_not_on_topic,10.1016/j.techfore.2023.123168,2026-08-16
01洽谈,paper,professional selling transformation industrial marketing,title_abstract_not_on_topic,10.3390/jtaer20030236,2026-08-16
01洽谈,paper,professional selling transformation industrial marketing,title_abstract_not_on_topic,10.1080/23311975.2024.2302311,2026-08-16
01洽谈,paper,professional selling transformation industrial marketing,title_abstract_not_on_topic,10.5937/aneksub2300033m,2026-08-16
01洽谈,paper,professional selling transformation industrial marketing,title_abstract_not_on_topic,10.1007/s11187-025-01057-8,2026-08-16
01洽谈,paper,professional selling transformation industrial marketing,title_abstract_not_on_topic,10.1016/j.jrurstud.2024.103199,2026-08-16
01洽谈,paper,professional selling transformation industrial marketing,title_abstract_not_on_topic,10.3390/pharmacy12050155,2026-08-16
01洽谈,paper,"""solution selling"" product-line selection B2B",pdf_download_failed_or_paywall,https://doi.org/10.1016/j.indmarman.2024.01.014,2026-08-16
01洽谈,paper,professional selling transformation industrial marketing,pdf_download_failed_or_paywall,https://cronfa.swan.ac.uk/Record/cronfa66137/Download/66137__30120__c3a5250354ae47708e225d412ac69a4e.pdf,2026-08-16
01洽谈,paper,professional selling transformation industrial marketing,pdf_download_failed_or_paywall,https://doi.org/10.1016/j.indmarman.2023.11.006,2026-08-16
01洽谈,paper,professional selling transformation industrial marketing,pdf_download_failed_or_paywall,https://doi.org/10.1016/j.ijinfomgt.2024.102768,2026-08-16
01洽谈,paper,professional selling transformation industrial marketing,pdf_download_failed_or_paywall,https://onlinelibrary.wiley.com/doi/pdfdirect/10.1111/jpim.12705,2026-08-16
01洽谈,paper,"""solution selling"" product-line selection B2B",pdf_download_failed_or_paywall,https://doi.org/10.1016/j.jengtecman.2024.101846,2026-08-16
01洽谈,paper,professional selling transformation industrial marketing,pdf_download_failed_or_paywall,https://www.mdpi.com/2076-3387/15/6/193/pdf?version=1747907679,2026-08-16
01洽谈,paper,"""adaptive selling"" customer discovery conversation",pdf_download_failed_or_paywall,https://academic.oup.com/jcr/advance-article-pdf/doi/10.1093/jcr/ucad080/54762951/ucad080.pdf,2026-08-16
01洽谈,paper,"""solution selling"" product-line selection B2B",pdf_download_failed_or_paywall,http://www.cell.com/article/S2405844024030482/pdf,2026-08-16
01洽谈,paper,"""solution selling"" product-line selection B2B",pdf_download_failed_or_paywall,https://doi.org/10.1016/j.indmarman.2024.01.008,2026-08-16
01洽谈,paper,"""adaptive selling"" customer discovery conversation",pdf_download_failed_or_paywall,https://journals.sagepub.com/history/0fd24bf1-f229-47b3-bd78-6de6a6e84bc5/00222429251338820.22417159.pdf,2026-08-16
01洽谈,paper,professional selling transformation industrial marketing,pdf_download_failed_or_paywall,https://journals.sagepub.com/doi/pdf/10.1177/14648849241269300?download=true,2026-08-16
01洽谈,paper,"""solution selling"" product-line selection B2B",pdf_download_failed_or_paywall,https://doi.org/10.1016/j.indmarman.2023.09.013,2026-08-16
01洽谈,paper,"""solution selling"" product-line selection B2B",pdf_download_failed_or_paywall,https://www.investigo.biblioteca.uvigo.es/xmlui/bitstream/11093/6779/4/2023_otero_firms_services.pdf,2026-08-16
01洽谈,paper,professional selling transformation industrial marketing,pdf_download_failed_or_paywall,https://doi.org/10.37741/t.72.3.10,2026-08-16
01洽谈,paper,professional selling transformation industrial marketing,pdf_download_failed_or_paywall,https://www.emerald.com/insight/content/doi/10.1108/REGE-10-2021-0191/full/pdf?title=marketing-communications-dimensions-and-brand-loyalty-in-the-banking-sector,2026-08-16
01洽谈,paper,"""solution selling"" product-line selection B2B",pdf_download_failed_or_paywall,https://doi.org/10.1016/j.iedeen.2023.100235,2026-08-16
01洽谈,paper,professional selling transformation industrial marketing,pdf_download_failed_or_paywall,https://doi.org/10.1016/j.indmarman.2024.10.012,2026-08-16
05实施控制,paper,"""earned value management"" project control",title_abstract_not_on_topic,10.1038/s41598-024-66232-5,2026-08-16
05实施控制,paper,"""earned value management"" project control",title_abstract_not_on_topic,10.1108/sasbe-12-2023-0379,2026-08-16
05实施控制,paper,"""earned value management"" project control",title_abstract_not_on_topic,10.36680/j.itcon.2024.053,2026-08-16
05实施控制,paper,"""earned value management"" project control",title_abstract_not_on_topic,10.1016/j.jenvman.2024.121986,2026-08-16
05实施控制,paper,"""earned value management"" project control",title_abstract_not_on_topic,10.52783/tjjpt.v45.i04.8136,2026-08-16
05实施控制,paper,"""earned value management"" project control",title_abstract_not_on_topic,10.20944/preprints202401.2033.v1,2026-08-16
05实施控制,paper,"""earned value management"" project control",title_abstract_not_on_topic,10.1109/mcse.2024.3384937,2026-08-16
05实施控制,paper,"""earned value management"" project control",title_abstract_not_on_topic,10.62225/2583049x.2025.5.2.4144,2026-08-16
05实施控制,paper,"""earned value management"" project control",title_abstract_not_on_topic,10.62225/2583049x.2025.5.4.4763,2026-08-16
05实施控制,paper,"""earned value management"" project control",title_abstract_not_on_topic,10.36948/ijfmr.2025.v07i01.37332,2026-08-16
05实施控制,paper,"""earned value management"" project control",title_abstract_not_on_topic,10.1016/j.dibe.2024.100524,2026-08-16
05实施控制,paper,"""earned value management"" project control",title_abstract_not_on_topic,10.21744/irjeis.v11n1.2493,2026-08-16
05实施控制,paper,"""earned value management"" project control",title_abstract_not_on_topic,10.3390/buildings14113668,2026-08-16
05实施控制,paper,"""earned value management"" project control",title_abstract_not_on_topic,10.26437/ajar.v11i1.825,2026-08-16
05实施控制,paper,"""earned value management"" project control",title_abstract_not_on_topic,10.3390/buildings16051061,2026-08-16
05实施控制,paper,"""earned value management"" project control",title_abstract_not_on_topic,10.32628/ijsrst23121167,2026-08-16
05实施控制,paper,"""earned value management"" project control",title_abstract_not_on_topic,10.48550/arxiv.2311.06995,2026-08-16
05实施控制,paper,"""earned value management"" project control",title_abstract_not_on_topic,10.59188/devotion.v6i1.25403,2026-08-16
05实施控制,paper,"""earned value management"" project control",title_abstract_not_on_topic,10.3390/en19020299,2026-08-16
05实施控制,paper,"""earned value management"" project control",title_abstract_not_on_topic,10.20944/preprints202505.1390.v1,2026-08-16
05实施控制,paper,"""project change control"" rework",title_abstract_not_on_topic,10.51244/ijrsi.2026.1307000043,2026-08-16
05实施控制,paper,"""online controlled experiment"" holdout A/B testing",title_abstract_not_on_topic,10.1101/2024.03.01.583000,2026-08-16
05实施控制,paper,"""online controlled experiment"" holdout A/B testing",title_abstract_not_on_topic,10.20944/preprints202312.0957.v1,2026-08-16
05实施控制,paper,"""online controlled experiment"" holdout A/B testing",title_abstract_not_on_topic,10.2139/ssrn.7102848,2026-08-16
05实施控制,paper,"""online controlled experiment"" holdout A/B testing",title_abstract_not_on_topic,10.71097/ijsat.v17.i2.11319,2026-08-16
05实施控制,paper,"""online controlled experiment"" holdout A/B testing",title_abstract_not_on_topic,Hierarchical Online Prompt Mutation with Dual-Loop Feedback for Guardrailed Evidence Document Generation: A Production-Evaluation Case Study,2026-08-16
05实施控制,paper,"""online controlled experiment"" holdout A/B testing",title_abstract_not_on_topic,Sustained Impact of Agentic Personalisation in Marketing: A Longitudinal Case Study,2026-08-16
05实施控制,paper,"""online controlled experiment"" holdout A/B testing",title_abstract_not_on_topic,10.52783/jisem.v11i1s.14239,2026-08-16
05实施控制,paper,"""online controlled experiment"" holdout A/B testing",title_abstract_not_on_topic,10.60087/jaigs.v8i02.424,2026-08-16
05实施控制,paper,"""online controlled experiment"" holdout A/B testing",title_abstract_not_on_topic,10.48550/arxiv.2308.05381,2026-08-16
05实施控制,paper,"""online controlled experiment"" holdout A/B testing",title_abstract_not_on_topic,Flexible Inference for Winners with Conditional Validity,2026-08-16
05实施控制,paper,"""project risk management"" issue log",title_abstract_not_on_topic,10.53294/ijfetr.2024.6.1.0026,2026-08-16
05实施控制,paper,"""project risk management"" issue log",title_abstract_not_on_topic,10.3390/computers14020066,2026-08-16
05实施控制,paper,"""project risk management"" issue log",title_abstract_not_on_topic,10.3390/buildings14010220,2026-08-16
05实施控制,paper,"""project risk management"" issue log",title_abstract_not_on_topic,10.1038/s41598-024-54964-3,2026-08-16
05实施控制,paper,"""project risk management"" issue log",title_abstract_not_on_topic,10.3390/rs15194701,2026-08-16
05实施控制,paper,"""project risk management"" issue log",title_abstract_not_on_topic,10.30574/wjarr.2024.24.3.4026,2026-08-16
05实施控制,paper,"""project risk management"" issue log",title_abstract_not_on_topic,10.3390/buildings15010021,2026-08-16
05实施控制,paper,"""project risk management"" issue log",title_abstract_not_on_topic,10.3390/buildings15183379,2026-08-16
05实施控制,paper,"""project risk management"" issue log",title_abstract_not_on_topic,10.32738/jeppm-2024-0014,2026-08-16
05实施控制,paper,"""project risk management"" issue log",title_abstract_not_on_topic,10.1007/s10614-023-10543-8,2026-08-16
05实施控制,paper,"""project risk management"" issue log",title_abstract_not_on_topic,10.3390/infrastructures10020035,2026-08-16
05实施控制,paper,"""project risk management"" issue log",title_abstract_not_on_topic,10.55248/gengpi.6.0325.1148,2026-08-16
05实施控制,paper,"""project risk management"" issue log",title_abstract_not_on_topic,10.1007/s44265-023-00022-1,2026-08-16
05实施控制,paper,"""project risk management"" issue log",title_abstract_not_on_topic,10.1016/j.heliyon.2023.e20988,2026-08-16
05实施控制,paper,"""project risk management"" issue log",title_abstract_not_on_topic,10.3390/buildings15111944,2026-08-16
05实施控制,paper,"""project risk management"" issue log",title_abstract_not_on_topic,10.54660/.ijmrge.2025.6.1.1036-1046,2026-08-16
05实施控制,paper,"""project risk management"" issue log",title_abstract_not_on_topic,10.31026/j.eng.2023.08.06,2026-08-16
05实施控制,paper,"""project risk management"" issue log",title_abstract_not_on_topic,10.37934/araset.48.2.235250,2026-08-16
05实施控制,paper,"""project risk management"" issue log",title_abstract_not_on_topic,10.3390/su162310578,2026-08-16
05实施控制,paper,"""project risk management"" issue log",title_abstract_not_on_topic,10.1080/15623599.2025.2453931,2026-08-16
05实施控制,paper,"""project risk management"" issue log",title_abstract_not_on_topic,10.1038/s41598-025-98229-z,2026-08-16
05实施控制,paper,"""project risk management"" issue log",title_abstract_not_on_topic,10.1108/md-04-2024-0818,2026-08-16
05实施控制,paper,"""project risk management"" issue log",title_abstract_not_on_topic,10.21015/vtcs.v13i1.2043,2026-08-16
05实施控制,paper,"""project risk management"" issue log",title_abstract_not_on_topic,10.52131/joe.2024.0601.0191,2026-08-16
05实施控制,paper,"""project risk management"" issue log",title_abstract_not_on_topic,10.3390/buildings13122933,2026-08-16
05实施控制,paper,"""project risk management"" issue log",title_abstract_not_on_topic,10.62273/lsvk6170,2026-08-16
05实施控制,paper,"""project risk management"" issue log",title_abstract_not_on_topic,10.4187/respcare.11578,2026-08-16
05实施控制,paper,"""project risk management"" issue log",title_abstract_not_on_topic,10.55248/gengpi.6.0325.1117,2026-08-16
05实施控制,paper,"""project risk management"" issue log",title_abstract_not_on_topic,10.25019/vxgfbw39,2026-08-16
05实施控制,paper,"""project risk management"" issue log",title_abstract_not_on_topic,10.22581/muet1982.3202,2026-08-16
05实施控制,paper,"""project risk management"" issue log",title_abstract_not_on_topic,10.1101/2024.10.07.24315029,2026-08-16
05实施控制,paper,"""project risk management"" issue log",title_abstract_not_on_topic,10.18273/revuin.v23n1-2024011,2026-08-16
05实施控制,paper,"""project risk management"" issue log",title_abstract_not_on_topic,10.30574/ijsra.2025.16.1.1950,2026-08-16
05实施控制,paper,"""project risk management"" issue log",title_abstract_not_on_topic,10.2339/politeknik.1648306,2026-08-16
05实施控制,paper,"""project risk management"" issue log",title_abstract_not_on_topic,10.7753/ijcatr1401.1007,2026-08-16
05实施控制,paper,"""project risk management"" issue log",title_abstract_not_on_topic,10.31891/csit-2024-3-5,2026-08-16
05实施控制,paper,"""project risk management"" issue log",title_abstract_not_on_topic,10.56975/ijrti.v10i8.205893,2026-08-16
05实施控制,paper,"""project risk management"" issue log",title_abstract_not_on_topic,10.3390/machines13050412,2026-08-16
05实施控制,paper,"""project risk management"" issue log",title_abstract_not_on_topic,10.3390/buildings15173077,2026-08-16
05实施控制,paper,"""project risk management"" issue log",title_abstract_not_on_topic,10.3390/analytics4010007,2026-08-16
05实施控制,paper,"""project risk management"" issue log",title_abstract_not_on_topic,10.1017/dce.2025.10032,2026-08-16
05实施控制,paper,"""project risk management"" issue log",title_abstract_not_on_topic,10.59324/ejtas.2024.2(5).72,2026-08-16
05实施控制,paper,"""project risk management"" issue log",title_abstract_not_on_topic,10.1002/alz.70255,2026-08-16
05实施控制,paper,"""project risk management"" issue log",title_abstract_not_on_topic,10.3390/buildings15040569,2026-08-16
05实施控制,paper,"""project risk management"" issue log",title_abstract_not_on_topic,10.3390/math12203222,2026-08-16
05实施控制,paper,"""project risk management"" issue log",title_abstract_not_on_topic,10.1002/spe.3419,2026-08-16
05实施控制,paper,"""project risk management"" issue log",title_abstract_not_on_topic,10.3390/su17083739,2026-08-16
05实施控制,paper,"""project risk management"" issue log",title_abstract_not_on_topic,10.3390/buildings16030511,2026-08-16
05实施控制,paper,"""project risk management"" issue log",title_abstract_not_on_topic,10.55248/gengpi.6.0725.2651,2026-08-16
05实施控制,paper,"""management by exception"" project control",title_abstract_not_on_topic,10.1108/ecam-08-2024-1122,2026-08-16
05实施控制,paper,"""management by exception"" project control",title_abstract_not_on_topic,10.1016/j.mar.2024.100901,2026-08-16
05实施控制,paper,"""management by exception"" project control",title_abstract_not_on_topic,10.3390/buildings13082062,2026-08-16
05实施控制,paper,"""management by exception"" project control",title_abstract_not_on_topic,10.21608/ejhc.2024.387342,2026-08-16
05实施控制,paper,"""management by exception"" project control",title_abstract_not_on_topic,10.3390/computers14120547,2026-08-16
05实施控制,paper,"""management by exception"" project control",title_abstract_not_on_topic,10.35808/ersj/4199,2026-08-16
05实施控制,paper,"""management by exception"" project control",title_abstract_not_on_topic,10.3390/healthcare14010077,2026-08-16
05实施控制,paper,"""management by exception"" project control",title_abstract_not_on_topic,10.22363/2312-8143-2026-27-2-215-225,2026-08-16
05实施控制,paper,"""management by exception"" project control",title_abstract_not_on_topic,10.55677/ijhrsss/04-2025-vol02i6,2026-08-16
05实施控制,paper,"""management by exception"" project control",title_abstract_not_on_topic,10.61108/ijsshr.v2i1.89,2026-08-16
05实施控制,paper,"""management by exception"" project control",title_abstract_not_on_topic,10.51594/ijae.v6i4.1072,2026-08-16
05实施控制,paper,"""management by exception"" project control",title_abstract_not_on_topic,10.3390/su151914337,2026-08-16
05实施控制,paper,"""management by exception"" project control",title_abstract_not_on_topic,10.21203/rs.3.rs-7989581/v1,2026-08-16
05实施控制,paper,"""management by exception"" project control",title_abstract_not_on_topic,10.1146/annurev-orgpsych-110721-033711,2026-08-16
05实施控制,paper,"""management by exception"" project control",title_abstract_not_on_topic,10.3390/futuretransp4020018,2026-08-16
05实施控制,paper,"""management by exception"" project control",title_abstract_not_on_topic,El papel moderador del nivel escolar en el efecto de los estilos de liderazgo y la cultura escolar sobre el agotamiento docente,2026-08-16
05实施控制,paper,"""management by exception"" project control",title_abstract_not_on_topic,10.1016/j.bushor.2024.04.003,2026-08-16
05实施控制,paper,"""management by exception"" project control",title_abstract_not_on_topic,10.1145/3638247,2026-08-16
05实施控制,paper,"""management by exception"" project control",title_abstract_not_on_topic,10.1007/s00271-024-00924-8,2026-08-16
05实施控制,paper,"""management by exception"" project control",title_abstract_not_on_topic,10.1177/09500170231219677,2026-08-16
05实施控制,paper,"""management by exception"" project control",title_abstract_not_on_topic,10.58932/mule0019,2026-08-16
05实施控制,paper,"""management by exception"" project control",title_abstract_not_on_topic,10.3389/fpsyg.2024.1380935,2026-08-16
05实施控制,paper,"""management by exception"" project control",title_abstract_not_on_topic,10.56868/ijmt.v1i2.26,2026-08-16
05实施控制,paper,"""management by exception"" project control",title_abstract_not_on_topic,10.1080/00140139.2023.2286907,2026-08-16
05实施控制,paper,"""management by exception"" project control",title_abstract_not_on_topic,10.29119/1641-3466.2024.198.6,2026-08-16
05实施控制,paper,"""management by exception"" project control",title_abstract_not_on_topic,10.1080/1081602x.2026.2699131,2026-08-16
05实施控制,paper,"""management by exception"" project control",title_abstract_not_on_topic,10.5130/5wwvh077,2026-08-16
05实施控制,paper,"""management by exception"" project control",title_abstract_not_on_topic,10.1016/j.jbusres.2023.114437,2026-08-16
05实施控制,paper,"""management by exception"" project control",title_abstract_not_on_topic,10.1111/beer.12618,2026-08-16
05实施控制,paper,"""management by exception"" project control",title_abstract_not_on_topic,10.35808/ersj/4139,2026-08-16
05实施控制,paper,"""management by exception"" project control",title_abstract_not_on_topic,10.1016/j.joca.2024.08.014,2026-08-16
05实施控制,paper,"""management by exception"" project control",title_abstract_not_on_topic,10.3390/ani14213071,2026-08-16
05实施控制,paper,"""management by exception"" project control",title_abstract_not_on_topic,10.3389/fpsyg.2023.1185271,2026-08-16
05实施控制,paper,"""management by exception"" project control",title_abstract_not_on_topic,10.1093/jas/skaf138,2026-08-16
05实施控制,paper,"""management by exception"" project control",title_abstract_not_on_topic,10.1177/20413866231197519,2026-08-16
05实施控制,paper,"""management by exception"" project control",title_abstract_not_on_topic,10.3390/futuretransp5020042,2026-08-16
05实施控制,paper,"""management by exception"" project control",title_abstract_not_on_topic,10.3389/fpsyg.2023.1237775,2026-08-16
05实施控制,paper,"""management by exception"" project control",title_abstract_not_on_topic,10.1002/bse.4148,2026-08-16
05实施控制,paper,"""management by exception"" project control",title_abstract_not_on_topic,10.5281/zenodo.8410953,2026-08-16
05实施控制,paper,"""management by exception"" project control",title_abstract_not_on_topic,10.59324/stss.2024.1(3).08,2026-08-16
05实施控制,paper,"""management by exception"" project control",title_abstract_not_on_topic,10.1016/j.heliyon.2024.e37149,2026-08-16
05实施控制,paper,"""management by exception"" project control",title_abstract_not_on_topic,10.1177/15480518231216868,2026-08-16
05实施控制,paper,"""management by exception"" project control",title_abstract_not_on_topic,10.1016/j.future.2024.06.001,2026-08-16
05实施控制,paper,"""management by exception"" project control",title_abstract_not_on_topic,10.1016/j.ijproman.2023.102540,2026-08-16
05实施控制,paper,"""management by exception"" project control",title_abstract_not_on_topic,10.1080/23311975.2024.2331645,2026-08-16
05实施控制,paper,"""management by exception"" project control",title_abstract_not_on_topic,10.3390/educsci13121197,2026-08-16
05实施控制,paper,"""management by exception"" project control",title_abstract_not_on_topic,10.3390/nursrep13040131,2026-08-16
05实施控制,paper,"""management by exception"" project control",title_abstract_not_on_topic,10.3390/su151813615,2026-08-16
05实施控制,paper,"""management by exception"" project control",title_abstract_not_on_topic,10.1016/j.chiabu.2024.106924,2026-08-16
05实施控制,paper,"""management by exception"" project control",title_abstract_not_on_topic,10.4236/ojbm.2024.125179,2026-08-16
05实施控制,paper,"""management by exception"" project control",title_abstract_not_on_topic,10.33423/jhetp.v24i3.6830,2026-08-16
05实施控制,paper,"""management by exception"" project control",title_abstract_not_on_topic,10.3390/agriculture15060640,2026-08-16
05实施控制,paper,"""management by exception"" project control",title_abstract_not_on_topic,10.1080/13467581.2025.2457385,2026-08-16
05实施控制,paper,"""management by exception"" project control",title_abstract_not_on_topic,10.3390/bs15010025,2026-08-16
05实施控制,paper,"""management by exception"" project control",title_abstract_not_on_topic,10.3390/su151914047,2026-08-16
05实施控制,paper,"""management by exception"" project control",title_abstract_not_on_topic,10.3389/fpsyg.2024.1427072,2026-08-16
05实施控制,paper,"""management by exception"" project control",title_abstract_not_on_topic,10.3390/fintech2040039,2026-08-16
05实施控制,paper,"""management by exception"" project control",title_abstract_not_on_topic,10.3390/axioms12090855,2026-08-16
05实施控制,paper,"""management by exception"" project control",title_abstract_not_on_topic,10.3926/ic.2383,2026-08-16
05实施控制,paper,"""management by exception"" project control",title_abstract_not_on_topic,10.1016/j.ijnsa.2024.100184,2026-08-16
05实施控制,paper,"""management by exception"" project control",title_abstract_not_on_topic,10.58346/jisis.2024.i4.008,2026-08-16
05实施控制,paper,"""management by exception"" project control",title_abstract_not_on_topic,10.2147/prbm.s454596,2026-08-16
05实施控制,paper,"""management by exception"" project control",title_abstract_not_on_topic,10.1002/pan3.10579,2026-08-16
05实施控制,paper,"""management by exception"" project control",title_abstract_not_on_topic,10.1002/jsc.70001,2026-08-16
05实施控制,paper,"""management by exception"" project control",title_abstract_not_on_topic,10.4102/sajbm.v55i1.4338,2026-08-16
05实施控制,paper,"""management by exception"" project control",title_abstract_not_on_topic,10.3390/admsci15050172,2026-08-16
05实施控制,paper,"""management by exception"" project control",title_abstract_not_on_topic,10.5937/aneksub2500004d,2026-08-16
05实施控制,paper,"""management by exception"" project control",title_abstract_not_on_topic,10.1016/j.cmpb.2024.108404,2026-08-16
05实施控制,paper,"""management by exception"" project control",title_abstract_not_on_topic,10.1111/1468-5973.12538,2026-08-16
05实施控制,paper,"""management by exception"" project control",title_abstract_not_on_topic,10.1186/s12912-025-03573-0,2026-08-16
05实施控制,paper,"""management by exception"" project control",title_abstract_not_on_topic,10.18502/kss.v8i19.14385,2026-08-16
05实施控制,paper,"""management by exception"" project control",title_abstract_not_on_topic,10.1016/j.shaw.2024.05.005,2026-08-16
05实施控制,paper,"""management by exception"" project control",title_abstract_not_on_topic,10.14716/ijtech.v14i8.6836,2026-08-16
05实施控制,paper,"""management by exception"" project control",title_abstract_not_on_topic,10.38124/ijisrt/ijisrt24sep665,2026-08-16
05实施控制,paper,"""management by exception"" project control",title_abstract_not_on_topic,10.56294/saludcyt2024962,2026-08-16
05实施控制,paper,"""management by exception"" project control",title_abstract_not_on_topic,10.31436/ijes.v12i1.515,2026-08-16
05实施控制,paper,"""management by exception"" project control",title_abstract_not_on_topic,10.28918/jei.v8i2.2276,2026-08-16
05实施控制,paper,"""management by exception"" project control",title_abstract_not_on_topic,10.1177/0013161x231183662,2026-08-16
05实施控制,paper,"""management by exception"" project control",title_abstract_not_on_topic,10.56201/wjeds.v7.no1.2022.pg87.113,2026-08-16
05实施控制,paper,"""management by exception"" project control",title_abstract_not_on_topic,10.20944/preprints202501.0974.v1,2026-08-16
05实施控制,paper,"""management by exception"" project control",title_abstract_not_on_topic,10.1371/journal.pone.0306079,2026-08-16
05实施控制,paper,"""management by exception"" project control",title_abstract_not_on_topic,10.54560/jracr.v13i4.415,2026-08-16
05实施控制,paper,"""management by exception"" project control",title_abstract_not_on_topic,10.1007/s11846-024-00822-5,2026-08-16
05实施控制,paper,"""management by exception"" project control",title_abstract_not_on_topic,10.3390/su16229621,2026-08-16
05实施控制,paper,"""management by exception"" project control",title_abstract_not_on_topic,10.1080/14719037.2024.2411631,2026-08-16
05实施控制,paper,"""management by exception"" project control",title_abstract_not_on_topic,10.57239/pjlss-2024-22.2.00283,2026-08-16
05实施控制,paper,"""management by exception"" project control",title_abstract_not_on_topic,10.30880/ijscet.2023.14.03.033,2026-08-16
05实施控制,paper,"""management by exception"" project control",title_abstract_not_on_topic,10.18535/sshj.v9i05.1821,2026-08-16
05实施控制,paper,"""management by exception"" project control",title_abstract_not_on_topic,10.1155/jonm/5212844,2026-08-16
05实施控制,paper,"""management by exception"" project control",title_abstract_not_on_topic,10.1007/s12144-024-07272-y,2026-08-16
05实施控制,paper,"""management by exception"" project control",title_abstract_not_on_topic,10.5267/j.jpm.2024.6.001,2026-08-16
05实施控制,paper,"""management by exception"" project control",title_abstract_not_on_topic,10.1177/17151635241253593,2026-08-16
05实施控制,paper,"""management by exception"" project control",title_abstract_not_on_topic,10.4102/sajhrm.v22i0.2768,2026-08-16
05实施控制,paper,"""management by exception"" project control",title_abstract_not_on_topic,10.3390/joma2020010,2026-08-16
05实施控制,paper,"""management by exception"" project control",title_abstract_not_on_topic,10.1093/labmed/lmad091,2026-08-16
05实施控制,paper,project intervention change order wait period,title_abstract_not_on_topic,10.3389/fpsyt.2023.1277756,2026-08-16
05实施控制,paper,project intervention change order wait period,title_abstract_not_on_topic,10.1016/j.ynstr.2024.100670,2026-08-16
05实施控制,paper,project intervention change order wait period,title_abstract_not_on_topic,10.1016/j.aej.2024.04.050,2026-08-16
05实施控制,paper,project intervention change order wait period,title_abstract_not_on_topic,10.1146/annurev-psych-033020-013319,2026-08-16
05实施控制,paper,project intervention change order wait period,title_abstract_not_on_topic,10.1186/s12909-023-04698-z,2026-08-16
05实施控制,paper,project intervention change order wait period,title_abstract_not_on_topic,10.1093/abm/kaae021,2026-08-16
05实施控制,paper,project intervention change order wait period,title_abstract_not_on_topic,10.1007/s10648-023-09824-3,2026-08-16
05实施控制,paper,project intervention change order wait period,title_abstract_not_on_topic,10.1186/s12913-023-09845-2,2026-08-16
05实施控制,paper,project intervention change order wait period,title_abstract_not_on_topic,10.1007/s40279-023-01990-2,2026-08-16
05实施控制,paper,project intervention change order wait period,title_abstract_not_on_topic,10.1016/s2215-0366(24)00163-9,2026-08-16
05实施控制,paper,project intervention change order wait period,title_abstract_not_on_topic,10.1038/s41467-023-42777-3,2026-08-16
05实施控制,paper,project intervention change order wait period,title_abstract_not_on_topic,10.1002/14651858.cd015328.pub2,2026-08-16
05实施控制,paper,project intervention change order wait period,title_abstract_not_on_topic,10.1016/j.ocecoaman.2024.107385,2026-08-16
05实施控制,paper,project intervention change order wait period,title_abstract_not_on_topic,10.1002/14651858.cd013472.pub2,2026-08-16
05实施控制,paper,project intervention change order wait period,title_abstract_not_on_topic,10.36646/mjlr.18.4.divorce,2026-08-16
05实施控制,paper,project intervention change order wait period,title_abstract_not_on_topic,10.1007/s00270-023-03600-0,2026-08-16
05实施控制,paper,project intervention change order wait period,title_abstract_not_on_topic,10.1136/bmjopen-2024-087342,2026-08-16
05实施控制,paper,project intervention change order wait period,title_abstract_not_on_topic,10.1002/14651858.cd013591.pub2,2026-08-16
05实施控制,paper,project intervention change order wait period,title_abstract_not_on_topic,10.1002/wps.21160,2026-08-16
05实施控制,paper,project intervention change order wait period,title_abstract_not_on_topic,10.1016/j.jhep.2024.07.032,2026-08-16
05实施控制,paper,project intervention change order wait period,title_abstract_not_on_topic,10.1002/14651858.cd013456.pub2,2026-08-16
05实施控制,paper,project intervention change order wait period,title_abstract_not_on_topic,10.2147/ahmt.s415698,2026-08-16
05实施控制,paper,project intervention change order wait period,title_abstract_not_on_topic,10.1080/01436597.2023.2251422,2026-08-16
05实施控制,paper,project intervention change order wait period,title_abstract_not_on_topic,10.1002/14651858.cd012850.pub2,2026-08-16
05实施控制,paper,project intervention change order wait period,title_abstract_not_on_topic,10.1016/j.eclinm.2024.102657,2026-08-16
05实施控制,paper,project intervention change order wait period,title_abstract_not_on_topic,10.1101/2023.08.21.23294348,2026-08-16
05实施控制,paper,project intervention change order wait period,title_abstract_not_on_topic,10.1007/s41348-024-00878-1,2026-08-16
05实施控制,paper,project intervention change order wait period,title_abstract_not_on_topic,10.1002/14651858.cd003477.pub5,2026-08-16
05实施控制,paper,project intervention change order wait period,title_abstract_not_on_topic,10.1111/eip.70017,2026-08-16
05实施控制,paper,project intervention change order wait period,title_abstract_not_on_topic,10.1002/14651858.cd013303.pub2,2026-08-16
05实施控制,paper,project intervention change order wait period,title_abstract_not_on_topic,10.1038/s44271-024-00167-5,2026-08-16
05实施控制,paper,project intervention change order wait period,title_abstract_not_on_topic,10.1146/annurev-environ-111522-103028,2026-08-16
05实施控制,paper,project intervention change order wait period,title_abstract_not_on_topic,10.1186/s12912-023-01422-6,2026-08-16
05实施控制,paper,project intervention change order wait period,title_abstract_not_on_topic,10.12688/wellcomeopenres.22556.1,2026-08-16
05实施控制,paper,project intervention change order wait period,title_abstract_not_on_topic,10.1093/schbul/sbae017,2026-08-16
05实施控制,paper,project intervention change order wait period,title_abstract_not_on_topic,10.1093/eurheartj/ehae466,2026-08-16
05实施控制,paper,project intervention change order wait period,title_abstract_not_on_topic,10.1177/87569728241254095,2026-08-16
05实施控制,paper,project intervention change order wait period,title_abstract_not_on_topic,10.1161/cir.0000000000001193,2026-08-16
05实施控制,paper,project intervention change order wait period,title_abstract_not_on_topic,10.1186/s12889-024-18358-4,2026-08-16
05实施控制,paper,project intervention change order wait period,title_abstract_not_on_topic,10.1007/s10578-024-01667-5,2026-08-16
05实施控制,paper,project intervention change order wait period,title_abstract_not_on_topic,10.1136/bmjopen-2023-077243,2026-08-16
05实施控制,paper,project intervention change order wait period,title_abstract_not_on_topic,10.1016/j.brat.2023.104438,2026-08-16
05实施控制,paper,project intervention change order wait period,title_abstract_not_on_topic,10.1016/j.tranpol.2024.05.005,2026-08-16
05实施控制,paper,project intervention change order wait period,title_abstract_not_on_topic,10.3390/healthcare12030352,2026-08-16
05实施控制,paper,project intervention change order wait period,title_abstract_not_on_topic,10.1097/yco.0000000000000963,2026-08-16
05实施控制,paper,project intervention change order wait period,title_abstract_not_on_topic,10.1007/s11625-024-01469-7,2026-08-16
05实施控制,paper,project intervention change order wait period,title_abstract_not_on_topic,10.1093/eurheartj/ehaf194,2026-08-16
05实施控制,paper,project intervention change order wait period,title_abstract_not_on_topic,10.2196/72892,2026-08-16
05实施控制,paper,project intervention change order wait period,title_abstract_not_on_topic,10.1183/13993003.00432-2023,2026-08-16
05实施控制,paper,project intervention change order wait period,title_abstract_not_on_topic,10.1177/02637758241290881,2026-08-16
05实施控制,paper,project intervention change order wait period,title_abstract_not_on_topic,10.3390/s23198015,2026-08-16
05实施控制,paper,project intervention change order wait period,title_abstract_not_on_topic,10.3390/sports12010037,2026-08-16
05实施控制,paper,project intervention change order wait period,title_abstract_not_on_topic,10.1186/s12889-023-17517-3,2026-08-16
05实施控制,paper,project intervention change order wait period,title_abstract_not_on_topic,10.2196/48725,2026-08-16
05实施控制,paper,project intervention change order wait period,title_abstract_not_on_topic,10.1038/s41586-023-06541-3,2026-08-16
05实施控制,paper,project intervention change order wait period,title_abstract_not_on_topic,10.3390/su16208776,2026-08-16
05实施控制,paper,project intervention change order wait period,title_abstract_not_on_topic,10.1136/gpsych-2023-101355,2026-08-16
05实施控制,paper,project intervention change order wait period,title_abstract_not_on_topic,10.1001/jamanetworkopen.2023.51511,2026-08-16
05实施控制,paper,project intervention change order wait period,title_abstract_not_on_topic,10.1016/j.critrevonc.2023.104119,2026-08-16
05实施控制,paper,project intervention change order wait period,title_abstract_not_on_topic,10.1038/s42005-025-02181-3,2026-08-16
05实施控制,paper,project intervention change order wait period,title_abstract_not_on_topic,10.1002/14651858.cd014932.pub2,2026-08-16
05实施控制,paper,project intervention change order wait period,title_abstract_not_on_topic,10.1136/ard-2023-225041,2026-08-16
05实施控制,paper,project intervention change order wait period,title_abstract_not_on_topic,10.3390/nu16101515,2026-08-16
05实施控制,paper,project intervention change order wait period,title_abstract_not_on_topic,10.1016/s2665-9913(23)00321-1,2026-08-16
05实施控制,paper,project intervention change order wait period,title_abstract_not_on_topic,10.46743/2160-3715/2023.6682,2026-08-16
05实施控制,paper,project intervention change order wait period,title_abstract_not_on_topic,10.1007/s11920-024-01545-w,2026-08-16
05实施控制,paper,project intervention change order wait period,title_abstract_not_on_topic,10.1038/s41746-024-01252-z,2026-08-16
05实施控制,paper,project intervention change order wait period,title_abstract_not_on_topic,10.1177/09589287231207333,2026-08-16
05实施控制,paper,project intervention change order wait period,title_abstract_not_on_topic,10.1177/08902070231225803,2026-08-16
05实施控制,paper,project intervention change order wait period,title_abstract_not_on_topic,10.2196/56045,2026-08-16
05实施控制,paper,project intervention change order wait period,title_abstract_not_on_topic,10.3390/socsci13020121,2026-08-16
05实施控制,paper,project intervention change order wait period,title_abstract_not_on_topic,10.1302/2633-1462.410.bjo-2023-0108.r1,2026-08-16
05实施控制,paper,project intervention change order wait period,title_abstract_not_on_topic,10.1089/apc.2023.0107,2026-08-16
05实施控制,paper,project intervention change order wait period,title_abstract_not_on_topic,10.3390/biomedicines11102785,2026-08-16
05实施控制,paper,project intervention change order wait period,title_abstract_not_on_topic,10.3389/fneur.2024.1386608,2026-08-16
05实施控制,paper,project intervention change order wait period,title_abstract_not_on_topic,10.1186/s40594-023-00444-5,2026-08-16
05实施控制,paper,project intervention change order wait period,title_abstract_not_on_topic,10.3390/children11050579,2026-08-16
05实施控制,paper,project intervention change order wait period,title_abstract_not_on_topic,10.1111/sms.14486,2026-08-16
05实施控制,paper,project intervention change order wait period,title_abstract_not_on_topic,10.1002/14651858.cd008552.pub8,2026-08-16
05实施控制,paper,project intervention change order wait period,title_abstract_not_on_topic,10.3389/fpsyg.2023.1291661,2026-08-16
05实施控制,paper,project intervention change order wait period,title_abstract_not_on_topic,10.51731/cjht.2023.786,2026-08-16
05实施控制,paper,project intervention change order wait period,title_abstract_not_on_topic,10.3390/healthcare12020171,2026-08-16
05实施控制,paper,project intervention change order wait period,title_abstract_not_on_topic,10.1186/s12966-023-01539-6,2026-08-16
05实施控制,paper,project intervention change order wait period,title_abstract_not_on_topic,10.1002/14651858.cd001431.pub6,2026-08-16
05实施控制,paper,project intervention change order wait period,title_abstract_not_on_topic,10.1002/14651858.cd015511.pub2,2026-08-16
05实施控制,paper,project intervention change order wait period,title_abstract_not_on_topic,10.1186/s12889-024-18036-5,2026-08-16
05实施控制,paper,project intervention change order wait period,title_abstract_not_on_topic,10.1007/s10648-025-10016-4,2026-08-16
05实施控制,paper,project intervention change order wait period,title_abstract_not_on_topic,10.1257/aer.20230084,2026-08-16
05实施控制,paper,project intervention change order wait period,title_abstract_not_on_topic,10.1016/j.jadr.2023.100692,2026-08-16
05实施控制,paper,project intervention change order wait period,title_abstract_not_on_topic,10.1093/bjsopen/zrad080,2026-08-16
05实施控制,paper,project intervention change order wait period,title_abstract_not_on_topic,10.1186/s12888-025-06825-0,2026-08-16
05实施控制,paper,project intervention change order wait period,title_abstract_not_on_topic,10.3389/fnhum.2023.1307507,2026-08-16
05实施控制,paper,project intervention change order wait period,title_abstract_not_on_topic,10.1371/journal.pone.0295271,2026-08-16
05实施控制,paper,project intervention change order wait period,title_abstract_not_on_topic,10.1145/3711110,2026-08-16
05实施控制,paper,project intervention change order wait period,title_abstract_not_on_topic,10.1080/1369183x.2025.2536165,2026-08-16
05实施控制,paper,project intervention change order wait period,title_abstract_not_on_topic,10.1146/annurev-criminol-030920-085949,2026-08-16
05实施控制,paper,project intervention change order wait period,title_abstract_not_on_topic,10.3389/fpsyg.2024.1478424,2026-08-16
09收尾,paper,"""lessons learned"" project closeout knowledge",title_abstract_not_on_topic,10.1016/j.ecolecon.2024.108396,2026-08-16
09收尾,paper,"""lessons learned"" project closeout knowledge",title_abstract_not_on_topic,10.3390/buildings14010130,2026-08-16
09收尾,paper,"""lessons learned"" project closeout knowledge",title_abstract_not_on_topic,10.1007/s11214-025-01139-9,2026-08-16
09收尾,paper,"""lessons learned"" project closeout knowledge",title_abstract_not_on_topic,10.3389/fvets.2024.1462280,2026-08-16
09收尾,paper,"""lessons learned"" project closeout knowledge",title_abstract_not_on_topic,10.3389/fmed.2023.1249527,2026-08-16
09收尾,paper,"""lessons learned"" project closeout knowledge",title_abstract_not_on_topic,10.1186/s13722-024-00447-9,2026-08-16
09收尾,paper,"""lessons learned"" project closeout knowledge",title_abstract_not_on_topic,10.20944/preprints202401.2033.v1,2026-08-16
09收尾,paper,"""lessons learned"" project closeout knowledge",title_abstract_not_on_topic,10.54660/.ijmrge.2024.5.5.1042-1050,2026-08-16
09收尾,paper,"""lessons learned"" project closeout knowledge",title_abstract_not_on_topic,10.1089/ast.2023.0092,2026-08-16
09收尾,paper,"""lessons learned"" project closeout knowledge",title_abstract_not_on_topic,10.1002/cpt.70070,2026-08-16
09收尾,paper,"""lessons learned"" project closeout knowledge",title_abstract_not_on_topic,10.3390/buildings15030484,2026-08-16
09收尾,paper,"""lessons learned"" project closeout knowledge",title_abstract_not_on_topic,10.1371/journal.pgph.0004497,2026-08-16
09收尾,paper,"""lessons learned"" project closeout knowledge",title_abstract_not_on_topic,10.3390/su16187918,2026-08-16
09收尾,paper,"""lessons learned"" project closeout knowledge",title_abstract_not_on_topic,10.12688/f1000research.133263.2,2026-08-16
09收尾,paper,"""lessons learned"" project closeout knowledge",title_abstract_not_on_topic,10.60164/3xymkr1ws,2026-08-16
09收尾,paper,"""lessons learned"" project closeout knowledge",title_abstract_not_on_topic,10.1186/s12879-025-11269-8,2026-08-16
09收尾,paper,"""lessons learned"" project closeout knowledge",title_abstract_not_on_topic,10.1017/cts.2024.690,2026-08-16
09收尾,paper,"""lessons learned"" project closeout knowledge",title_abstract_not_on_topic,10.20525/ijrbs.v13i6.3555,2026-08-16
09收尾,paper,"""lessons learned"" project closeout knowledge",title_abstract_not_on_topic,10.17705/1cais.05631,2026-08-16
09收尾,paper,"""lessons learned"" project closeout knowledge",title_abstract_not_on_topic,10.1371/journal.pgph.0004365,2026-08-16
09收尾,paper,"""lessons learned"" project closeout knowledge",title_abstract_not_on_topic,10.55214/25768484.v9i5.7519,2026-08-16
09收尾,paper,"""lessons learned"" project closeout knowledge",title_abstract_not_on_topic,10.1038/s41550-024-02434-1,2026-08-16
09收尾,paper,"""lessons learned"" project closeout knowledge",title_abstract_not_on_topic,10.1007/s44290-025-00311-y,2026-08-16
09收尾,paper,"""lessons learned"" project closeout knowledge",title_abstract_not_on_topic,10.1111/ajco.14209,2026-08-16
09收尾,paper,"""lessons learned"" project closeout knowledge",title_abstract_not_on_topic,10.17016/feds.2024.055,2026-08-16
09收尾,paper,"""lessons learned"" project closeout knowledge",title_abstract_not_on_topic,10.15406/aaoaj.2025.09.00221,2026-08-16
09收尾,paper,"""lessons learned"" project closeout knowledge",title_abstract_not_on_topic,10.62225/2583049x.2024.4.6.5895,2026-08-16
09收尾,paper,"""lessons learned"" project closeout knowledge",title_abstract_not_on_topic,10.1017/cts.2025.10170,2026-08-16
09收尾,paper,"""lessons learned"" project closeout knowledge",title_abstract_not_on_topic,10.3389/frhs.2024.1477444,2026-08-16
09收尾,paper,"""lessons learned"" project closeout knowledge",title_abstract_not_on_topic,10.3389/fgene.2026.1778236,2026-08-16
09收尾,paper,"""lessons learned"" project closeout knowledge",title_abstract_not_on_topic,10.1007/s13272-025-00936-w,2026-08-16
09收尾,paper,"""lessons learned"" project closeout knowledge",title_abstract_not_on_topic,10.9745/ghsp-d-24-00186,2026-08-16
09收尾,paper,"""lessons learned"" project closeout knowledge",title_abstract_not_on_topic,10.54660/.ijmrge.2024.5.6.1995-2006,2026-08-16
09收尾,paper,"""lessons learned"" project closeout knowledge",title_abstract_not_on_topic,10.2218/ijdc.v19i1.1060,2026-08-16
09收尾,paper,"""lessons learned"" project closeout knowledge",title_abstract_not_on_topic,10.1016/j.mnl.2025.102624,2026-08-16
09收尾,paper,"""lessons learned"" project closeout knowledge",title_abstract_not_on_topic,10.1017/cts.2025.82,2026-08-16
09收尾,paper,"""lessons learned"" project closeout knowledge",title_abstract_not_on_topic,10.35992/pdm.v7i2.4147.,2026-08-16
09收尾,paper,"""lessons learned"" project closeout knowledge",title_abstract_not_on_topic,10.55248/gengpi.5.0324.0778,2026-08-16
09收尾,paper,"""lessons learned"" project closeout knowledge",title_abstract_not_on_topic,10.18623/rvd.v23.7084,2026-08-16
09收尾,paper,"""lessons learned"" project closeout knowledge",title_abstract_not_on_topic,10.20944/preprints202510.1427.v1,2026-08-16
09收尾,paper,"""lessons learned"" project closeout knowledge",title_abstract_not_on_topic,10.1007/s43477-025-00167-5,2026-08-16
09收尾,paper,"""lessons learned"" project closeout knowledge",title_abstract_not_on_topic,10.31223/x51h7j,2026-08-16
09收尾,paper,"""lessons learned"" project closeout knowledge",title_abstract_not_on_topic,10.15641/jcbm.8.s1.1930,2026-08-16
09收尾,paper,"""lessons learned"" project closeout knowledge",title_abstract_not_on_topic,10.26437/1sc9ah64,2026-08-16
09收尾,paper,"""lessons learned"" project closeout knowledge",title_abstract_not_on_topic,10.20961/region.v21i2.115327,2026-08-16
09收尾,paper,"""lessons learned"" project closeout knowledge",title_abstract_not_on_topic,10.30574/wjaets.2026.20.2.0380,2026-08-16
09收尾,paper,"""lessons learned"" project closeout knowledge",title_abstract_not_on_topic,NRSM 513.01: Natural Resources Conflict Resolution,2026-08-16
09收尾,paper,"""lessons learned"" project closeout knowledge",title_abstract_not_on_topic,10.1007/s44205-025-00162-w,2026-08-16
09收尾,paper,"""lessons learned"" project closeout knowledge",title_abstract_not_on_topic,10.1186/s12885-026-15905-7,2026-08-16
09收尾,paper,"""lessons learned"" project closeout knowledge",title_abstract_not_on_topic,10.31462/jcemi.2026.721,2026-08-16
09收尾,paper,"""lessons learned"" project closeout knowledge",title_abstract_not_on_topic,10.47191/etj/v10i08.07,2026-08-16
09收尾,paper,"""lessons learned"" project closeout knowledge",title_abstract_not_on_topic,10.1080/01446193.2026.2648601,2026-08-16
09收尾,paper,"""lessons learned"" project closeout knowledge",title_abstract_not_on_topic,10.3389/fmed.2026.1870375,2026-08-16
09收尾,paper,"""lessons learned"" project closeout knowledge",title_abstract_not_on_topic,Intimate Partner Violence Screening and Awareness Pilot Project,2026-08-16
09收尾,paper,"""lessons learned"" project closeout knowledge",title_abstract_not_on_topic,Unraveling Stakeholder Engagement in Megaprojects: A Political Opportunity Structure Perspective in Turbulent Times,2026-08-16
09收尾,paper,"""lessons learned"" project closeout knowledge",title_abstract_not_on_topic,10.48550/arxiv.2411.12492,2026-08-16
09收尾,paper,"""lessons learned"" project closeout knowledge",title_abstract_not_on_topic,10.2139/ssrn.6043674,2026-08-16
09收尾,paper,"""lessons learned"" project closeout knowledge",title_abstract_not_on_topic,10.2139/ssrn.7243422,2026-08-16
09收尾,paper,"""lessons learned"" project closeout knowledge",title_abstract_not_on_topic,"Cybersecurity Disparities in U.S. Healthcare: Regulatory Gaps, Equity Failures, and Systemic Risks",2026-08-16
09收尾,paper,"""lessons learned"" project closeout knowledge",title_abstract_not_on_topic,10.63125/cm4f0797,2026-08-16
09收尾,paper,"""lessons learned"" project closeout knowledge",title_abstract_not_on_topic,10.1371/journal.pone.0324886,2026-08-16
09收尾,paper,"""project close-out"" post-project review",title_abstract_not_on_topic,10.3390/buildings15224168,2026-08-16
09收尾,paper,"""project close-out"" post-project review",title_abstract_not_on_topic,10.1136/bmjopen-2023-073586,2026-08-16
09收尾,paper,"""project close-out"" post-project review",title_abstract_not_on_topic,10.3390/buildings15132270,2026-08-16
09收尾,paper,"""project close-out"" post-project review",title_abstract_not_on_topic,10.1016/j.heliyon.2024.e40034,2026-08-16
09收尾,paper,"""project close-out"" post-project review",title_abstract_not_on_topic,10.1016/j.jss.2023.111945,2026-08-16
09收尾,paper,"""project close-out"" post-project review",title_abstract_not_on_topic,10.1002/pa.2937,2026-08-16
09收尾,paper,"""project close-out"" post-project review",title_abstract_not_on_topic,10.1186/s40834-023-00244-w,2026-08-16
09收尾,paper,"""project close-out"" post-project review",title_abstract_not_on_topic,10.1002/lrh2.10424,2026-08-16
09收尾,paper,"""project close-out"" post-project review",title_abstract_not_on_topic,10.12688/wellcomeopenres.19088.1,2026-08-16
09收尾,paper,"""project close-out"" post-project review",title_abstract_not_on_topic,10.3390/app16052562,2026-08-16
09收尾,paper,"""project close-out"" post-project review",title_abstract_not_on_topic,10.5380/avs.v29i1.92306,2026-08-16
09收尾,paper,"""project close-out"" post-project review",title_abstract_not_on_topic,10.18552/jorma.v4i1.1141,2026-08-16
09收尾,paper,"""project close-out"" post-project review",title_abstract_not_on_topic,10.64818/pijmess.3107.4626.0006,2026-08-16
09收尾,paper,"""project close-out"" post-project review",title_abstract_not_on_topic,10.47742/ijbssr.v7n4p2,2026-08-16
09收尾,paper,"""project close-out"" post-project review",title_abstract_not_on_topic,10.48550/arxiv.2407.17497,2026-08-16
09收尾,paper,"""project close-out"" post-project review",title_abstract_not_on_topic,10.37284/eaje.8.1.3433,2026-08-16
09收尾,paper,"""project close-out"" post-project review",title_abstract_not_on_topic,10.17615/chch-vq44,2026-08-16
09收尾,paper,"""project close-out"" post-project review",title_abstract_not_on_topic,10.22541/au.174262726.68286592/v1,2026-08-16
09收尾,paper,"""project close-out"" post-project review",title_abstract_not_on_topic,10.22541/au.172417050.03627682/v1,2026-08-16
09收尾,paper,"""project close-out"" post-project review",title_abstract_not_on_topic,10.55524/ijirem.2026.13.4.1,2026-08-16
09收尾,paper,"""project close-out"" post-project review",title_abstract_not_on_topic,10.48028/iiprds/ijormsse.v10.i2.01,2026-08-16
09收尾,paper,"""project close-out"" post-project review",title_abstract_not_on_topic,10.3390/info17040311,2026-08-16
09收尾,paper,"""project close-out"" post-project review",title_abstract_not_on_topic,10.7176/jep/17-1-02,2026-08-16
09收尾,paper,"""project close-out"" post-project review",title_abstract_not_on_topic,"Iowa State Revolving Fund, Investing in Iowa's Water FY2025 Annual Report.",2026-08-16
09收尾,paper,"""project close-out"" post-project review",title_abstract_not_on_topic,10.21203/rs.3.rs-4043257/v1,2026-08-16
05实施控制,paper,"""earned schedule"" project monitoring",title_abstract_not_on_topic,10.1080/00207543.2024.2359044,2026-08-16
05实施控制,paper,"""earned schedule"" project monitoring",title_abstract_not_on_topic,10.3390/computers14020066,2026-08-16
05实施控制,paper,"""earned schedule"" project monitoring",title_abstract_not_on_topic,10.3390/buildings15020160,2026-08-16
05实施控制,paper,"""earned schedule"" project monitoring",title_abstract_not_on_topic,10.2139/ssrn.5384983,2026-08-16
05实施控制,paper,"""earned schedule"" project monitoring",title_abstract_not_on_topic,10.2139/ssrn.5379939,2026-08-16
05实施控制,paper,"""earned schedule"" project monitoring",title_abstract_not_on_topic,10.1016/j.heliyon.2024.e26888,2026-08-16
05实施控制,paper,"""earned schedule"" project monitoring",title_abstract_not_on_topic,Development and application of an innovative planning and monitoring tool to optimize construction projects,2026-08-16
05实施控制,paper,"""earned schedule"" project monitoring",title_abstract_not_on_topic,10.1108/sasbe-12-2023-0379,2026-08-16
05实施控制,paper,"""earned schedule"" project monitoring",title_abstract_not_on_topic,10.1177/87569728241245648,2026-08-16
05实施控制,paper,"""earned schedule"" project monitoring",title_abstract_not_on_topic,10.1080/13467581.2025.2505793,2026-08-16
05实施控制,paper,"""earned schedule"" project monitoring",title_abstract_not_on_topic,10.15446/dyna.v90n228.108642,2026-08-16
05实施控制,paper,"""earned schedule"" project monitoring",title_abstract_not_on_topic,10.3390/buildings15224168,2026-08-16
05实施控制,paper,"""earned schedule"" project monitoring",title_abstract_not_on_topic,10.29173/mocs315,2026-08-16
05实施控制,paper,"""earned schedule"" project monitoring",title_abstract_not_on_topic,10.59188/devotion.v6i1.25403,2026-08-16
05实施控制,paper,"""earned schedule"" project monitoring",title_abstract_not_on_topic,10.3390/app16010207,2026-08-16
05实施控制,paper,"""earned schedule"" project monitoring",title_abstract_not_on_topic,10.3390/buildings15203739,2026-08-16
05实施控制,paper,"""earned schedule"" project monitoring",title_abstract_not_on_topic,10.1080/13467581.2025.2513064,2026-08-16
05实施控制,paper,"""earned schedule"" project monitoring",title_abstract_not_on_topic,10.1007/s10479-026-07252-4,2026-08-16
05实施控制,paper,"""earned schedule"" project monitoring",title_abstract_not_on_topic,10.35629/076x-11122036,2026-08-16
05实施控制,paper,"""earned schedule"" project monitoring",title_abstract_not_on_topic,Gestión del desempeño en proyectos de construcción: una revisión sistemática de la literatura,2026-08-16
05实施控制,paper,"""earned schedule"" project monitoring",title_abstract_not_on_topic,10.55562/kjfg7c17,2026-08-16
05实施控制,paper,"""earned schedule"" project monitoring",title_abstract_not_on_topic,10.21203/rs.3.rs-10025812/v1,2026-08-16
05实施控制,paper,"""earned schedule"" project monitoring",title_abstract_not_on_topic,10.22214/ijraset.2026.84506,2026-08-16
02需求,paper,"""requirements elicitation"" techniques empirical software",title_abstract_not_on_topic,10.3390/software4010006,2026-08-16
02需求,paper,"""requirements elicitation"" techniques empirical software",title_abstract_not_on_topic,10.3390/computers14020076,2026-08-16
02需求,paper,"""requirements elicitation"" techniques empirical software",title_abstract_not_on_topic,10.48550/arxiv.2412.16667,2026-08-16
02需求,paper,"""requirements elicitation"" techniques empirical software",title_abstract_not_on_topic,10.48550/arxiv.2312.01981,2026-08-16
02需求,paper,"""requirements elicitation"" techniques empirical software",title_abstract_not_on_topic,10.48550/arxiv.2310.14735,2026-08-16
02需求,paper,"""requirements elicitation"" techniques empirical software",title_abstract_not_on_topic,10.3390/math12050629,2026-08-16
02需求,paper,"""requirements elicitation"" techniques empirical software",title_abstract_not_on_topic,10.1007/s43681-023-00331-3,2026-08-16
02需求,paper,"""requirements elicitation"" techniques empirical software",title_abstract_not_on_topic,10.3390/su16052032,2026-08-16
02需求,paper,"""requirements elicitation"" techniques empirical software",title_abstract_not_on_topic,10.1177/87569728241254095,2026-08-16
02需求,paper,"""requirements elicitation"" techniques empirical software",title_abstract_not_on_topic,10.3390/app14051792,2026-08-16
02需求,paper,"""requirements elicitation"" techniques empirical software",title_abstract_not_on_topic,10.30574/ijsra.2024.11.1.0218,2026-08-16
09收尾,paper,"""project success"" iron triangle benefits realization",title_abstract_not_on_topic,10.3390/buildings14071988,2026-08-16
09收尾,paper,"""project success"" iron triangle benefits realization",title_abstract_not_on_topic,10.1016/j.ijproman.2024.102589,2026-08-16
09收尾,paper,"""project success"" iron triangle benefits realization",title_abstract_not_on_topic,10.1016/j.actaastro.2024.09.005,2026-08-16
09收尾,paper,"""project success"" iron triangle benefits realization",title_abstract_not_on_topic,10.3390/buildings15071176,2026-08-16
09收尾,paper,"""project success"" iron triangle benefits realization",title_abstract_not_on_topic,10.2478/otmcj-2024-0018,2026-08-16
09收尾,paper,"""project success"" iron triangle benefits realization",title_abstract_not_on_topic,10.1016/j.plas.2024.100123,2026-08-16
09收尾,paper,"""project success"" iron triangle benefits realization",title_abstract_not_on_topic,10.1080/01446193.2024.2416035,2026-08-16
09收尾,paper,"""project success"" iron triangle benefits realization",title_abstract_not_on_topic,10.1177/87569728241285557,2026-08-16
09收尾,paper,"""project success"" iron triangle benefits realization",title_abstract_not_on_topic,10.56294/sctconf2024677,2026-08-16
09收尾,paper,"""project success"" iron triangle benefits realization",title_abstract_not_on_topic,10.31673/2415-8089.2026.012301,2026-08-16
09收尾,paper,"""project success"" iron triangle benefits realization",title_abstract_not_on_topic,10.1016/j.ijproman.2026.102849,2026-08-16
09收尾,paper,"""project success"" iron triangle benefits realization",title_abstract_not_on_topic,10.52108/2757-5942.4.3.5,2026-08-16
09收尾,paper,"""project success"" iron triangle benefits realization",title_abstract_not_on_topic,10.34028/iajit/22/1/15,2026-08-16
09收尾,paper,"""project success"" iron triangle benefits realization",title_abstract_not_on_topic,10.34028/iajit/21/6/12,2026-08-16
09收尾,paper,"""project success"" iron triangle benefits realization",title_abstract_not_on_topic,10.15446/dyna.v90n228.108642,2026-08-16
09收尾,paper,"""project success"" iron triangle benefits realization",title_abstract_not_on_topic,10.1186/s43093-025-00670-z,2026-08-16
09收尾,paper,"""project success"" iron triangle benefits realization",title_abstract_not_on_topic,10.3390/systems13050334,2026-08-16
09收尾,paper,"""project success"" iron triangle benefits realization",title_abstract_not_on_topic,10.20900/jsr20250031,2026-08-16
09收尾,paper,"""project success"" iron triangle benefits realization",title_abstract_not_on_topic,10.1002/sd.70052,2026-08-16
09收尾,paper,"""project success"" iron triangle benefits realization",title_abstract_not_on_topic,10.18485/fb_ijcss.2025.1.1.5,2026-08-16
09收尾,paper,"""project success"" iron triangle benefits realization",title_abstract_not_on_topic,10.3390/app152212135,2026-08-16
09收尾,paper,"""project success"" iron triangle benefits realization",title_abstract_not_on_topic,10.1002/eng2.13067,2026-08-16
09收尾,paper,"""project success"" iron triangle benefits realization",title_abstract_not_on_topic,10.37886/ip.2025.002,2026-08-16
09收尾,paper,"""project success"" iron triangle benefits realization",title_abstract_not_on_topic,10.55248/gengpi.6.0625.21101,2026-08-16
09收尾,paper,"""project success"" iron triangle benefits realization",title_abstract_not_on_topic,10.3390/buildings13102664,2026-08-16
09收尾,paper,"""project success"" iron triangle benefits realization",title_abstract_not_on_topic,10.31235/osf.io/wx42c,2026-08-16
09收尾,paper,"""project success"" iron triangle benefits realization",title_abstract_not_on_topic,10.24889/ifede.1434158,2026-08-16
09收尾,paper,"""project success"" iron triangle benefits realization",title_abstract_not_on_topic,10.1108/cemj-01-2025-0028,2026-08-16
09收尾,paper,"""project success"" iron triangle benefits realization",title_abstract_not_on_topic,10.32782/1814-1161/2025-3-12,2026-08-16
09收尾,paper,"""project success"" iron triangle benefits realization",title_abstract_not_on_topic,Gestión del desempeño en proyectos de construcción: una revisión sistemática de la literatura,2026-08-16
09收尾,paper,"""project success"" iron triangle benefits realization",title_abstract_not_on_topic,10.47941/jepm.3860,2026-08-16
09收尾,paper,"""project success"" iron triangle benefits realization",title_abstract_not_on_topic,10.70062/globalmanagement.v3i1.508,2026-08-16
09收尾,paper,"""project success"" iron triangle benefits realization",title_abstract_not_on_topic,10.61426/sjbcm.v10i3.2698,2026-08-16
09收尾,paper,"""project success"" iron triangle benefits realization",title_abstract_not_on_topic,10.47604/jppa.3134,2026-08-16
09收尾,paper,"""project success"" iron triangle benefits realization",title_abstract_not_on_topic,10.21203/rs.3.rs-8636951/v1,2026-08-16
09收尾,paper,"""project success"" iron triangle benefits realization",title_abstract_not_on_topic,10.59075/vfjzwx52,2026-08-16
09收尾,paper,"""project success"" iron triangle benefits realization",title_abstract_not_on_topic,10.61503/cissmp.v4i4.375,2026-08-16
09收尾,paper,"""project success"" iron triangle benefits realization",title_abstract_not_on_topic,10.51867/aqssr.2.4.38,2026-08-16
09收尾,paper,"""project success"" iron triangle benefits realization",title_abstract_not_on_topic,10.70315/uloap.ulirs.2025.0203014,2026-08-16
09收尾,paper,"""project success"" iron triangle benefits realization",title_abstract_not_on_topic,10.32702/2306-6814.2025.3.57,2026-08-16
09收尾,paper,"""project success"" iron triangle benefits realization",title_abstract_not_on_topic,10.18552/jorma.v4i1.1132,2026-08-16
09收尾,paper,"""project success"" iron triangle benefits realization",title_abstract_not_on_topic,10.3389/fbuil.2026.1744034,2026-08-16
09收尾,paper,"""project success"" iron triangle benefits realization",title_abstract_not_on_topic,10.5539/jsd.v17n1p66,2026-08-16
09收尾,paper,"""project success"" iron triangle benefits realization",title_abstract_not_on_topic,10.22533/at.ed.13176926200711,2026-08-16
09收尾,paper,"""project success"" iron triangle benefits realization",title_abstract_not_on_topic,10.63332/joph.v5i8.3263,2026-08-16
09收尾,paper,"""project success"" iron triangle benefits realization",title_abstract_not_on_topic,10.70645/3078-3437.1030,2026-08-16
09收尾,paper,"""project success"" iron triangle benefits realization",title_abstract_not_on_topic,10.12821/ijispm140404,2026-08-16
09收尾,paper,"""project success"" iron triangle benefits realization",title_abstract_not_on_topic,10.47191/ijsshr/v6-i12-82,2026-08-16
09收尾,paper,"""project success"" iron triangle benefits realization",title_abstract_not_on_topic,10.28991/esj-2026-010-04-05,2026-08-16
09收尾,paper,"""project success"" iron triangle benefits realization",title_abstract_not_on_topic,10.32347/2412-9933.2025.64.29-39,2026-08-16
09收尾,paper,"""project success"" iron triangle benefits realization",title_abstract_not_on_topic,10.3846/ijspm.2024.21814,2026-08-16
09收尾,paper,"""project success"" iron triangle benefits realization",title_abstract_not_on_topic,10.28948/ngumuh.1662206,2026-08-16
09收尾,paper,"""project success"" iron triangle benefits realization",title_abstract_not_on_topic,10.36615/jcpmi.v16i1.4810,2026-08-16
09收尾,paper,"""project success"" iron triangle benefits realization",title_abstract_not_on_topic,10.12691/jbms-12-4-3,2026-08-16
09收尾,paper,"""project success"" iron triangle benefits realization",title_abstract_not_on_topic,Digital Transformation in Construction Project Management: a systematic literature review,2026-08-16
05实施控制,paper,controlled experiment product metric holdout,title_abstract_not_on_topic,10.3929/ethz-b-000667478,2026-08-16
05实施控制,paper,controlled experiment product metric holdout,title_abstract_not_on_topic,10.1038/s41591-024-03092-6,2026-08-16
05实施控制,paper,controlled experiment product metric holdout,title_abstract_not_on_topic,10.1145/3639372,2026-08-16
04计划,paper,"""work breakdown structure"" project planning",title_abstract_not_on_topic,10.1016/j.eswa.2023.122092,2026-08-16
05实施控制,paper,controlled experiment product metric holdout,title_abstract_not_on_topic,10.1016/j.patter.2023.100804,2026-08-16
04计划,paper,"""work breakdown structure"" project planning",title_abstract_not_on_topic,10.47941/jepm.1653,2026-08-16
05实施控制,paper,controlled experiment product metric holdout,title_abstract_not_on_topic,10.1002/adfm.202424553,2026-08-16
04计划,paper,"""work breakdown structure"" project planning",title_abstract_not_on_topic,10.58496/mjce/2024/009,2026-08-16
04计划,paper,"""work breakdown structure"" project planning",title_abstract_not_on_topic,10.35870/ijsecs.v3i2.1512,2026-08-16
05实施控制,paper,controlled experiment product metric holdout,title_abstract_not_on_topic,10.1016/j.patter.2024.101046,2026-08-16
05实施控制,paper,controlled experiment product metric holdout,title_abstract_not_on_topic,10.1007/s10618-024-01081-4,2026-08-16
04计划,paper,"""work breakdown structure"" project planning",title_abstract_not_on_topic,10.1016/j.heliyon.2024.e37810,2026-08-16
05实施控制,paper,controlled experiment product metric holdout,title_abstract_not_on_topic,10.48550/arxiv.2312.05114,2026-08-16
05实施控制,paper,controlled experiment product metric holdout,title_abstract_not_on_topic,10.1007/s10660-023-09725-1,2026-08-16
04计划,paper,"""work breakdown structure"" project planning",title_abstract_not_on_topic,10.70619/vol3iss2pp36-53,2026-08-16
04计划,paper,"""work breakdown structure"" project planning",title_abstract_not_on_topic,10.21776/ub.rekayasasipil.2024.018.01.5,2026-08-16
05实施控制,paper,controlled experiment product metric holdout,title_abstract_not_on_topic,10.48550/arxiv.2310.13548,2026-08-16
04计划,paper,"""work breakdown structure"" project planning",title_abstract_not_on_topic,10.53819/81018102t4298,2026-08-16
05实施控制,paper,controlled experiment product metric holdout,title_abstract_not_on_topic,10.3389/fnrgo.2025.1627483,2026-08-16
05实施控制,paper,controlled experiment product metric holdout,title_abstract_not_on_topic,10.3390/fractalfract7080598,2026-08-16
04计划,paper,"""work breakdown structure"" project planning",title_abstract_not_on_topic,10.1016/j.heliyon.2024.e41514,2026-08-16
05实施控制,paper,controlled experiment product metric holdout,title_abstract_not_on_topic,10.48550/arxiv.2310.02533,2026-08-16
04计划,paper,"""work breakdown structure"" project planning",title_abstract_not_on_topic,10.5267/j.jpm.2023.8.002,2026-08-16
05实施控制,paper,controlled experiment product metric holdout,title_abstract_not_on_topic,10.48550/arxiv.2409.10521,2026-08-16
05实施控制,paper,controlled experiment product metric holdout,title_abstract_not_on_topic,10.1016/j.jbusres.2025.115273,2026-08-16
05实施控制,paper,controlled experiment product metric holdout,title_abstract_not_on_topic,10.3390/healthcare11182584,2026-08-16
04计划,paper,"""work breakdown structure"" project planning",title_abstract_not_on_topic,10.53819/81018102t5306,2026-08-16
04计划,paper,"""work breakdown structure"" project planning",title_abstract_not_on_topic,10.1093/jcde/qwad100,2026-08-16
05实施控制,paper,controlled experiment product metric holdout,title_abstract_not_on_topic,10.3390/s23218909,2026-08-16
04计划,paper,"""work breakdown structure"" project planning",title_abstract_not_on_topic,10.3390/environments11090203,2026-08-16
05实施控制,paper,controlled experiment product metric holdout,title_abstract_not_on_topic,10.1038/s42003-024-06465-2,2026-08-16
05实施控制,paper,controlled experiment product metric holdout,title_abstract_not_on_topic,10.1021/acs.jcim.3c00761,2026-08-16
05实施控制,paper,controlled experiment product metric holdout,title_abstract_not_on_topic,10.1007/s10994-023-06454-2,2026-08-16
04计划,paper,"""work breakdown structure"" project planning",title_abstract_not_on_topic,10.1108/ci-06-2024-0185,2026-08-16
05实施控制,paper,controlled experiment product metric holdout,title_abstract_not_on_topic,10.1038/s41467-023-40336-4,2026-08-16
05实施控制,paper,controlled experiment product metric holdout,title_abstract_not_on_topic,10.3390/fi16080284,2026-08-16
04计划,paper,"""work breakdown structure"" project planning",title_abstract_not_on_topic,10.3390/buildings13102569,2026-08-16
04计划,paper,"""work breakdown structure"" project planning",title_abstract_not_on_topic,10.3390/app14083244,2026-08-16
05实施控制,paper,controlled experiment product metric holdout,title_abstract_not_on_topic,10.1186/s12864-024-10258-6,2026-08-16
04计划,paper,"""work breakdown structure"" project planning",title_abstract_not_on_topic,10.1016/j.ijdrr.2024.104373,2026-08-16
05实施控制,paper,controlled experiment product metric holdout,title_abstract_not_on_topic,10.3389/fmicb.2023.1261889,2026-08-16
05实施控制,paper,controlled experiment product metric holdout,title_abstract_not_on_topic,10.3390/jimaging10120332,2026-08-16
04计划,paper,"""work breakdown structure"" project planning",title_abstract_not_on_topic,10.3390/app14093847,2026-08-16
05实施控制,paper,controlled experiment product metric holdout,title_abstract_not_on_topic,10.1098/rsos.230859,2026-08-16
05实施控制,paper,controlled experiment product metric holdout,title_abstract_not_on_topic,10.3390/diagnostics13233495,2026-08-16
05实施控制,paper,controlled experiment product metric holdout,title_abstract_not_on_topic,10.1038/s41598-024-57207-7,2026-08-16
05实施控制,paper,controlled experiment product metric holdout,title_abstract_not_on_topic,10.1029/2024ef004540,2026-08-16
04计划,paper,"""work breakdown structure"" project planning",title_abstract_not_on_topic,10.3390/buildings14123738,2026-08-16
05实施控制,paper,controlled experiment product metric holdout,title_abstract_not_on_topic,10.3389/fpsyt.2023.1280326,2026-08-16
04计划,paper,"""work breakdown structure"" project planning",title_abstract_not_on_topic,10.1007/s44290-025-00193-0,2026-08-16
05实施控制,paper,controlled experiment product metric holdout,title_abstract_not_on_topic,10.1016/j.ins.2023.119898,2026-08-16
04计划,paper,"""work breakdown structure"" project planning",title_abstract_not_on_topic,10.31026/j.eng.2023.08.09,2026-08-16
05实施控制,paper,controlled experiment product metric holdout,title_abstract_not_on_topic,10.1016/j.jbi.2023.104545,2026-08-16
04计划,paper,"""work breakdown structure"" project planning",title_abstract_not_on_topic,10.3390/app15020677,2026-08-16
04计划,paper,"""work breakdown structure"" project planning",title_abstract_not_on_topic,10.56726/irjmets76058,2026-08-16
04计划,paper,"""work breakdown structure"" project planning",title_abstract_not_on_topic,10.1108/ci-12-2022-0314,2026-08-16
05实施控制,paper,controlled experiment product metric holdout,title_abstract_not_on_topic,10.1038/s41467-024-46771-1,2026-08-16
04计划,paper,"""work breakdown structure"" project planning",title_abstract_not_on_topic,10.3390/su152216085,2026-08-16
05实施控制,paper,controlled experiment product metric holdout,title_abstract_not_on_topic,10.3390/app14156831,2026-08-16
04计划,paper,"""work breakdown structure"" project planning",title_abstract_not_on_topic,10.31224/5727,2026-08-16
05实施控制,paper,controlled experiment product metric holdout,title_abstract_not_on_topic,10.1111/gcb.70738,2026-08-16
05实施控制,paper,controlled experiment product metric holdout,title_abstract_not_on_topic,10.3390/computation12030059,2026-08-16
04计划,paper,"""work breakdown structure"" project planning",title_abstract_not_on_topic,10.3390/buildings15111921,2026-08-16
05实施控制,paper,controlled experiment product metric holdout,title_abstract_not_on_topic,10.3389/fmed.2024.1362397,2026-08-16
04计划,paper,"""work breakdown structure"" project planning",title_abstract_not_on_topic,10.32628/ijsrst23121167,2026-08-16
04计划,paper,"""work breakdown structure"" project planning",title_abstract_not_on_topic,10.61268/n97qjk70,2026-08-16
04计划,paper,"""work breakdown structure"" project planning",title_abstract_not_on_topic,10.18280/ijsse.130405,2026-08-16
05实施控制,paper,controlled experiment product metric holdout,title_abstract_not_on_topic,10.1016/j.cels.2024.01.008,2026-08-16
05实施控制,paper,controlled experiment product metric holdout,title_abstract_not_on_topic,10.63125/pzd8m844,2026-08-16
04计划,paper,"""work breakdown structure"" project planning",title_abstract_not_on_topic,10.1186/s12913-023-10008-6,2026-08-16
04计划,paper,"""work breakdown structure"" project planning",title_abstract_not_on_topic,10.36676/dira.v12.i3.138,2026-08-16
04计划,paper,"""work breakdown structure"" project planning",title_abstract_not_on_topic,10.17485/ijst/v16i33.1534,2026-08-16
04计划,paper,"""work breakdown structure"" project planning",title_abstract_not_on_topic,10.61132/menawan.v2i2.271,2026-08-16
05实施控制,paper,controlled experiment product metric holdout,title_abstract_not_on_topic,10.1016/j.media.2024.103433,2026-08-16
05实施控制,paper,controlled experiment product metric holdout,title_abstract_not_on_topic,10.1007/s11227-025-06964-x,2026-08-16
05实施控制,paper,controlled experiment product metric holdout,title_abstract_not_on_topic,10.32604/cmes.2023.044084,2026-08-16
05实施控制,paper,controlled experiment product metric holdout,title_abstract_not_on_topic,10.1101/2023.10.03.560734,2026-08-16
05实施控制,paper,controlled experiment product metric holdout,title_abstract_not_on_topic,10.46604/ijeti.2023.12294,2026-08-16
05实施控制,paper,controlled experiment product metric holdout,title_abstract_not_on_topic,10.3390/rs15235464,2026-08-16
04计划,paper,"""work breakdown structure"" project planning",title_abstract_not_on_topic,10.47604/ijepm.3069,2026-08-16
04计划,paper,"""work breakdown structure"" project planning",title_abstract_not_on_topic,10.3390/aerospace11040324,2026-08-16
02需求,paper,"""requirements traceability"" acceptance criteria",title_abstract_not_on_topic,10.1016/j.plas.2023.100101,2026-08-16
02需求,paper,"""requirements traceability"" acceptance criteria",title_abstract_not_on_topic,10.1145/3626234,2026-08-16
02需求,paper,"""requirements traceability"" acceptance criteria",title_abstract_not_on_topic,10.1016/j.jii.2024.100578,2026-08-16
02需求,paper,"""requirements traceability"" acceptance criteria",title_abstract_not_on_topic,10.1080/09537287.2023.2296669,2026-08-16
02需求,paper,"""requirements traceability"" acceptance criteria",title_abstract_not_on_topic,10.1093/mnras/stae1982,2026-08-16
02需求,paper,"""requirements traceability"" acceptance criteria",title_abstract_not_on_topic,10.3390/s25103075,2026-08-16
02需求,paper,"""requirements traceability"" acceptance criteria",title_abstract_not_on_topic,10.1007/s11214-024-01072-3,2026-08-16
02需求,paper,"""requirements traceability"" acceptance criteria",title_abstract_not_on_topic,10.1002/sys.21717,2026-08-16
02需求,paper,"""requirements traceability"" acceptance criteria",title_abstract_not_on_topic,10.60087/jklst.v3.n4.p133,2026-08-16
02需求,paper,"""requirements traceability"" acceptance criteria",title_abstract_not_on_topic,10.3390/technologies11060165,2026-08-16
02需求,paper,"""requirements traceability"" acceptance criteria",title_abstract_not_on_topic,10.1007/s10664-024-10516-x,2026-08-16
02需求,paper,"""requirements traceability"" acceptance criteria",title_abstract_not_on_topic,10.1016/j.csbj.2025.02.022,2026-08-16
02需求,paper,"""requirements traceability"" acceptance criteria",title_abstract_not_on_topic,10.63180/jcsra.thestap.2025.4.2,2026-08-16
02需求,paper,"""requirements traceability"" acceptance criteria",title_abstract_not_on_topic,10.1109/access.2024.3387730,2026-08-16
02需求,paper,"""requirements traceability"" acceptance criteria",title_abstract_not_on_topic,10.1111/1750-3841.70589,2026-08-16
02需求,paper,"""requirements traceability"" acceptance criteria",title_abstract_not_on_topic,10.34190/ejel.21.5.3089,2026-08-16
02需求,paper,"""requirements traceability"" acceptance criteria",title_abstract_not_on_topic,10.69888/ftscs.2024.000199,2026-08-16
02需求,paper,"""requirements traceability"" acceptance criteria",title_abstract_not_on_topic,10.5121/ijaia.2024.15101,2026-08-16
02需求,paper,"""requirements traceability"" acceptance criteria",title_abstract_not_on_topic,10.3390/aerospace12020114,2026-08-16
02需求,paper,"""requirements traceability"" acceptance criteria",title_abstract_not_on_topic,10.55981/tdm.2023.6934,2026-08-16
02需求,paper,"""requirements traceability"" acceptance criteria",title_abstract_not_on_topic,10.3390/constrmater5030057,2026-08-16
02需求,paper,"""requirements traceability"" acceptance criteria",title_abstract_not_on_topic,10.1017/pds.2025.10040,2026-08-16
02需求,paper,"""requirements traceability"" acceptance criteria",title_abstract_not_on_topic,10.56530/spectroscopy.wu2080k9,2026-08-16
02需求,paper,"""requirements traceability"" acceptance criteria",title_abstract_not_on_topic,10.1002/sys.21788,2026-08-16
02需求,paper,"""requirements traceability"" acceptance criteria",title_abstract_not_on_topic,10.3390/math14050899,2026-08-16
02需求,paper,"""requirements traceability"" acceptance criteria",title_abstract_not_on_topic,10.1371/journal.pgph.0003703,2026-08-16
02需求,paper,"""requirements traceability"" acceptance criteria",title_abstract_not_on_topic,10.53941/jetia.2026.100002,2026-08-16
02需求,paper,"""requirements traceability"" acceptance criteria",title_abstract_not_on_topic,10.3390/aerospace13020183,2026-08-16
02需求,paper,"""requirements traceability"" acceptance criteria",title_abstract_not_on_topic,10.5120/ijca2025926030,2026-08-16
02需求,paper,"""requirements traceability"" acceptance criteria",title_abstract_not_on_topic,10.55164/ajstr.v28i3.255648,2026-08-16
07预算,paper,"""software effort estimation"" systematic review",title_abstract_not_on_topic,10.1007/s11831-023-10030-1,2026-08-16
07预算,paper,"""software effort estimation"" systematic review",title_abstract_not_on_topic,10.3390/digital4030028,2026-08-16
07预算,paper,"""software effort estimation"" systematic review",title_abstract_not_on_topic,10.3390/brainsci15050519,2026-08-16
07预算,paper,"""software effort estimation"" systematic review",title_abstract_not_on_topic,10.48550/arxiv.2409.06741,2026-08-16
07预算,paper,"""software effort estimation"" systematic review",title_abstract_not_on_topic,10.20473/jisebi.9.2.305-319,2026-08-16
07预算,paper,"""software effort estimation"" systematic review",title_abstract_not_on_topic,10.3390/app14010319,2026-08-16
07预算,paper,"""software effort estimation"" systematic review",title_abstract_not_on_topic,10.1007/s10951-025-00857-w,2026-08-16
07预算,paper,"""software effort estimation"" systematic review",title_abstract_not_on_topic,10.21203/rs.3.rs-3209115/v1,2026-08-16
07预算,paper,"""software effort estimation"" systematic review",title_abstract_not_on_topic,10.3390/info15080507,2026-08-16
07预算,paper,"""software effort estimation"" systematic review",title_abstract_not_on_topic,10.35631/jistm.1041026,2026-08-16
07预算,paper,"""software effort estimation"" systematic review",title_abstract_not_on_topic,10.4236/ojbm.2024.126189,2026-08-16
07预算,paper,"""software effort estimation"" systematic review",title_abstract_not_on_topic,10.1007/s11301-024-00424-1,2026-08-16
07预算,paper,"""software effort estimation"" systematic review",title_abstract_not_on_topic,10.34028/iajit/22/5/4,2026-08-16
07预算,paper,"""software effort estimation"" systematic review",title_abstract_not_on_topic,10.1049/sfw2/5691460,2026-08-16
07预算,paper,"""software effort estimation"" systematic review",title_abstract_not_on_topic,10.48550/arxiv.2410.08308,2026-08-16
07预算,paper,"""software effort estimation"" systematic review",title_abstract_not_on_topic,10.3390/app152212329,2026-08-16
07预算,paper,"""software effort estimation"" systematic review",title_abstract_not_on_topic,10.1016/j.indmarman.2026.02.009,2026-08-16
07预算,paper,"""software effort estimation"" systematic review",title_abstract_not_on_topic,10.14419/4t6x0421,2026-08-16
07预算,paper,"""software effort estimation"" systematic review",title_abstract_not_on_topic,10.1002/smr.70030,2026-08-16
07预算,paper,"""software effort estimation"" systematic review",title_abstract_not_on_topic,10.30996/jitcs.12297,2026-08-16
07预算,paper,"""software effort estimation"" systematic review",title_abstract_not_on_topic,10.48550/arxiv.2406.13877,2026-08-16
07预算,paper,"""software effort estimation"" systematic review",title_abstract_not_on_topic,10.5753/jserd.2025.5097,2026-08-16
07预算,paper,"""software effort estimation"" systematic review",title_abstract_not_on_topic,10.22201/fi.25940732e.2024.25.3.017,2026-08-16
07预算,paper,"""software effort estimation"" systematic review",title_abstract_not_on_topic,10.5295/cdg.252329ws,2026-08-16
07预算,paper,"""software effort estimation"" systematic review",title_abstract_not_on_topic,Artificial Intelligence in Project Management InformationSystems: A Systematic Literature Review and Future ResearchAgenda,2026-08-16
07预算,paper,"""software effort estimation"" systematic review",title_abstract_not_on_topic,10.38035/rrj.v8i3.2083,2026-08-16
07预算,paper,"""software effort estimation"" systematic review",title_abstract_not_on_topic,10.1371/journal.pdig.0000536,2026-08-16
07预算,paper,"""software effort estimation"" systematic review",title_abstract_not_on_topic,10.1016/j.jenvman.2024.121264,2026-08-16
07预算,paper,"""software effort estimation"" systematic review",title_abstract_not_on_topic,10.1371/journal.pone.0321854,2026-08-16
07预算,paper,"""software effort estimation"" systematic review",title_abstract_not_on_topic,10.32604/cmc.2024.057587,2026-08-16
07预算,paper,"""software effort estimation"" systematic review",title_abstract_not_on_topic,10.3390/pharmaceutics16020260,2026-08-16
07预算,paper,"""software effort estimation"" systematic review",title_abstract_not_on_topic,10.1038/s41598-023-41848-1,2026-08-16
07预算,paper,"""software effort estimation"" systematic review",title_abstract_not_on_topic,10.34028/iajit/21/3/4,2026-08-16
07预算,paper,"""software effort estimation"" systematic review",title_abstract_not_on_topic,10.1007/s42524-024-4013-y,2026-08-16
07预算,paper,"""software effort estimation"" systematic review",title_abstract_not_on_topic,10.1007/s10270-024-01176-y,2026-08-16
07预算,paper,"""software effort estimation"" systematic review",title_abstract_not_on_topic,10.1108/ijmpb-03-2025-0068,2026-08-16
07预算,paper,"""software effort estimation"" systematic review",title_abstract_not_on_topic,10.1007/s11356-025-36356-w,2026-08-16
07预算,paper,"""software effort estimation"" systematic review",title_abstract_not_on_topic,10.38094/jocef40271,2026-08-16
07预算,paper,"""software effort estimation"" systematic review",title_abstract_not_on_topic,10.1016/j.jss.2023.111909,2026-08-16
07预算,paper,"""software effort estimation"" systematic review",title_abstract_not_on_topic,10.7759/cureus.69250,2026-08-16
07预算,paper,"""software effort estimation"" systematic review",title_abstract_not_on_topic,10.1016/j.ipm.2024.103778,2026-08-16
04计划,paper,"""critical path"" project scheduling baseline",title_abstract_not_on_topic,10.1089/ast.2022.0126,2026-08-16
04计划,paper,"""critical path"" project scheduling baseline",title_abstract_not_on_topic,10.1038/s41598-025-33859-x,2026-08-16
04计划,paper,"""critical path"" project scheduling baseline",title_abstract_not_on_topic,10.1016/j.dibe.2023.100300,2026-08-16
04计划,paper,"""critical path"" project scheduling baseline",title_abstract_not_on_topic,10.4230/lipics.giscience.2025.3,2026-08-16
04计划,paper,"""critical path"" project scheduling baseline",title_abstract_not_on_topic,10.3390/pharmaceutics16030332,2026-08-16
04计划,paper,"""critical path"" project scheduling baseline",title_abstract_not_on_topic,10.1016/s2213-2600(23)00389-2,2026-08-16
04计划,paper,"""critical path"" project scheduling baseline",title_abstract_not_on_topic,Graph-RHO: Critical-path-aware Heterogeneous Graph Network for Long-Horizon Flexible Job-Shop Scheduling,2026-08-16
04计划,paper,"""critical path"" project scheduling baseline",title_abstract_not_on_topic,10.3390/su16020476,2026-08-16
04计划,paper,"""critical path"" project scheduling baseline",title_abstract_not_on_topic,10.1186/s13677-023-00553-0,2026-08-16
04计划,paper,"""critical path"" project scheduling baseline",title_abstract_not_on_topic,10.2139/ssrn.6669350,2026-08-16
04计划,paper,"""critical path"" project scheduling baseline",title_abstract_not_on_topic,10.1109/comst.2024.3422613,2026-08-16
04计划,paper,"""critical path"" project scheduling baseline",title_abstract_not_on_topic,10.1057/s41599-024-03180-5,2026-08-16
04计划,paper,"""critical path"" project scheduling baseline",title_abstract_not_on_topic,10.1145/3656401,2026-08-16
04计划,paper,"""critical path"" project scheduling baseline",title_abstract_not_on_topic,10.48550/arxiv.2402.15627,2026-08-16
04计划,paper,"""critical path"" project scheduling baseline",title_abstract_not_on_topic,10.1016/j.cor.2024.106914,2026-08-16
04计划,paper,"""critical path"" project scheduling baseline",title_abstract_not_on_topic,10.1061/jcemd4.coeng-16658,2026-08-16
04计划,paper,"""critical path"" project scheduling baseline",title_abstract_not_on_topic,10.3390/buildings13092379,2026-08-16
04计划,paper,"""critical path"" project scheduling baseline",title_abstract_not_on_topic,10.3390/futuretransp4020025,2026-08-16
04计划,paper,"""critical path"" project scheduling baseline",title_abstract_not_on_topic,10.1016/j.ejor.2025.03.024,2026-08-16
04计划,paper,"""critical path"" project scheduling baseline",title_abstract_not_on_topic,10.3390/en17133230,2026-08-16
04计划,paper,"""critical path"" project scheduling baseline",title_abstract_not_on_topic,10.3390/sym16111470,2026-08-16
04计划,paper,"""critical path"" project scheduling baseline",title_abstract_not_on_topic,10.1007/s11227-024-06550-7,2026-08-16
04计划,paper,"""critical path"" project scheduling baseline",title_abstract_not_on_topic,10.1007/s10758-024-09807-5,2026-08-16
09收尾,paper,"""organizational learning"" project-based organization",title_abstract_not_on_topic,10.1108/md-04-2024-0967,2026-08-16
09收尾,paper,"""organizational learning"" project-based organization",title_abstract_not_on_topic,10.1016/j.technovation.2023.102858,2026-08-16
09收尾,paper,"""organizational learning"" project-based organization",title_abstract_not_on_topic,10.3390/buildings14010098,2026-08-16
09收尾,paper,"""organizational learning"" project-based organization",title_abstract_not_on_topic,10.1007/s10796-024-10528-4,2026-08-16
09收尾,paper,"""organizational learning"" project-based organization",title_abstract_not_on_topic,10.3390/systems13040289,2026-08-16
09收尾,paper,"""organizational learning"" project-based organization",title_abstract_not_on_topic,10.7769/gesec.v14i11.3086,2026-08-16
09收尾,paper,"""organizational learning"" project-based organization",title_abstract_not_on_topic,10.5539/ibr.v17n2p66,2026-08-16
09收尾,paper,"""organizational learning"" project-based organization",title_abstract_not_on_topic,10.47992/ijaeml.2581.7000.0194,2026-08-16
09收尾,paper,"""organizational learning"" project-based organization",title_abstract_not_on_topic,10.1080/23311975.2024.2351832,2026-08-16
09收尾,paper,"""organizational learning"" project-based organization",title_abstract_not_on_topic,10.3390/su16219516,2026-08-16
09收尾,paper,"""organizational learning"" project-based organization",title_abstract_not_on_topic,10.3390/su17219880,2026-08-16
09收尾,paper,"""organizational learning"" project-based organization",title_abstract_not_on_topic,10.3390/su16062507,2026-08-16
09收尾,paper,"""organizational learning"" project-based organization",title_abstract_not_on_topic,10.3390/su18020554,2026-08-16
09收尾,paper,"""organizational learning"" project-based organization",title_abstract_not_on_topic,10.36548/rrrj.2026.1.004,2026-08-16
09收尾,paper,"""organizational learning"" project-based organization",title_abstract_not_on_topic,10.1002/bse.3938,2026-08-16
02需求,paper,"""requirements engineering"" change management validation",title_abstract_not_on_topic,10.2139/ssrn.4885910,2026-08-16
02需求,paper,"""requirements engineering"" change management validation",title_abstract_not_on_topic,10.3390/info15110726,2026-08-16
02需求,paper,"""requirements engineering"" change management validation",title_abstract_not_on_topic,10.3390/sci6020031,2026-08-16
02需求,paper,"""requirements engineering"" change management validation",title_abstract_not_on_topic,10.55529/ijitc.52.70.82,2026-08-16
02需求,paper,"""requirements engineering"" change management validation",title_abstract_not_on_topic,10.1016/j.inffus.2024.102301,2026-08-16
02需求,paper,"""requirements engineering"" change management validation",title_abstract_not_on_topic,10.1080/0144929x.2026.2638915,2026-08-16
07预算,paper,"""expert judgment"" effort estimation software",title_abstract_not_on_topic,10.1016/j.infsof.2023.107334,2026-08-16
07预算,paper,"""expert judgment"" effort estimation software",title_abstract_not_on_topic,10.1016/j.ress.2023.109699,2026-08-16
07预算,paper,"""expert judgment"" effort estimation software",title_abstract_not_on_topic,10.1038/s41586-023-06578-4,2026-08-16
07预算,paper,"""expert judgment"" effort estimation software",title_abstract_not_on_topic,10.21203/rs.3.rs-7153894/v1,2026-08-16
07预算,paper,"""expert judgment"" effort estimation software",title_abstract_not_on_topic,10.3390/e26050360,2026-08-16
07预算,paper,"""expert judgment"" effort estimation software",title_abstract_not_on_topic,10.21203/rs.3.rs-9449162/v1,2026-08-16
07预算,paper,"""expert judgment"" effort estimation software",title_abstract_not_on_topic,10.21831/reid.v9i2.52083,2026-08-16
07预算,paper,"""expert judgment"" effort estimation software",title_abstract_not_on_topic,10.1016/j.jobe.2025.114478,2026-08-16
07预算,paper,"""expert judgment"" effort estimation software",title_abstract_not_on_topic,10.21203/rs.3.rs-3579951/v1,2026-08-16
07预算,paper,"""expert judgment"" effort estimation software",title_abstract_not_on_topic,10.38124/ijisrt/ijisrt24apr1614,2026-08-16
07预算,paper,"""expert judgment"" effort estimation software",title_abstract_not_on_topic,10.1038/s41467-025-56573-8,2026-08-16
09收尾,paper,"""post-project appraisal"" knowledge transfer",title_abstract_not_on_topic,10.15666/aeer/2402_30593083,2026-08-16
05实施控制,paper,controlled experiment product metric holdout,pdf_download_failed_or_paywall,https://www.mdpi.com/1996-1944/16/17/5977/pdf?version=1693479581,2026-08-16
04计划,paper,"""critical chain"" project management schedule",title_abstract_not_on_topic,10.1038/s41598-023-45970-y,2026-08-16
04计划,paper,"""critical chain"" project management schedule",title_abstract_not_on_topic,10.33714/masteb.1324266,2026-08-16
04计划,paper,"""critical chain"" project management schedule",title_abstract_not_on_topic,10.1299/jamdsm.2024jamdsm0085,2026-08-16
04计划,paper,"""critical chain"" project management schedule",title_abstract_not_on_topic,10.1016/j.jobe.2023.108263,2026-08-16
04计划,paper,"""critical chain"" project management schedule",title_abstract_not_on_topic,10.2139/ssrn.5402481,2026-08-16
04计划,paper,"""critical chain"" project management schedule",title_abstract_not_on_topic,10.31004/riggs.v5i2.9543,2026-08-16
04计划,paper,"""critical chain"" project management schedule",title_abstract_not_on_topic,10.1097/md.0000000000041279,2026-08-16
04计划,paper,"""critical chain"" project management schedule",title_abstract_not_on_topic,10.22158/ibes.v6n2p274,2026-08-16
04计划,paper,"""critical chain"" project management schedule",title_abstract_not_on_topic,10.3390/su16073014,2026-08-16
04计划,paper,"""critical chain"" project management schedule",title_abstract_not_on_topic,10.47772/ijriss.2026.100500488,2026-08-16
04计划,paper,"""critical chain"" project management schedule",title_abstract_not_on_topic,10.1080/09537287.2024.2349231,2026-08-16
04计划,paper,"""critical chain"" project management schedule",title_abstract_not_on_topic,10.1016/j.ress.2023.109679,2026-08-16
04计划,paper,"""critical chain"" project management schedule",title_abstract_not_on_topic,10.3390/buildings15050765,2026-08-16
04计划,paper,"""critical chain"" project management schedule",title_abstract_not_on_topic,10.55248/gengpi.6.0625.21101,2026-08-16
04计划,paper,"""critical chain"" project management schedule",title_abstract_not_on_topic,10.1080/21693277.2024.2319574,2026-08-16
06交付,paper,"""user acceptance testing"" software delivery",title_abstract_not_on_topic,10.30574/ijsra.2024.13.1.1838,2026-08-16
06交付,paper,"""user acceptance testing"" software delivery",title_abstract_not_on_topic,10.21275/sr231021114758,2026-08-16
06交付,paper,"""user acceptance testing"" software delivery",title_abstract_not_on_topic,10.1002/smr.70029,2026-08-16
06交付,paper,"""user acceptance testing"" software delivery",title_abstract_not_on_topic,10.34218/ijdo_02_01_002,2026-08-16
06交付,paper,"""user acceptance testing"" software delivery",title_abstract_not_on_topic,10.3390/electronics13010017,2026-08-16
06交付,paper,"""user acceptance testing"" software delivery",title_abstract_not_on_topic,10.1038/s41746-023-00968-8,2026-08-16
06交付,paper,"""user acceptance testing"" software delivery",title_abstract_not_on_topic,10.21595/jmai.2023.23410,2026-08-16
06交付,paper,"""user acceptance testing"" software delivery",title_abstract_not_on_topic,10.21817/indjcse/2024/v15i1/241501028,2026-08-16
06交付,paper,"""user acceptance testing"" software delivery",title_abstract_not_on_topic,10.55041/ijsrem35244,2026-08-16
06交付,paper,"""user acceptance testing"" software delivery",title_abstract_not_on_topic,10.1371/journal.pdig.0000509,2026-08-16
06交付,paper,"""user acceptance testing"" software delivery",title_abstract_not_on_topic,10.1080/09537287.2024.2349231,2026-08-16
06交付,paper,"""user acceptance testing"" software delivery",title_abstract_not_on_topic,10.1109/access.2024.3384410,2026-08-16
02需求,paper,agile requirements engineering systematic review,title_abstract_not_on_topic,10.3390/su152015088,2026-08-16
02需求,paper,agile requirements engineering systematic review,title_abstract_not_on_topic,10.1007/s43681-024-00653-w,2026-08-16
02需求,paper,agile requirements engineering systematic review,title_abstract_not_on_topic,10.48550/arxiv.2402.07927,2026-08-16
02需求,paper,agile requirements engineering systematic review,title_abstract_not_on_topic,10.3390/electronics13030542,2026-08-16
02需求,paper,agile requirements engineering systematic review,title_abstract_not_on_topic,10.51594/csitrj.v5i1.717,2026-08-16
02需求,paper,agile requirements engineering systematic review,title_abstract_not_on_topic,10.1177/87569728241254095,2026-08-16
02需求,paper,agile requirements engineering systematic review,title_abstract_not_on_topic,10.1007/s11846-024-00745-1,2026-08-16
02需求,paper,agile requirements engineering systematic review,title_abstract_not_on_topic,10.3390/admsci14010017,2026-08-16
02需求,paper,agile requirements engineering systematic review,title_abstract_not_on_topic,10.1002/job.2735,2026-08-16
02需求,paper,agile requirements engineering systematic review,title_abstract_not_on_topic,10.1016/j.iot.2023.100982,2026-08-16
02需求,paper,agile requirements engineering systematic review,title_abstract_not_on_topic,10.1007/s11528-025-01100-1,2026-08-16
02需求,paper,agile requirements engineering systematic review,title_abstract_not_on_topic,10.1080/00207543.2024.2406021,2026-08-16
02需求,paper,agile requirements engineering systematic review,title_abstract_not_on_topic,10.1016/j.heliyon.2023.e21023,2026-08-16
02需求,paper,agile requirements engineering systematic review,title_abstract_not_on_topic,10.1007/s11704-024-40231-1,2026-08-16
02需求,paper,agile requirements engineering systematic review,title_abstract_not_on_topic,10.1177/23970022231226316,2026-08-16
02需求,paper,agile requirements engineering systematic review,title_abstract_not_on_topic,10.1016/j.jss.2024.112011,2026-08-16
02需求,paper,agile requirements engineering systematic review,title_abstract_not_on_topic,10.1007/s11301-024-00405-4,2026-08-16
02需求,paper,agile requirements engineering systematic review,title_abstract_not_on_topic,10.1145/3631976,2026-08-16
02需求,paper,agile requirements engineering systematic review,title_abstract_not_on_topic,10.1111/puar.13787,2026-08-16
02需求,paper,agile requirements engineering systematic review,title_abstract_not_on_topic,10.1145/3639060,2026-08-16
02需求,paper,agile requirements engineering systematic review,title_abstract_not_on_topic,10.1111/1467-8551.12797,2026-08-16
02需求,paper,agile requirements engineering systematic review,title_abstract_not_on_topic,10.3389/frai.2024.1456486,2026-08-16
02需求,paper,agile requirements engineering systematic review,title_abstract_not_on_topic,10.3390/sym15091679,2026-08-16
02需求,paper,agile requirements engineering systematic review,title_abstract_not_on_topic,10.1111/jpim.12698,2026-08-16
02需求,paper,agile requirements engineering systematic review,title_abstract_not_on_topic,10.48550/arxiv.2310.14735,2026-08-16
02需求,paper,agile requirements engineering systematic review,title_abstract_not_on_topic,10.1016/j.atech.2024.100396,2026-08-16
02需求,paper,agile requirements engineering systematic review,title_abstract_not_on_topic,10.29322/ijsrp.13.08.2023.p14015,2026-08-16
02需求,paper,agile requirements engineering systematic review,title_abstract_not_on_topic,10.3390/systems11080400,2026-08-16
02需求,paper,agile requirements engineering systematic review,title_abstract_not_on_topic,10.1016/j.techfore.2024.123301,2026-08-16
02需求,paper,agile requirements engineering systematic review,title_abstract_not_on_topic,10.1016/j.hybadv.2024.100242,2026-08-16
02需求,paper,agile requirements engineering systematic review,title_abstract_not_on_topic,10.1016/j.jss.2023.111906,2026-08-16
02需求,paper,agile requirements engineering systematic review,title_abstract_not_on_topic,10.3390/drones7100620,2026-08-16
02需求,paper,agile requirements engineering systematic review,title_abstract_not_on_topic,10.1002/csr.2611,2026-08-16
02需求,paper,agile requirements engineering systematic review,title_abstract_not_on_topic,10.1007/s11301-024-00418-z,2026-08-16
02需求,paper,agile requirements engineering systematic review,title_abstract_not_on_topic,10.3390/ijfs12010003,2026-08-16
02需求,paper,agile requirements engineering systematic review,title_abstract_not_on_topic,10.1145/3687301,2026-08-16
02需求,paper,agile requirements engineering systematic review,title_abstract_not_on_topic,10.1016/j.trf.2023.10.001,2026-08-16
02需求,paper,agile requirements engineering systematic review,title_abstract_not_on_topic,10.1016/j.sca.2024.100075,2026-08-16
02需求,paper,agile requirements engineering systematic review,title_abstract_not_on_topic,10.3390/info15100592,2026-08-16
02需求,paper,agile requirements engineering systematic review,title_abstract_not_on_topic,10.1007/s10055-025-01136-x,2026-08-16
02需求,paper,agile requirements engineering systematic review,title_abstract_not_on_topic,10.3390/logistics7040089,2026-08-16
02需求,paper,agile requirements engineering systematic review,title_abstract_not_on_topic,10.1186/s42162-024-00385-5,2026-08-16
02需求,paper,agile requirements engineering systematic review,title_abstract_not_on_topic,10.1007/s44163-023-00089-x,2026-08-16
02需求,paper,agile requirements engineering systematic review,title_abstract_not_on_topic,10.1080/00207543.2023.2270586,2026-08-16
02需求,paper,agile requirements engineering systematic review,title_abstract_not_on_topic,10.1108/jkm-12-2022-0993,2026-08-16
02需求,paper,agile requirements engineering systematic review,title_abstract_not_on_topic,10.1080/09537287.2023.2286283,2026-08-16
02需求,paper,agile requirements engineering systematic review,title_abstract_not_on_topic,10.1016/j.hrmr.2024.101043,2026-08-16
02需求,paper,agile requirements engineering systematic review,title_abstract_not_on_topic,10.3390/ijfs11040123,2026-08-16
02需求,paper,agile requirements engineering systematic review,title_abstract_not_on_topic,10.1186/s40537-024-00914-9,2026-08-16
02需求,paper,agile requirements engineering systematic review,title_abstract_not_on_topic,10.1145/3626234,2026-08-16
02需求,paper,agile requirements engineering systematic review,title_abstract_not_on_topic,10.1007/s43615-025-00604-5,2026-08-16
02需求,paper,agile requirements engineering systematic review,title_abstract_not_on_topic,10.1080/09537287.2023.2252376,2026-08-16
02需求,paper,agile requirements engineering systematic review,title_abstract_not_on_topic,10.3390/wevj15080364,2026-08-16
02需求,paper,agile requirements engineering systematic review,title_abstract_not_on_topic,10.3390/info16050399,2026-08-16
02需求,paper,agile requirements engineering systematic review,title_abstract_not_on_topic,10.1080/08276331.2024.2392080,2026-08-16
02需求,paper,agile requirements engineering systematic review,title_abstract_not_on_topic,10.1186/s40854-024-00668-6,2026-08-16
02需求,paper,agile requirements engineering systematic review,title_abstract_not_on_topic,10.26794/2308-944x-2024-12-3-6-27,2026-08-16
02需求,paper,agile requirements engineering systematic review,title_abstract_not_on_topic,10.51594/estj.v4i6.638,2026-08-16
02需求,paper,agile requirements engineering systematic review,title_abstract_not_on_topic,10.1016/j.buildenv.2023.110788,2026-08-16
02需求,paper,agile requirements engineering systematic review,title_abstract_not_on_topic,10.30574/gscarr.2024.18.2.0063,2026-08-16
02需求,paper,agile requirements engineering systematic review,title_abstract_not_on_topic,10.1007/s10462-024-10740-3,2026-08-16
02需求,paper,agile requirements engineering systematic review,title_abstract_not_on_topic,10.1002/jsc.2626,2026-08-16
02需求,paper,agile requirements engineering systematic review,title_abstract_not_on_topic,10.3390/electronics13142885,2026-08-16
02需求,paper,agile requirements engineering systematic review,title_abstract_not_on_topic,10.1007/s10462-024-10925-w,2026-08-16
02需求,paper,agile requirements engineering systematic review,title_abstract_not_on_topic,10.3389/frai.2024.1477044,2026-08-16
07预算,paper,"""planning fallacy"" project cost overrun",title_abstract_not_on_topic,10.1093/cjres/rsaf009,2026-08-16
07预算,paper,"""planning fallacy"" project cost overrun",title_abstract_not_on_topic,10.2139/ssrn.6896358,2026-08-16
07预算,paper,"""planning fallacy"" project cost overrun",title_abstract_not_on_topic,10.1080/09537287.2024.2352838,2026-08-16
07预算,paper,"""planning fallacy"" project cost overrun",title_abstract_not_on_topic,10.1016/j.plas.2024.100123,2026-08-16
07预算,paper,"""planning fallacy"" project cost overrun",title_abstract_not_on_topic,10.1016/j.cities.2023.104773,2026-08-16
07预算,paper,"""planning fallacy"" project cost overrun",title_abstract_not_on_topic,10.1080/09537287.2023.2257178,2026-08-16
07预算,paper,"""planning fallacy"" project cost overrun",title_abstract_not_on_topic,10.3390/systems13080650,2026-08-16
07预算,paper,"""planning fallacy"" project cost overrun",title_abstract_not_on_topic,10.2139/ssrn.7228700,2026-08-16
07预算,paper,"""planning fallacy"" project cost overrun",title_abstract_not_on_topic,10.1016/j.scaman.2025.101422,2026-08-16
07预算,paper,"""planning fallacy"" project cost overrun",title_abstract_not_on_topic,10.1080/14649357.2024.2396351,2026-08-16
07预算,paper,"""planning fallacy"" project cost overrun",title_abstract_not_on_topic,10.5130/ajceb.v24i4/5.8417,2026-08-16
07预算,paper,"""planning fallacy"" project cost overrun",title_abstract_not_on_topic,10.3390/electronics14193930,2026-08-16
07预算,paper,"""planning fallacy"" project cost overrun",title_abstract_not_on_topic,10.3390/risks13100188,2026-08-16
07预算,paper,"""planning fallacy"" project cost overrun",title_abstract_not_on_topic,10.17705/1cais.05632,2026-08-16
07预算,paper,"""planning fallacy"" project cost overrun",title_abstract_not_on_topic,10.64753/jcasc.v10i2.1623,2026-08-16
07预算,paper,"""planning fallacy"" project cost overrun",title_abstract_not_on_topic,10.36948/ijfmr.2024.v06i06.33314,2026-08-16
07预算,paper,"""planning fallacy"" project cost overrun",title_abstract_not_on_topic,10.2139/ssrn.4924942,2026-08-16
07预算,paper,"""planning fallacy"" project cost overrun",title_abstract_not_on_topic,10.2139/ssrn.6588119,2026-08-16
07预算,paper,"""planning fallacy"" project cost overrun",title_abstract_not_on_topic,10.58257/ijprems53412,2026-08-16
07预算,paper,"""planning fallacy"" project cost overrun",title_abstract_not_on_topic,10.3390/buildings15234284,2026-08-16
07预算,paper,"""planning fallacy"" project cost overrun",title_abstract_not_on_topic,10.64755/ibcp4691,2026-08-16
07预算,paper,"""planning fallacy"" project cost overrun",title_abstract_not_on_topic,10.3390/buildings16132652,2026-08-16
07预算,paper,"""planning fallacy"" project cost overrun",title_abstract_not_on_topic,10.1108/rbf-11-2023-0303,2026-08-16
07预算,paper,"""planning fallacy"" project cost overrun",title_abstract_not_on_topic,10.1111/cag.70012,2026-08-16
04计划,paper,"""rolling wave planning"" product-based planning",title_abstract_not_on_topic,10.3390/su151813384,2026-08-16
04计划,paper,"""rolling wave planning"" product-based planning",title_abstract_not_on_topic,10.26565/2524-2547-2026-73-11,2026-08-16
04计划,paper,"""rolling wave planning"" product-based planning",title_abstract_not_on_topic,10.55248/gengpi.6.0325.1295,2026-08-16
04计划,paper,"""rolling wave planning"" product-based planning",title_abstract_not_on_topic,10.71145/rjsp.v3i2.288,2026-08-16
04计划,paper,"""rolling wave planning"" product-based planning",title_abstract_not_on_topic,10.32388/wzh8ga.2,2026-08-16
04计划,paper,"""rolling wave planning"" product-based planning",title_abstract_not_on_topic,10.31375/2226-1915-2025-1-7-22,2026-08-16
04计划,paper,"""rolling wave planning"" product-based planning",title_abstract_not_on_topic,10.26668/businessreview/2023.v8i12.4987,2026-08-16
04计划,paper,"""rolling wave planning"" product-based planning",title_abstract_not_on_topic,10.51594/ijmer.v7i6.1941,2026-08-16
04计划,paper,"""rolling wave planning"" product-based planning",title_abstract_not_on_topic,10.35854/1998-1627-2023-9-1004-1018,2026-08-16
04计划,paper,"""rolling wave planning"" product-based planning",title_abstract_not_on_topic,10.32388/wzh8ga,2026-08-16
04计划,paper,"""rolling wave planning"" product-based planning",title_abstract_not_on_topic,10.52058/2786-6025-2025-10(51)-1654-1669,2026-08-16
04计划,paper,"""rolling wave planning"" product-based planning",title_abstract_not_on_topic,10.21275/sr26201054025,2026-08-16
04计划,paper,"""rolling wave planning"" product-based planning",title_abstract_not_on_topic,10.22214/ijraset.2025.74597,2026-08-16
04计划,paper,"""rolling wave planning"" product-based planning",title_abstract_not_on_topic,10.56726/irjmets6644,2026-08-16
04计划,paper,"""rolling wave planning"" product-based planning",title_abstract_not_on_topic,10.56726/irjmets81659,2026-08-16
04计划,paper,"""rolling wave planning"" product-based planning",title_abstract_not_on_topic,10.37332/2309-1533.2026.2.22,2026-08-16
04计划,paper,"""rolling wave planning"" product-based planning",title_abstract_not_on_topic,10.5281/zenodo.19591140,2026-08-16
04计划,paper,"""rolling wave planning"" product-based planning",title_abstract_not_on_topic,10.37745/ejcsit.2013/vol13n51844,2026-08-16
04计划,paper,"""rolling wave planning"" product-based planning",title_abstract_not_on_topic,"New objectives, same rationales: shifts in the United Kingdom’s industrial strategies?",2026-08-16
04计划,paper,"""rolling wave planning"" product-based planning",title_abstract_not_on_topic,10.3390/asi9030054,2026-08-16
04计划,paper,"""rolling wave planning"" product-based planning",title_abstract_not_on_topic,10.24887/0028-2448-2025-11-64-71,2026-08-16
04计划,paper,"""rolling wave planning"" product-based planning",title_abstract_not_on_topic,Creative economy: factors of effectiveness,2026-08-16
04计划,paper,"""rolling wave planning"" product-based planning",title_abstract_not_on_topic,Risk assessment of international innovation projects,2026-08-16
04计划,paper,"""rolling wave planning"" product-based planning",title_abstract_not_on_topic,Business process management on the basis of compliance control,2026-08-16
04计划,paper,"""rolling wave planning"" product-based planning",title_abstract_not_on_topic,Startup as an object of intellectual property,2026-08-16
04计划,paper,"""rolling wave planning"" product-based planning",title_abstract_not_on_topic,Innovative prospects for the post-war recovery of Ukraine&apos;s economy,2026-08-16
04计划,paper,"""rolling wave planning"" product-based planning",title_abstract_not_on_topic,Innovations in the educational services market,2026-08-16
04计划,paper,"""rolling wave planning"" product-based planning",title_abstract_not_on_topic,Intellectual property as a component of product competitiveness,2026-08-16
04计划,paper,"""rolling wave planning"" product-based planning",title_abstract_not_on_topic,Formation of an educational institution&apos;s brand,2026-08-16
04计划,paper,"""rolling wave planning"" product-based planning",title_abstract_not_on_topic,The legal mechanism of intellectual property in Ukraine,2026-08-16
04计划,paper,"""rolling wave planning"" product-based planning",title_abstract_not_on_topic,Marketing of intellectual products,2026-08-16
04计划,paper,"""rolling wave planning"" product-based planning",title_abstract_not_on_topic,Formation of effects of technology commercialization,2026-08-16
04计划,paper,"""rolling wave planning"" product-based planning",title_abstract_not_on_topic,Research on non-traditional results of intellectual activity,2026-08-16
04计划,paper,"""rolling wave planning"" product-based planning",title_abstract_not_on_topic,Conflict situations in the intellectual activity of industrial enterprises,2026-08-16
04计划,paper,"""rolling wave planning"" product-based planning",title_abstract_not_on_topic,Intellectual development of electrotechnical enterprises,2026-08-16
06交付,paper,"""verification and validation"" software acceptance",title_abstract_not_on_topic,10.1016/j.ress.2025.111311,2026-08-16
06交付,paper,"""verification and validation"" software acceptance",title_abstract_not_on_topic,10.1186/s12866-023-03133-z,2026-08-16
06交付,paper,"""verification and validation"" software acceptance",title_abstract_not_on_topic,10.1080/23311916.2023.2276495,2026-08-16
06交付,paper,"""verification and validation"" software acceptance",title_abstract_not_on_topic,10.1038/s41586-024-08249-4,2026-08-16
06交付,paper,"""verification and validation"" software acceptance",title_abstract_not_on_topic,10.1057/s41599-025-04787-y,2026-08-16
06交付,paper,"""verification and validation"" software acceptance",title_abstract_not_on_topic,10.1016/j.nima.2025.170445,2026-08-16
06交付,paper,"""verification and validation"" software acceptance",title_abstract_not_on_topic,10.1186/s41239-024-00446-5,2026-08-16
06交付,paper,"""verification and validation"" software acceptance",title_abstract_not_on_topic,10.2196/53008,2026-08-16
06交付,paper,"""verification and validation"" software acceptance",title_abstract_not_on_topic,10.3390/electronics13030542,2026-08-16
06交付,paper,"""verification and validation"" software acceptance",title_abstract_not_on_topic,10.3389/frobt.2026.1755883,2026-08-16
06交付,paper,"""verification and validation"" software acceptance",title_abstract_not_on_topic,10.21203/rs.3.rs-3627480/v1,2026-08-16
06交付,paper,"""verification and validation"" software acceptance",title_abstract_not_on_topic,10.3844/jcssp.2025.1099.1112,2026-08-16
06交付,paper,"""verification and validation"" software acceptance",title_abstract_not_on_topic,10.1038/s43588-024-00613-8,2026-08-16
06交付,paper,"""verification and validation"" software acceptance",title_abstract_not_on_topic,10.3390/jrfm17010027,2026-08-16
06交付,paper,"""verification and validation"" software acceptance",title_abstract_not_on_topic,10.1098/rsos.231053,2026-08-16
06交付,paper,"""verification and validation"" software acceptance",title_abstract_not_on_topic,10.1109/access.2023.3349019,2026-08-16
06交付,paper,"""verification and validation"" software acceptance",title_abstract_not_on_topic,10.1057/s41599-024-02751-w,2026-08-16
08沟通,paper,"""stakeholder theory"" project management salience",title_abstract_not_on_topic,10.1016/j.heliyon.2023.e20278,2026-08-16
08沟通,paper,"""stakeholder theory"" project management salience",title_abstract_not_on_topic,10.1002/csr.2630,2026-08-16
09收尾,paper,project archive records close phase,title_abstract_not_on_topic,10.12688/wellcomeopenres.21143.1,2026-08-16
09收尾,paper,project archive records close phase,title_abstract_not_on_topic,10.1038/s41467-024-51154-7,2026-08-16
09收尾,paper,project archive records close phase,title_abstract_not_on_topic,10.1038/s41586-024-07309-z,2026-08-16
09收尾,paper,project archive records close phase,title_abstract_not_on_topic,10.1007/s10648-024-09864-3,2026-08-16
09收尾,paper,project archive records close phase,title_abstract_not_on_topic,10.1126/sciadv.adh2458,2026-08-16
09收尾,paper,project archive records close phase,title_abstract_not_on_topic,10.3389/fsci.2025.1514835,2026-08-16
09收尾,paper,project archive records close phase,title_abstract_not_on_topic,10.1145/3653297,2026-08-16
09收尾,paper,project archive records close phase,title_abstract_not_on_topic,10.1038/s43018-023-00709-6,2026-08-16
09收尾,paper,project archive records close phase,title_abstract_not_on_topic,10.3145/epi.2023.sep.17,2026-08-16
09收尾,paper,project archive records close phase,title_abstract_not_on_topic,10.1038/s43017-025-00681-y,2026-08-16
09收尾,paper,project archive records close phase,title_abstract_not_on_topic,10.5194/gmd-18-1307-2025,2026-08-16
09收尾,paper,project archive records close phase,title_abstract_not_on_topic,10.1029/2023gc011128,2026-08-16
09收尾,paper,project archive records close phase,title_abstract_not_on_topic,10.1038/s41591-023-02593-0,2026-08-16
09收尾,paper,project archive records close phase,title_abstract_not_on_topic,10.5194/gmd-18-6671-2025,2026-08-16
09收尾,paper,project archive records close phase,title_abstract_not_on_topic,10.1038/s41612-023-00529-6,2026-08-16
09收尾,paper,project archive records close phase,title_abstract_not_on_topic,10.1038/s41559-024-02423-7,2026-08-16
09收尾,paper,project archive records close phase,title_abstract_not_on_topic,10.1111/nph.19143,2026-08-16
09收尾,paper,project archive records close phase,title_abstract_not_on_topic,10.1016/j.earscirev.2024.104886,2026-08-16
09收尾,paper,project archive records close phase,title_abstract_not_on_topic,10.3389/fmars.2024.1365023,2026-08-16
09收尾,paper,project archive records close phase,title_abstract_not_on_topic,10.1038/s41598-024-82918-2,2026-08-16
09收尾,paper,project archive records close phase,title_abstract_not_on_topic,10.5194/gmd-17-1-2024,2026-08-16
09收尾,paper,project archive records close phase,title_abstract_not_on_topic,10.1038/s41563-023-01796-7,2026-08-16
09收尾,paper,project archive records close phase,title_abstract_not_on_topic,10.3390/drones7080515,2026-08-16
09收尾,paper,project archive records close phase,title_abstract_not_on_topic,10.1038/s41467-025-61112-6,2026-08-16
09收尾,paper,project archive records close phase,title_abstract_not_on_topic,10.5194/wes-9-1025-2024,2026-08-16
09收尾,paper,project archive records close phase,title_abstract_not_on_topic,10.1029/2023ef003786,2026-08-16
09收尾,paper,project archive records close phase,title_abstract_not_on_topic,10.1126/sciadv.adi2714,2026-08-16
09收尾,paper,project archive records close phase,title_abstract_not_on_topic,10.5194/essd-15-5301-2023,2026-08-16
09收尾,paper,project archive records close phase,title_abstract_not_on_topic,10.2196/50216,2026-08-16
09收尾,paper,project archive records close phase,title_abstract_not_on_topic,10.1016/j.jenvman.2024.120816,2026-08-16
09收尾,paper,project archive records close phase,title_abstract_not_on_topic,10.5194/cp-19-2257-2023,2026-08-16
09收尾,paper,project archive records close phase,title_abstract_not_on_topic,10.5194/egusphere-2024-653,2026-08-16
09收尾,paper,project archive records close phase,title_abstract_not_on_topic,10.1038/s41377-024-01562-7,2026-08-16
09收尾,paper,project archive records close phase,title_abstract_not_on_topic,10.1016/s0140-6736(24)02197-4,2026-08-16
09收尾,paper,project archive records close phase,title_abstract_not_on_topic,10.1029/2023ea003332,2026-08-16
09收尾,paper,project archive records close phase,title_abstract_not_on_topic,10.1038/s41586-025-08674-z,2026-08-16
09收尾,paper,project archive records close phase,title_abstract_not_on_topic,10.1038/s41612-024-00841-9,2026-08-16
09收尾,paper,project archive records close phase,title_abstract_not_on_topic,10.1038/s41591-024-03249-3,2026-08-16
09收尾,paper,project archive records close phase,title_abstract_not_on_topic,10.1038/s41559-023-02313-4,2026-08-16
09收尾,paper,project archive records close phase,title_abstract_not_on_topic,10.1038/s43247-024-01413-8,2026-08-16
09收尾,paper,project archive records close phase,title_abstract_not_on_topic,10.1007/s10762-023-00947-w,2026-08-16
09收尾,paper,project archive records close phase,title_abstract_not_on_topic,10.1016/j.aos.2023.101514,2026-08-16
09收尾,paper,project archive records close phase,title_abstract_not_on_topic,10.1029/2023gl104910,2026-08-16
09收尾,paper,project archive records close phase,title_abstract_not_on_topic,10.3390/su16135374,2026-08-16
09收尾,paper,project archive records close phase,title_abstract_not_on_topic,10.1002/joom.1275,2026-08-16
09收尾,paper,project archive records close phase,title_abstract_not_on_topic,10.1093/nar/gkad1019,2026-08-16
09收尾,paper,project archive records close phase,title_abstract_not_on_topic,10.1177/07356331231191125,2026-08-16
09收尾,paper,project archive records close phase,title_abstract_not_on_topic,10.3390/digital4030028,2026-08-16
09收尾,paper,project archive records close phase,title_abstract_not_on_topic,10.5194/essd-15-4901-2023,2026-08-16
09收尾,paper,project archive records close phase,title_abstract_not_on_topic,10.1073/pnas.2302983121,2026-08-16
09收尾,paper,project archive records close phase,title_abstract_not_on_topic,10.1093/nar/gkad992,2026-08-16
09收尾,paper,project archive records close phase,title_abstract_not_on_topic,10.1145/3631125,2026-08-16
09收尾,paper,project archive records close phase,title_abstract_not_on_topic,10.1007/s10845-023-02301-2,2026-08-16
09收尾,paper,project archive records close phase,title_abstract_not_on_topic,10.1007/s11214-024-01059-0,2026-08-16
09收尾,paper,project archive records close phase,title_abstract_not_on_topic,10.3390/buildings14071988,2026-08-16
09收尾,paper,project archive records close phase,title_abstract_not_on_topic,10.3389/fdgth.2023.1207602,2026-08-16
09收尾,paper,project archive records close phase,title_abstract_not_on_topic,10.1038/s41467-024-55662-4,2026-08-16
09收尾,paper,project archive records close phase,title_abstract_not_on_topic,10.1038/s43247-024-01863-0,2026-08-16
09收尾,paper,project archive records close phase,title_abstract_not_on_topic,10.1109/access.2024.3389497,2026-08-16
09收尾,paper,project archive records close phase,title_abstract_not_on_topic,10.5194/essd-16-2543-2024,2026-08-16
09收尾,paper,project archive records close phase,title_abstract_not_on_topic,10.1111/anti.13014,2026-08-16
09收尾,paper,project archive records close phase,title_abstract_not_on_topic,10.1088/1538-3873/ad3122,2026-08-16
09收尾,paper,project archive records close phase,title_abstract_not_on_topic,10.1126/sciadv.ado3712,2026-08-16
09收尾,paper,project archive records close phase,title_abstract_not_on_topic,10.1038/s43247-024-01276-z,2026-08-16
09收尾,paper,project archive records close phase,title_abstract_not_on_topic,10.1038/s42004-023-01014-0,2026-08-16
09收尾,paper,project archive records close phase,title_abstract_not_on_topic,10.1029/2023gl107561,2026-08-16
09收尾,paper,project archive records close phase,title_abstract_not_on_topic,10.1038/s41467-023-43893-w,2026-08-16
09收尾,paper,project archive records close phase,title_abstract_not_on_topic,10.1126/science.adi5177,2026-08-16
09收尾,paper,project archive records close phase,title_abstract_not_on_topic,10.1007/s10618-024-01022-1,2026-08-16
09收尾,paper,project archive records close phase,title_abstract_not_on_topic,10.1080/23257962.2024.2381234,2026-08-16
09收尾,paper,project archive records close phase,title_abstract_not_on_topic,10.1080/14780038.2025.2577348,2026-08-16
09收尾,paper,project archive records close phase,title_abstract_not_on_topic,10.1126/sciadv.adj4800,2026-08-16
09收尾,paper,project archive records close phase,title_abstract_not_on_topic,10.1115/1.4066181,2026-08-16
09收尾,paper,project archive records close phase,title_abstract_not_on_topic,10.1080/08949468.2023.2285211,2026-08-16
09收尾,paper,project archive records close phase,title_abstract_not_on_topic,10.30574/wjarr.2025.25.1.0193,2026-08-16
09收尾,paper,project archive records close phase,title_abstract_not_on_topic,10.5194/acp-25-1105-2025,2026-08-16
09收尾,paper,project archive records close phase,title_abstract_not_on_topic,10.1051/0004-6361/202450078,2026-08-16
09收尾,paper,project archive records close phase,title_abstract_not_on_topic,10.1038/s41558-023-01919-7,2026-08-16
09收尾,paper,project archive records close phase,title_abstract_not_on_topic,10.1038/s41598-024-58270-w,2026-08-16
09收尾,paper,project archive records close phase,title_abstract_not_on_topic,10.3390/heritage7020037,2026-08-16
09收尾,paper,project archive records close phase,title_abstract_not_on_topic,10.36680/j.itcon.2024.008,2026-08-16
09收尾,paper,project archive records close phase,title_abstract_not_on_topic,10.22541/essoar.170914412.27504349/v1,2026-08-16
09收尾,paper,project archive records close phase,title_abstract_not_on_topic,10.5194/sd-32-113-2023,2026-08-16
09收尾,paper,project archive records close phase,title_abstract_not_on_topic,10.1037/bul0000409,2026-08-16
09收尾,paper,project archive records close phase,title_abstract_not_on_topic,10.1016/j.tree.2025.10.007,2026-08-16
09收尾,paper,project archive records close phase,title_abstract_not_on_topic,10.36680/j.itcon.2023.025,2026-08-16
09收尾,paper,project archive records close phase,title_abstract_not_on_topic,10.1002/alz.70237,2026-08-16
09收尾,paper,project archive records close phase,title_abstract_not_on_topic,10.1016/j.resourpol.2023.104283,2026-08-16
09收尾,paper,project archive records close phase,title_abstract_not_on_topic,10.1108/josm-12-2022-0401,2026-08-16
09收尾,paper,project archive records close phase,title_abstract_not_on_topic,10.1016/j.yhbeh.2023.105421,2026-08-16
09收尾,paper,project archive records close phase,title_abstract_not_on_topic,10.1016/j.ijproman.2025.102692,2026-08-16
09收尾,paper,project archive records close phase,title_abstract_not_on_topic,10.5194/esd-15-225-2024,2026-08-16
09收尾,paper,project archive records close phase,title_abstract_not_on_topic,10.1016/j.rse.2023.113950,2026-08-16
09收尾,paper,project archive records close phase,title_abstract_not_on_topic,10.3390/en16186610,2026-08-16
09收尾,paper,project archive records close phase,title_abstract_not_on_topic,10.1107/s205225252400455x,2026-08-16
09收尾,paper,project archive records close phase,title_abstract_not_on_topic,10.1038/s41467-025-65015-4,2026-08-16
09收尾,paper,project archive records close phase,title_abstract_not_on_topic,10.2196/53008,2026-08-16
09收尾,paper,project archive records close phase,title_abstract_not_on_topic,10.3390/educsci15081021,2026-08-16
09收尾,paper,project archive records close phase,title_abstract_not_on_topic,10.1016/j.gloplacha.2024.104411,2026-08-16
07预算,paper,COCOMO software cost estimation,title_abstract_not_on_topic,10.1016/j.ipm.2024.103778,2026-08-16
07预算,paper,COCOMO software cost estimation,title_abstract_not_on_topic,10.31577/cai_2024_5_1234,2026-08-16
07预算,paper,COCOMO software cost estimation,title_abstract_not_on_topic,10.3390/asi7030034,2026-08-16
07预算,paper,COCOMO software cost estimation,title_abstract_not_on_topic,10.52005/restikom.v5i2.144,2026-08-16
07预算,paper,COCOMO software cost estimation,title_abstract_not_on_topic,10.3390/drones8090477,2026-08-16
07预算,paper,COCOMO software cost estimation,title_abstract_not_on_topic,10.48550/arxiv.2409.09617,2026-08-16
07预算,paper,COCOMO software cost estimation,title_abstract_not_on_topic,10.1093/mnras/stae922,2026-08-16
07预算,paper,COCOMO software cost estimation,title_abstract_not_on_topic,10.3390/app152413099,2026-08-16
07预算,paper,COCOMO software cost estimation,title_abstract_not_on_topic,10.11591/ijeecs.v33.i1.pp290-302,2026-08-16
07预算,paper,COCOMO software cost estimation,title_abstract_not_on_topic,10.48550/arxiv.2406.00560,2026-08-16
07预算,paper,COCOMO software cost estimation,title_abstract_not_on_topic,10.26555/ijain.v10i1.1298,2026-08-16
07预算,paper,COCOMO software cost estimation,title_abstract_not_on_topic,10.30953/bhty.v6.286,2026-08-16
07预算,paper,COCOMO software cost estimation,title_abstract_not_on_topic,10.5539/cis.v17n1p18,2026-08-16
07预算,paper,COCOMO software cost estimation,title_abstract_not_on_topic,10.1145/3630252,2026-08-16
07预算,paper,COCOMO software cost estimation,title_abstract_not_on_topic,10.1002/smr.2612,2026-08-16
07预算,paper,COCOMO software cost estimation,title_abstract_not_on_topic,10.34028/iajit/21/2/4,2026-08-16
07预算,paper,COCOMO software cost estimation,title_abstract_not_on_topic,10.3168/jds.2024-25196,2026-08-16
07预算,paper,COCOMO software cost estimation,title_abstract_not_on_topic,10.1007/s10664-025-10690-6,2026-08-16
07预算,paper,COCOMO software cost estimation,title_abstract_not_on_topic,10.15588/1607-3274-2024-1-8,2026-08-16
07预算,paper,COCOMO software cost estimation,title_abstract_not_on_topic,10.1109/tse.2025.3534032,2026-08-16
07预算,paper,COCOMO software cost estimation,title_abstract_not_on_topic,10.1002/smr.2676,2026-08-16
07预算,paper,COCOMO software cost estimation,title_abstract_not_on_topic,10.48550/arxiv.2309.06020,2026-08-16
07预算,paper,COCOMO software cost estimation,title_abstract_not_on_topic,10.55549/epstem.1535078,2026-08-16
07预算,paper,COCOMO software cost estimation,title_abstract_not_on_topic,10.5194/gmd-17-8593-2024,2026-08-16
07预算,paper,COCOMO software cost estimation,title_abstract_not_on_topic,10.17762/ijritcc.v11i10s.7659,2026-08-16
07预算,paper,COCOMO software cost estimation,title_abstract_not_on_topic,10.14445/22315381/ijett-v71i9p216,2026-08-16
07预算,paper,COCOMO software cost estimation,title_abstract_not_on_topic,10.17762/ijritcc.v11i10s.7710,2026-08-16
07预算,paper,COCOMO software cost estimation,title_abstract_not_on_topic,10.18185/erzifbed.1581945,2026-08-16
07预算,paper,COCOMO software cost estimation,title_abstract_not_on_topic,10.34028/iajit/21/1/3,2026-08-16
07预算,paper,COCOMO software cost estimation,title_abstract_not_on_topic,10.48550/arxiv.2308.03940,2026-08-16
07预算,paper,COCOMO software cost estimation,title_abstract_not_on_topic,10.19184/isj.v8i2.41090,2026-08-16
07预算,paper,COCOMO software cost estimation,title_abstract_not_on_topic,10.3390/fractalfract9110702,2026-08-16
04计划,paper,"""design structure matrix"" dependency project",title_abstract_not_on_topic,10.1038/s41598-024-77601-5,2026-08-16
04计划,paper,"""design structure matrix"" dependency project",title_abstract_not_on_topic,10.1080/09544828.2025.2489641,2026-08-16
04计划,paper,"""design structure matrix"" dependency project",title_abstract_not_on_topic,10.3390/buildings15020280,2026-08-16
04计划,paper,"""design structure matrix"" dependency project",title_abstract_not_on_topic,10.1016/j.fusengdes.2024.114571,2026-08-16
04计划,paper,"""design structure matrix"" dependency project",title_abstract_not_on_topic,10.48550/arxiv.2311.04643,2026-08-16
04计划,paper,"""design structure matrix"" dependency project",title_abstract_not_on_topic,10.1007/s11301-024-00418-z,2026-08-16
04计划,paper,"""design structure matrix"" dependency project",title_abstract_not_on_topic,10.2139/ssrn.5239909,2026-08-16
04计划,paper,"""design structure matrix"" dependency project",title_abstract_not_on_topic,10.3390/buildings15122020,2026-08-16
04计划,paper,"""design structure matrix"" dependency project",title_abstract_not_on_topic,10.3390/buildings14010259,2026-08-16
04计划,paper,"""design structure matrix"" dependency project",title_abstract_not_on_topic,10.1002/adsr.202300113,2026-08-16
04计划,paper,"""design structure matrix"" dependency project",title_abstract_not_on_topic,10.1002/joom.1280,2026-08-16
04计划,paper,"""design structure matrix"" dependency project",title_abstract_not_on_topic,10.1146/annurev-control-061423-101708,2026-08-16
04计划,paper,"""design structure matrix"" dependency project",title_abstract_not_on_topic,10.1109/jsyst.2024.3387064,2026-08-16
04计划,paper,"""design structure matrix"" dependency project",title_abstract_not_on_topic,10.1007/s00163-023-00426-2,2026-08-16
04计划,paper,"""design structure matrix"" dependency project",title_abstract_not_on_topic,Semantic-Enhanced Automatic Refinement of Architecture Recovery Results Using LLMs,2026-08-16
04计划,paper,"""design structure matrix"" dependency project",title_abstract_not_on_topic,10.3390/aerospace11030193,2026-08-16
04计划,paper,"""design structure matrix"" dependency project",title_abstract_not_on_topic,10.1002/joom.1352,2026-08-16
04计划,paper,"""design structure matrix"" dependency project",title_abstract_not_on_topic,10.3390/en16207070,2026-08-16
04计划,paper,"""design structure matrix"" dependency project",title_abstract_not_on_topic,10.1016/j.jobe.2024.111413,2026-08-16
04计划,paper,"""design structure matrix"" dependency project",title_abstract_not_on_topic,10.1016/j.ijproman.2024.102634,2026-08-16
04计划,paper,"""design structure matrix"" dependency project",title_abstract_not_on_topic,10.1017/dsj.2024.30,2026-08-16
04计划,paper,"""design structure matrix"" dependency project",title_abstract_not_on_topic,10.1177/87569728241248033,2026-08-16
04计划,paper,"""design structure matrix"" dependency project",title_abstract_not_on_topic,10.1017/dsj.2024.5,2026-08-16
04计划,paper,"""design structure matrix"" dependency project",title_abstract_not_on_topic,10.3390/systems12010018,2026-08-16
04计划,paper,"""design structure matrix"" dependency project",title_abstract_not_on_topic,10.3390/aerospace11090702,2026-08-16
04计划,paper,"""design structure matrix"" dependency project",title_abstract_not_on_topic,10.1016/j.ymssp.2024.111459,2026-08-16
04计划,paper,"""design structure matrix"" dependency project",title_abstract_not_on_topic,10.1007/s11740-024-01307-w,2026-08-16
04计划,paper,"""design structure matrix"" dependency project",title_abstract_not_on_topic,10.21203/rs.3.rs-10496293/v1,2026-08-16
04计划,paper,"""design structure matrix"" dependency project",title_abstract_not_on_topic,10.1080/09544828.2024.2318991,2026-08-16
04计划,paper,"""design structure matrix"" dependency project",title_abstract_not_on_topic,10.3390/systems14050477,2026-08-16
04计划,paper,"""design structure matrix"" dependency project",title_abstract_not_on_topic,10.1007/s43069-025-00453-w,2026-08-16
04计划,paper,"""design structure matrix"" dependency project",title_abstract_not_on_topic,10.1007/s41469-023-00161-x,2026-08-16
04计划,paper,"""design structure matrix"" dependency project",title_abstract_not_on_topic,10.1111/risa.14253,2026-08-16
04计划,paper,"""design structure matrix"" dependency project",title_abstract_not_on_topic,10.3390/pr12010022,2026-08-16
04计划,paper,"""design structure matrix"" dependency project",title_abstract_not_on_topic,10.1007/s00163-024-00439-5,2026-08-16
04计划,paper,"""design structure matrix"" dependency project",title_abstract_not_on_topic,10.1007/s00603-025-04744-w,2026-08-16
04计划,paper,"""design structure matrix"" dependency project",title_abstract_not_on_topic,10.56042/jsir.v82i12.289,2026-08-16
04计划,paper,"""design structure matrix"" dependency project",title_abstract_not_on_topic,10.1007/s11740-023-01248-w,2026-08-16
04计划,paper,"""design structure matrix"" dependency project",title_abstract_not_on_topic,10.23977/jemm.2025.100205,2026-08-16
04计划,paper,"""design structure matrix"" dependency project",title_abstract_not_on_topic,10.1108/ecam-07-2022-0669,2026-08-16
04计划,paper,"""design structure matrix"" dependency project",title_abstract_not_on_topic,10.1017/dsj.2024.21,2026-08-16
04计划,paper,"""design structure matrix"" dependency project",title_abstract_not_on_topic,10.1002/sys.21772,2026-08-16
04计划,paper,"""design structure matrix"" dependency project",title_abstract_not_on_topic,10.5194/wes-10-695-2025,2026-08-16
04计划,paper,"""design structure matrix"" dependency project",title_abstract_not_on_topic,10.3390/math12111745,2026-08-16
04计划,paper,"""design structure matrix"" dependency project",title_abstract_not_on_topic,10.3390/su151914422,2026-08-16
04计划,paper,"""design structure matrix"" dependency project",title_abstract_not_on_topic,10.1016/j.clscn.2023.100123,2026-08-16
04计划,paper,"""design structure matrix"" dependency project",title_abstract_not_on_topic,10.3390/aerospace12050389,2026-08-16
04计划,paper,"""design structure matrix"" dependency project",title_abstract_not_on_topic,10.1093/jcde/qwae112,2026-08-16
04计划,paper,"""design structure matrix"" dependency project",title_abstract_not_on_topic,10.22581/muet1982.3202,2026-08-16
04计划,paper,"""design structure matrix"" dependency project",title_abstract_not_on_topic,10.3390/app15041998,2026-08-16
04计划,paper,"""design structure matrix"" dependency project",title_abstract_not_on_topic,10.7717/peerj-cs.1597,2026-08-16
04计划,paper,"""design structure matrix"" dependency project",title_abstract_not_on_topic,10.1080/09544828.2023.2273248,2026-08-16
04计划,paper,"""design structure matrix"" dependency project",title_abstract_not_on_topic,10.1017/dsj.2024.48,2026-08-16
04计划,paper,"""design structure matrix"" dependency project",title_abstract_not_on_topic,10.31026/j.eng.2023.08.06,2026-08-16
04计划,paper,"""design structure matrix"" dependency project",title_abstract_not_on_topic,10.3390/su16156385,2026-08-16
04计划,paper,"""design structure matrix"" dependency project",title_abstract_not_on_topic,10.3390/buildings14092921,2026-08-16
04计划,paper,"""design structure matrix"" dependency project",title_abstract_not_on_topic,10.1007/s10626-024-00403-4,2026-08-16
04计划,paper,"""design structure matrix"" dependency project",title_abstract_not_on_topic,10.3390/jcs8030109,2026-08-16
04计划,paper,"""design structure matrix"" dependency project",title_abstract_not_on_topic,10.1017/dsj.2025.9,2026-08-16
04计划,paper,"""design structure matrix"" dependency project",title_abstract_not_on_topic,10.1016/j.eswa.2025.130172,2026-08-16
04计划,paper,"""design structure matrix"" dependency project",title_abstract_not_on_topic,10.1016/j.mechatronics.2024.103236,2026-08-16
04计划,paper,"""design structure matrix"" dependency project",title_abstract_not_on_topic,10.5194/wes-9-2283-2024,2026-08-16
04计划,paper,"""design structure matrix"" dependency project",title_abstract_not_on_topic,10.1109/tem.2024.3463179,2026-08-16
02需求,paper,"""requirements ambiguity"" specification quality",title_abstract_not_on_topic,10.1145/3672359.3672364,2026-08-16
02需求,paper,"""requirements ambiguity"" specification quality",title_abstract_not_on_topic,10.1016/j.jss.2024.112180,2026-08-16
02需求,paper,"""requirements ambiguity"" specification quality",title_abstract_not_on_topic,10.3390/systems13080650,2026-08-16
02需求,paper,"""requirements ambiguity"" specification quality",title_abstract_not_on_topic,10.3389/fmed.2024.1415319,2026-08-16
02需求,paper,"""requirements ambiguity"" specification quality",title_abstract_not_on_topic,10.30537/sjcms.v7i1.1249,2026-08-16
02需求,paper,"""requirements ambiguity"" specification quality",title_abstract_not_on_topic,10.31234/osf.io/49zpg,2026-08-16
02需求,paper,"""requirements ambiguity"" specification quality",title_abstract_not_on_topic,10.34218/ijrcait_07_02_183,2026-08-16
02需求,paper,"""requirements ambiguity"" specification quality",title_abstract_not_on_topic,10.33545/26633582.2025.v7.i2d.266,2026-08-16
02需求,paper,"""requirements ambiguity"" specification quality",title_abstract_not_on_topic,10.38124/ijisrt/26feb900,2026-08-16
02需求,paper,"""requirements ambiguity"" specification quality",title_abstract_not_on_topic,10.47191/etj/v8i8.04,2026-08-16
02需求,paper,"""requirements ambiguity"" specification quality",title_abstract_not_on_topic,Clarify Before Executing: A Self-Evolving Agent for Resolving Intent Asymmetry in 3D Tool Orchestration,2026-08-16
02需求,paper,"""requirements ambiguity"" specification quality",title_abstract_not_on_topic,10.38124/ijisrt/26may044,2026-08-16
02需求,paper,"""requirements ambiguity"" specification quality",title_abstract_not_on_topic,10.31026/j.eng.2026.03.03,2026-08-16
02需求,paper,"""requirements ambiguity"" specification quality",title_abstract_not_on_topic,10.58947/journal.abkx42,2026-08-16
02需求,paper,"""requirements ambiguity"" specification quality",title_abstract_not_on_topic,10.28991/cej-2026-012-05-012,2026-08-16
02需求,paper,"""requirements ambiguity"" specification quality",title_abstract_not_on_topic,10.58491/2735-4202.3434,2026-08-16
02需求,paper,"""requirements ambiguity"" specification quality",title_abstract_not_on_topic,10.21203/rs.3.rs-9892855/v1,2026-08-16
02需求,paper,"""requirements ambiguity"" specification quality",title_abstract_not_on_topic,10.1145/3774904.3792893,2026-08-16
02需求,paper,"""requirements ambiguity"" specification quality",title_abstract_not_on_topic,"""AI Watermarking"": Bridging Policy Discourse and Technical Capabilities",2026-08-16
02需求,paper,"""requirements ambiguity"" specification quality",title_abstract_not_on_topic,On AI Safety and Security Technical Debt in Engineering AI-Enabled Systems,2026-08-16
07预算,paper,"""agile effort estimation"" planning poker",title_abstract_not_on_topic,10.51764/smutgd.1768788,2026-08-16
07预算,paper,"""agile effort estimation"" planning poker",title_abstract_not_on_topic,Story Point Estimation Using Large Language Models,2026-08-16
07预算,paper,"""agile effort estimation"" planning poker",title_abstract_not_on_topic,10.1007/s10515-026-00633-w,2026-08-16
07预算,paper,"""agile effort estimation"" planning poker",title_abstract_not_on_topic,From perception to performance,2026-08-16
06交付,paper,"""configuration management"" software release checklist",title_abstract_not_on_topic,10.1080/23311916.2023.2251758,2026-08-16
06交付,paper,"""configuration management"" software release checklist",title_abstract_not_on_topic,10.1016/j.jss.2024.112063,2026-08-16
06交付,paper,"""configuration management"" software release checklist",title_abstract_not_on_topic,10.1145/3736751,2026-08-16
06交付,paper,"""configuration management"" software release checklist",title_abstract_not_on_topic,10.3390/jmse12060919,2026-08-16
06交付,paper,"""configuration management"" software release checklist",title_abstract_not_on_topic,10.3390/fi15090282,2026-08-16
06交付,paper,"""configuration management"" software release checklist",title_abstract_not_on_topic,10.3389/fcomp.2025.1714197,2026-08-16
06交付,paper,"""configuration management"" software release checklist",title_abstract_not_on_topic,10.1109/access.2024.3387730,2026-08-16
06交付,paper,"""configuration management"" software release checklist",title_abstract_not_on_topic,10.13052/jicts2245-800x.1215,2026-08-16
06交付,paper,"""configuration management"" software release checklist",title_abstract_not_on_topic,10.1016/j.procir.2024.04.019,2026-08-16
06交付,paper,"""configuration management"" software release checklist",title_abstract_not_on_topic,10.1155/2024/9962691,2026-08-16
06交付,paper,"""configuration management"" software release checklist",title_abstract_not_on_topic,10.62225/2583049x.2023.3.6.5416,2026-08-16
06交付,paper,"""configuration management"" software release checklist",title_abstract_not_on_topic,10.59141/jist.v5i4.1001,2026-08-16
06交付,paper,"""configuration management"" software release checklist",title_abstract_not_on_topic,10.64751/ijdim.2026.v5i1.297,2026-08-16
06交付,paper,"""configuration management"" software release checklist",title_abstract_not_on_topic,10.3390/technologies13120583,2026-08-16
06交付,paper,"""configuration management"" software release checklist",title_abstract_not_on_topic,10.1007/s10922-026-10041-w,2026-08-16
06交付,paper,"""configuration management"" software release checklist",title_abstract_not_on_topic,10.48550/arxiv.2405.12171,2026-08-16
06交付,paper,"""configuration management"" software release checklist",title_abstract_not_on_topic,10.48550/arxiv.2409.08666,2026-08-16
06交付,paper,"""configuration management"" software release checklist",title_abstract_not_on_topic,10.31224/5027,2026-08-16
06交付,paper,"""configuration management"" software release checklist",title_abstract_not_on_topic,10.48550/arxiv.2411.10890,2026-08-16
06交付,paper,"""configuration management"" software release checklist",title_abstract_not_on_topic,10.32628/shisrrj2472145,2026-08-16
06交付,paper,"""configuration management"" software release checklist",title_abstract_not_on_topic,10.51244/ijrsi.2025.12110175,2026-08-16
06交付,paper,"""configuration management"" software release checklist",title_abstract_not_on_topic,10.63158/journalisi.v8i2.1579,2026-08-16
06交付,paper,"""configuration management"" software release checklist",title_abstract_not_on_topic,10.31818/jknst.2025.9.8.3.570,2026-08-16
06交付,paper,"""configuration management"" software release checklist",title_abstract_not_on_topic,10.22159/ijpps.2025v17i11.56328,2026-08-16
06交付,paper,"""configuration management"" software release checklist",title_abstract_not_on_topic,10.14489/vkit.2023.10.pp.022-030,2026-08-16
06交付,paper,"""configuration management"" software release checklist",title_abstract_not_on_topic,10.14445/22312803/ijctt-v74i6p104,2026-08-16
06交付,paper,"""configuration management"" software release checklist",title_abstract_not_on_topic,10.64388/irev9i3-1715579,2026-08-16
06交付,paper,"""configuration management"" software release checklist",title_abstract_not_on_topic,"From Registry to Repository: How AI Agent Skills Are Written, Adapted, and Maintained",2026-08-16
06交付,paper,"""configuration management"" software release checklist",title_abstract_not_on_topic,10.24018/ejece.2024.8.2.609,2026-08-16
06交付,paper,"""configuration management"" software release checklist",title_abstract_not_on_topic,10.47191/etj/v10i11.08,2026-08-16
06交付,paper,"""configuration management"" software release checklist",title_abstract_not_on_topic,10.21203/rs.3.rs-10400858/v1,2026-08-16
06交付,paper,"""configuration management"" software release checklist",title_abstract_not_on_topic,10.30574/ijsra.2025.17.2.2962,2026-08-16
06交付,paper,"""configuration management"" software release checklist",title_abstract_not_on_topic,10.3897/jucs.147241,2026-08-16
06交付,paper,"""configuration management"" software release checklist",title_abstract_not_on_topic,10.22541/au.171261616.62991262/v1,2026-08-16
06交付,paper,"""configuration management"" software release checklist",title_abstract_not_on_topic,10.51793/os.2024.14.91.003,2026-08-16
06交付,paper,"""configuration management"" software release checklist",title_abstract_not_on_topic,10.63282/3050-9246.ijetcsit-v7i2p115,2026-08-16
06交付,paper,"""configuration management"" software release checklist",title_abstract_not_on_topic,10.5753/jis.2026.7054,2026-08-16
06交付,paper,"""configuration management"" software release checklist",title_abstract_not_on_topic,10.1007/s11219-026-09765-4,2026-08-16
06交付,paper,"""configuration management"" software release checklist",title_abstract_not_on_topic,10.62225/2583049x.2024.4.6.6243,2026-08-16
06交付,paper,"""configuration management"" software release checklist",title_abstract_not_on_topic,10.1145/3779575,2026-08-16
06交付,paper,"""configuration management"" software release checklist",title_abstract_not_on_topic,10.63282/3050-922x.ijeret-v6i2p107,2026-08-16
06交付,paper,"""configuration management"" software release checklist",title_abstract_not_on_topic,10.3390/fi18010050,2026-08-16
06交付,paper,"""configuration management"" software release checklist",title_abstract_not_on_topic,SADE: Symptom-Aware Diagnostic Escalation for LLM-Based Network Troubleshooting,2026-08-16
09收尾,paper,"""benefits realization"" project management",title_abstract_not_on_topic,10.1016/j.ijproman.2023.102538,2026-08-16
09收尾,paper,"""benefits realization"" project management",title_abstract_not_on_topic,10.2196/56125,2026-08-16
09收尾,paper,"""benefits realization"" project management",title_abstract_not_on_topic,10.1002/joom.1275,2026-08-16
09收尾,paper,"""benefits realization"" project management",title_abstract_not_on_topic,10.57125/fs.2023.12.20.02,2026-08-16
09收尾,paper,"""benefits realization"" project management",title_abstract_not_on_topic,10.33423/ajm.v23i3.6361,2026-08-16
09收尾,paper,"""benefits realization"" project management",title_abstract_not_on_topic,10.54489/ijtop.v3i2.316,2026-08-16
09收尾,paper,"""benefits realization"" project management",title_abstract_not_on_topic,10.3390/su16020753,2026-08-16
09收尾,paper,"""benefits realization"" project management",title_abstract_not_on_topic,10.1177/87569728241297899,2026-08-16
09收尾,paper,"""benefits realization"" project management",title_abstract_not_on_topic,10.1016/j.rineng.2024.102057,2026-08-16
09收尾,paper,"""benefits realization"" project management",title_abstract_not_on_topic,10.15587/1729-4061.2024.302633,2026-08-16
09收尾,paper,"""benefits realization"" project management",title_abstract_not_on_topic,10.51594/ijmer.v7i6.1941,2026-08-16
09收尾,paper,"""benefits realization"" project management",title_abstract_not_on_topic,10.1186/s43093-025-00670-z,2026-08-16
09收尾,paper,"""benefits realization"" project management",title_abstract_not_on_topic,10.20944/preprints202401.2033.v1,2026-08-16
09收尾,paper,"""benefits realization"" project management",title_abstract_not_on_topic,10.3390/buildings14020478,2026-08-16
09收尾,paper,"""benefits realization"" project management",title_abstract_not_on_topic,10.70177/jmf.v2i3.1470,2026-08-16
09收尾,paper,"""benefits realization"" project management",title_abstract_not_on_topic,10.59653/ijmars.v3i01.1234,2026-08-16
09收尾,paper,"""benefits realization"" project management",title_abstract_not_on_topic,10.1007/s43995-025-00203-3,2026-08-16
09收尾,paper,"""benefits realization"" project management",title_abstract_not_on_topic,10.5267/j.jpm.2025.2.006,2026-08-16
09收尾,paper,"""benefits realization"" project management",title_abstract_not_on_topic,10.54489/ijtop.v3i2.306,2026-08-16
09收尾,paper,"""benefits realization"" project management",title_abstract_not_on_topic,10.15446/dyna.v90n228.108642,2026-08-16
09收尾,paper,"""benefits realization"" project management",title_abstract_not_on_topic,10.1016/j.plas.2024.100123,2026-08-16
09收尾,paper,"""benefits realization"" project management",title_abstract_not_on_topic,10.12821/ijispm110301,2026-08-16
09收尾,paper,"""benefits realization"" project management",title_abstract_not_on_topic,10.3390/su151914294,2026-08-16
09收尾,paper,"""benefits realization"" project management",title_abstract_not_on_topic,10.70082/esiculture.vi.1164,2026-08-16
09收尾,paper,"""benefits realization"" project management",title_abstract_not_on_topic,10.1016/j.jclepro.2025.146001,2026-08-16
09收尾,paper,"""benefits realization"" project management",title_abstract_not_on_topic,10.12821/ijispm130403,2026-08-16
09收尾,paper,"""benefits realization"" project management",title_abstract_not_on_topic,10.1007/s11023-025-09730-3,2026-08-16
09收尾,paper,"""benefits realization"" project management",title_abstract_not_on_topic,10.59400/be.v2i1.1132,2026-08-16
09收尾,paper,"""benefits realization"" project management",title_abstract_not_on_topic,10.20944/preprints202308.1786.v2,2026-08-16
09收尾,paper,"""benefits realization"" project management",title_abstract_not_on_topic,10.1093/icesjms/fsae038,2026-08-16
09收尾,paper,"""benefits realization"" project management",title_abstract_not_on_topic,10.22266/ijies2023.1231.32,2026-08-16
09收尾,paper,"""benefits realization"" project management",title_abstract_not_on_topic,10.1177/08404704231224070,2026-08-16
09收尾,paper,"""benefits realization"" project management",title_abstract_not_on_topic,10.1080/14778238.2024.2424290,2026-08-16
09收尾,paper,"""benefits realization"" project management",title_abstract_not_on_topic,10.4018/ijaie.368255,2026-08-16
09收尾,paper,"""benefits realization"" project management",title_abstract_not_on_topic,10.31673/2415-8089.2026.012301,2026-08-16
09收尾,paper,"""benefits realization"" project management",title_abstract_not_on_topic,10.36680/j.itcon.2024.015,2026-08-16
09收尾,paper,"""benefits realization"" project management",title_abstract_not_on_topic,10.31937/si.v14i2.3223,2026-08-16
09收尾,paper,"""benefits realization"" project management",title_abstract_not_on_topic,10.5130/ajceb.v24i3.8738,2026-08-16
09收尾,paper,"""benefits realization"" project management",title_abstract_not_on_topic,10.32629/memf.v6i3.4030,2026-08-16
09收尾,paper,"""benefits realization"" project management",title_abstract_not_on_topic,10.36548/rrrj.2026.1.004,2026-08-16
09收尾,paper,"""benefits realization"" project management",title_abstract_not_on_topic,10.3232/ubr.2024.v21.n1.09,2026-08-16
09收尾,paper,"""benefits realization"" project management",title_abstract_not_on_topic,10.2139/ssrn.5217060,2026-08-16
09收尾,paper,"""benefits realization"" project management",title_abstract_not_on_topic,10.3390/buildings15111875,2026-08-16
09收尾,paper,"""benefits realization"" project management",title_abstract_not_on_topic,10.20944/preprints202308.1786.v1,2026-08-16
09收尾,paper,"""benefits realization"" project management",title_abstract_not_on_topic,10.58491/2735-4202.3092,2026-08-16
09收尾,paper,"""benefits realization"" project management",title_abstract_not_on_topic,10.1016/j.plas.2024.100164,2026-08-16
09收尾,paper,"""benefits realization"" project management",title_abstract_not_on_topic,10.18535/ijsrm/v11i08.ec05,2026-08-16
09收尾,paper,"""benefits realization"" project management",title_abstract_not_on_topic,10.2139/ssrn.5173618,2026-08-16
09收尾,paper,"""benefits realization"" project management",title_abstract_not_on_topic,10.1007/s10499-025-02212-4,2026-08-16
09收尾,paper,"""benefits realization"" project management",title_abstract_not_on_topic,10.3390/su18052367,2026-08-16
09收尾,paper,"""benefits realization"" project management",title_abstract_not_on_topic,10.3390/su18031242,2026-08-16
09收尾,paper,"""benefits realization"" project management",title_abstract_not_on_topic,10.37641/jiakes.v14i2.4820,2026-08-16
09收尾,paper,"""benefits realization"" project management",title_abstract_not_on_topic,10.2196/preprints.56125,2026-08-16
09收尾,paper,"""benefits realization"" project management",title_abstract_not_on_topic,10.3389/fdgth.2025.1600216,2026-08-16
09收尾,paper,"""benefits realization"" project management",title_abstract_not_on_topic,10.51244/ijrsi.2025.12120156,2026-08-16
09收尾,paper,"""benefits realization"" project management",title_abstract_not_on_topic,10.46745/ilma.jbs.2024.20.01.02,2026-08-16
09收尾,paper,"""benefits realization"" project management",title_abstract_not_on_topic,10.24191/myse.v11i3.3926,2026-08-16
09收尾,paper,"""benefits realization"" project management",title_abstract_not_on_topic,10.5281/zenodo.19694617,2026-08-16
09收尾,paper,"""benefits realization"" project management",title_abstract_not_on_topic,10.62381/e254902,2026-08-16
09收尾,paper,"""benefits realization"" project management",title_abstract_not_on_topic,10.11648/j.ajasr.20251103.14,2026-08-16
09收尾,paper,"""benefits realization"" project management",title_abstract_not_on_topic,10.32702/2306-6814.2025.3.57,2026-08-16
09收尾,paper,"""benefits realization"" project management",title_abstract_not_on_topic,10.32782/bses.95-37,2026-08-16
09收尾,paper,"""benefits realization"" project management",title_abstract_not_on_topic,10.71085/sss.05.01.467,2026-08-16
09收尾,paper,"""benefits realization"" project management",title_abstract_not_on_topic,10.28991/esj-2026-010-04-05,2026-08-16
09收尾,paper,"""benefits realization"" project management",title_abstract_not_on_topic,10.56889/mjgu2985,2026-08-16
09收尾,paper,"""benefits realization"" project management",title_abstract_not_on_topic,10.32782/1814-1161/2025-3-12,2026-08-16
09收尾,paper,"""benefits realization"" project management",title_abstract_not_on_topic,10.31612/2616-4868.5.2025.16,2026-08-16
09收尾,paper,"""benefits realization"" project management",title_abstract_not_on_topic,10.24191/mjoc.vo11i1.7621,2026-08-16
09收尾,paper,"""benefits realization"" project management",title_abstract_not_on_topic,10.20525/ijrbs.v14i10.4768,2026-08-16
09收尾,paper,"""benefits realization"" project management",title_abstract_not_on_topic,10.31686/ijier.vol13.iss2.4265,2026-08-16
09收尾,paper,"""benefits realization"" project management",title_abstract_not_on_topic,10.5267/j.jpm.2026.3.012,2026-08-16
08沟通,paper,"""project communication"" stakeholder engagement",title_abstract_not_on_topic,10.21203/rs.3.rs-5854305/v1,2026-08-16
08沟通,paper,"""project communication"" stakeholder engagement",title_abstract_not_on_topic,10.1016/j.envsci.2023.103652,2026-08-16
08沟通,paper,"""project communication"" stakeholder engagement",title_abstract_not_on_topic,10.2139/ssrn.4791526,2026-08-16
08沟通,paper,"""project communication"" stakeholder engagement",title_abstract_not_on_topic,10.3390/ai5010008,2026-08-16
08沟通,paper,"""project communication"" stakeholder engagement",title_abstract_not_on_topic,10.3390/su16104275,2026-08-16
08沟通,paper,"""project communication"" stakeholder engagement",title_abstract_not_on_topic,10.1017/s1537592724000409,2026-08-16
08沟通,paper,"""project communication"" stakeholder engagement",title_abstract_not_on_topic,10.1016/j.heliyon.2023.e23763,2026-08-16
04计划,paper,project milestone planning WBS empirical,title_abstract_not_on_topic,10.1016/j.heliyon.2024.e37810,2026-08-16
04计划,paper,project milestone planning WBS empirical,title_abstract_not_on_topic,10.12700/aph.21.2.2024.2.8,2026-08-16
04计划,paper,project milestone planning WBS empirical,title_abstract_not_on_topic,10.53819/81018102t4298,2026-08-16
04计划,paper,project milestone planning WBS empirical,title_abstract_not_on_topic,10.5267/j.jpm.2024.1.001,2026-08-16
04计划,paper,project milestone planning WBS empirical,title_abstract_not_on_topic,10.53819/81018102t5306,2026-08-16
04计划,paper,project milestone planning WBS empirical,title_abstract_not_on_topic,10.36676/dira.v12.i3.138,2026-08-16
04计划,paper,project milestone planning WBS empirical,title_abstract_not_on_topic,10.1016/j.plas.2024.100137,2026-08-16
04计划,paper,project milestone planning WBS empirical,title_abstract_not_on_topic,10.1080/15623599.2025.2589827,2026-08-16
04计划,paper,project milestone planning WBS empirical,title_abstract_not_on_topic,10.3390/buildings15111921,2026-08-16
04计划,paper,project milestone planning WBS empirical,title_abstract_not_on_topic,10.47191/jefms/v7-i9-02,2026-08-16
04计划,paper,project milestone planning WBS empirical,title_abstract_not_on_topic,10.17705/1cais.05415,2026-08-16
04计划,paper,project milestone planning WBS empirical,title_abstract_not_on_topic,10.3390/educsci16010105,2026-08-16
04计划,paper,project milestone planning WBS empirical,title_abstract_not_on_topic,10.24191/esteem.v20iseptember.1839.g1827,2026-08-16
04计划,paper,project milestone planning WBS empirical,title_abstract_not_on_topic,10.56734/ijbms.v5n2a5,2026-08-16
04计划,paper,project milestone planning WBS empirical,title_abstract_not_on_topic,10.47852/bonviewjcbar52024236,2026-08-16
04计划,paper,project milestone planning WBS empirical,title_abstract_not_on_topic,10.62225/2583049x.2026.6.1.5645,2026-08-16
04计划,paper,project milestone planning WBS empirical,title_abstract_not_on_topic,10.7862/rz.2024.mmr.05,2026-08-16
04计划,paper,project milestone planning WBS empirical,title_abstract_not_on_topic,10.3390/app15189956,2026-08-16
04计划,paper,project milestone planning WBS empirical,title_abstract_not_on_topic,10.36680/j.itcon.2025.031,2026-08-16
04计划,paper,project milestone planning WBS empirical,title_abstract_not_on_topic,10.3390/futuretransp5040192,2026-08-16
04计划,paper,project milestone planning WBS empirical,title_abstract_not_on_topic,10.1080/17452007.2023.2282127,2026-08-16
04计划,paper,project milestone planning WBS empirical,title_abstract_not_on_topic,10.1016/j.heliyon.2024.e33873,2026-08-16
04计划,paper,project milestone planning WBS empirical,title_abstract_not_on_topic,10.1016/j.fusengdes.2024.114634,2026-08-16
04计划,paper,project milestone planning WBS empirical,title_abstract_not_on_topic,10.24271/psr.2024.188549,2026-08-16
04计划,paper,project milestone planning WBS empirical,title_abstract_not_on_topic,10.1016/j.isci.2024.109554,2026-08-16
04计划,paper,project milestone planning WBS empirical,title_abstract_not_on_topic,10.38140/as.v31i2.8196,2026-08-16
04计划,paper,project milestone planning WBS empirical,title_abstract_not_on_topic,10.55248/gengpi.5.0924.2679,2026-08-16
04计划,paper,project milestone planning WBS empirical,title_abstract_not_on_topic,10.17705/1cais.05631,2026-08-16
04计划,paper,project milestone planning WBS empirical,title_abstract_not_on_topic,10.1002/cepa.3329,2026-08-16
04计划,paper,project milestone planning WBS empirical,title_abstract_not_on_topic,10.1080/2331186x.2024.2444816,2026-08-16
04计划,paper,project milestone planning WBS empirical,title_abstract_not_on_topic,10.3390/buildings14113615,2026-08-16
04计划,paper,project milestone planning WBS empirical,title_abstract_not_on_topic,10.59188/eduvest.v6i1.52348,2026-08-16
04计划,paper,project milestone planning WBS empirical,title_abstract_not_on_topic,10.26668/businessreview/2024.v9i10.4923,2026-08-16
04计划,paper,project milestone planning WBS empirical,title_abstract_not_on_topic,10.3390/app15094682,2026-08-16
04计划,paper,project milestone planning WBS empirical,title_abstract_not_on_topic,10.21275/sr26126201943,2026-08-16
04计划,paper,project milestone planning WBS empirical,title_abstract_not_on_topic,10.70382/tijbees.v09i4.047,2026-08-16
04计划,paper,project milestone planning WBS empirical,title_abstract_not_on_topic,10.18535/ijsrm/v13i05.ec05,2026-08-16
04计划,paper,project milestone planning WBS empirical,title_abstract_not_on_topic,10.53819/81018102t2238,2026-08-16
04计划,paper,project milestone planning WBS empirical,title_abstract_not_on_topic,10.1007/s00773-025-01078-8,2026-08-16
04计划,paper,project milestone planning WBS empirical,title_abstract_not_on_topic,10.30574/ijsra.2025.15.2.1416,2026-08-16
04计划,paper,project milestone planning WBS empirical,title_abstract_not_on_topic,10.30564/fls.v7i10.10898,2026-08-16
04计划,paper,project milestone planning WBS empirical,title_abstract_not_on_topic,10.55248/gengpi.6.0825.2918,2026-08-16
04计划,paper,project milestone planning WBS empirical,title_abstract_not_on_topic,10.21275/sr24826210929,2026-08-16
04计划,paper,project milestone planning WBS empirical,title_abstract_not_on_topic,10.18552/jorma.v4i1.1132,2026-08-16
04计划,paper,project milestone planning WBS empirical,title_abstract_not_on_topic,10.52783/jisem.v10i34s.5787,2026-08-16
04计划,paper,project milestone planning WBS empirical,title_abstract_not_on_topic,10.47604/ijepm.3024,2026-08-16
04计划,paper,project milestone planning WBS empirical,title_abstract_not_on_topic,10.1080/15623599.2026.2636014,2026-08-16
04计划,paper,project milestone planning WBS empirical,title_abstract_not_on_topic,10.4314/thrb.v27i1.16,2026-08-16
04计划,paper,project milestone planning WBS empirical,title_abstract_not_on_topic,10.5281/zenodo.21254262,2026-08-16
04计划,paper,project milestone planning WBS empirical,title_abstract_not_on_topic,10.18280/mmc_d.451-410,2026-08-16
04计划,paper,project milestone planning WBS empirical,title_abstract_not_on_topic,10.51505/ijaemr.2025.1511,2026-08-16
04计划,paper,project milestone planning WBS empirical,title_abstract_not_on_topic,10.2139/ssrn.7203301,2026-08-16
04计划,paper,project milestone planning WBS empirical,title_abstract_not_on_topic,Risk assessment of international innovation projects,2026-08-16
04计划,paper,project milestone planning WBS empirical,title_abstract_not_on_topic,10.26420/jfammed.2024.1345,2026-08-16
04计划,paper,project milestone planning WBS empirical,title_abstract_not_on_topic,10.3390/systems14060722,2026-08-16
04计划,paper,project milestone planning WBS empirical,title_abstract_not_on_topic,10.20544/aisc.1.2.25.p02,2026-08-16
04计划,paper,project milestone planning WBS empirical,title_abstract_not_on_topic,10.37284/ijgg.4.1.2637,2026-08-16
04计划,paper,project milestone planning WBS empirical,title_abstract_not_on_topic,10.65062/3cnk7g49,2026-08-16
04计划,paper,project milestone planning WBS empirical,title_abstract_not_on_topic,10.33111/sedu.2026.58.138.160,2026-08-16
04计划,paper,project milestone planning WBS empirical,title_abstract_not_on_topic,10.22545/2025/00270,2026-08-16
04计划,paper,project milestone planning WBS empirical,title_abstract_not_on_topic,10.4018/ijitsa.342855,2026-08-16
04计划,paper,project milestone planning WBS empirical,title_abstract_not_on_topic,10.30534/ijacst/2026/011562026,2026-08-16
04计划,paper,project milestone planning WBS empirical,title_abstract_not_on_topic,Standardizing Preoperative Screening: A Color-Coded Triage Tool Quality Improvement Project,2026-08-16
04计划,paper,project milestone planning WBS empirical,title_abstract_not_on_topic,10.56916/ijess.v4i2.1057,2026-08-16
07预算,paper,"""reference class forecasting"" project budget contingency",title_abstract_not_on_topic,10.1080/09537287.2024.2352838,2026-08-16
07预算,paper,"""reference class forecasting"" project budget contingency",title_abstract_not_on_topic,10.1177/87569728231226226,2026-08-16
07预算,paper,"""reference class forecasting"" project budget contingency",title_abstract_not_on_topic,10.69739/jmdr.v2i2.1171,2026-08-16
07预算,paper,"""reference class forecasting"" project budget contingency",title_abstract_not_on_topic,10.1061/jmenea.meeng-5678,2026-08-16
07预算,paper,"""reference class forecasting"" project budget contingency",title_abstract_not_on_topic,10.3390/su16104081,2026-08-16
07预算,paper,"""reference class forecasting"" project budget contingency",title_abstract_not_on_topic,10.21608/erj.2024.307868.1080,2026-08-16
07预算,paper,"""reference class forecasting"" project budget contingency",title_abstract_not_on_topic,10.1080/15228053.2024.2426965,2026-08-16
07预算,paper,"""reference class forecasting"" project budget contingency",title_abstract_not_on_topic,10.2139/ssrn.7228700,2026-08-16
07预算,paper,"""reference class forecasting"" project budget contingency",title_abstract_not_on_topic,10.34117/bjdv11n9-061,2026-08-16
07预算,paper,"""reference class forecasting"" project budget contingency",title_abstract_not_on_topic,10.70248/jmie.v3i3.3671,2026-08-16
07预算,paper,"""reference class forecasting"" project budget contingency",title_abstract_not_on_topic,10.7717/peerj-cs.2195,2026-08-16
07预算,paper,"""reference class forecasting"" project budget contingency",title_abstract_not_on_topic,10.29109/gujsc.1923665,2026-08-16
07预算,paper,"""reference class forecasting"" project budget contingency",title_abstract_not_on_topic,10.51505/ijebmr.2025.9707,2026-08-16
07预算,paper,"""reference class forecasting"" project budget contingency",title_abstract_not_on_topic,10.3390/buildings16132652,2026-08-16
07预算,paper,"""reference class forecasting"" project budget contingency",title_abstract_not_on_topic,10.31223/x5cr1s,2026-08-16
02需求,paper,"""acceptance criteria"" software requirements testing",title_abstract_not_on_topic,10.1124/dmd.123.000960,2026-08-16
02需求,paper,"""acceptance criteria"" software requirements testing",title_abstract_not_on_topic,10.1016/j.forc.2024.100609,2026-08-16
02需求,paper,"""acceptance criteria"" software requirements testing",title_abstract_not_on_topic,10.1016/j.engfailanal.2024.108385,2026-08-16
09收尾,paper,project lessons learned failure knowledge management,title_abstract_not_on_topic,10.1016/j.kint.2023.09.002,2026-08-16
09收尾,paper,project lessons learned failure knowledge management,title_abstract_not_on_topic,10.1186/s12909-023-04698-z,2026-08-16
09收尾,paper,project lessons learned failure knowledge management,title_abstract_not_on_topic,10.51594/csitrj.v5i1.717,2026-08-16
09收尾,paper,project lessons learned failure knowledge management,title_abstract_not_on_topic,10.38124/ijisrt/ijisrt24feb1682,2026-08-16
09收尾,paper,project lessons learned failure knowledge management,title_abstract_not_on_topic,10.1109/comst.2024.3361991,2026-08-16
09收尾,paper,project lessons learned failure knowledge management,title_abstract_not_on_topic,10.1126/science.adl2016,2026-08-16
09收尾,paper,project lessons learned failure knowledge management,title_abstract_not_on_topic,10.1080/02684527.2023.2235795,2026-08-16
09收尾,paper,project lessons learned failure knowledge management,title_abstract_not_on_topic,10.3389/ijph.2025.1607727,2026-08-16
09收尾,paper,project lessons learned failure knowledge management,title_abstract_not_on_topic,10.1016/j.scitotenv.2024.172794,2026-08-16
09收尾,paper,project lessons learned failure knowledge management,title_abstract_not_on_topic,10.3390/su152216071,2026-08-16
09收尾,paper,project lessons learned failure knowledge management,title_abstract_not_on_topic,10.1007/s11301-024-00418-z,2026-08-16
09收尾,paper,project lessons learned failure knowledge management,title_abstract_not_on_topic,10.1016/j.heliyon.2023.e21785,2026-08-16
09收尾,paper,project lessons learned failure knowledge management,title_abstract_not_on_topic,10.3390/s23156896,2026-08-16
09收尾,paper,project lessons learned failure knowledge management,title_abstract_not_on_topic,10.5751/es-14552-290126,2026-08-16
09收尾,paper,project lessons learned failure knowledge management,title_abstract_not_on_topic,10.1177/07356331231191125,2026-08-16
09收尾,paper,project lessons learned failure knowledge management,title_abstract_not_on_topic,10.1016/j.technovation.2023.102878,2026-08-16
09收尾,paper,project lessons learned failure knowledge management,title_abstract_not_on_topic,10.1177/87569728241254095,2026-08-16
09收尾,paper,project lessons learned failure knowledge management,title_abstract_not_on_topic,10.1097/md.0000000000041279,2026-08-16
09收尾,paper,project lessons learned failure knowledge management,title_abstract_not_on_topic,10.36948/ijfmr.2023.v05i05.6223,2026-08-16
09收尾,paper,project lessons learned failure knowledge management,title_abstract_not_on_topic,10.1002/ajh.27625,2026-08-16
09收尾,paper,project lessons learned failure knowledge management,title_abstract_not_on_topic,10.62225/2583049x.2024.4.2.2550,2026-08-16
09收尾,paper,project lessons learned failure knowledge management,title_abstract_not_on_topic,10.1016/j.technovation.2023.102830,2026-08-16
09收尾,paper,project lessons learned failure knowledge management,title_abstract_not_on_topic,10.3390/app131810258,2026-08-16
09收尾,paper,project lessons learned failure knowledge management,title_abstract_not_on_topic,10.3390/buildings14113446,2026-08-16
09收尾,paper,project lessons learned failure knowledge management,title_abstract_not_on_topic,10.3389/fevo.2024.1440477,2026-08-16
09收尾,paper,project lessons learned failure knowledge management,title_abstract_not_on_topic,10.1038/s41569-024-00988-1,2026-08-16
09收尾,paper,project lessons learned failure knowledge management,title_abstract_not_on_topic,10.1038/s41467-023-44599-9,2026-08-16
09收尾,paper,project lessons learned failure knowledge management,title_abstract_not_on_topic,10.46852/0424-2513.4.2023.34,2026-08-16
09收尾,paper,project lessons learned failure knowledge management,title_abstract_not_on_topic,10.3390/buildings13122944,2026-08-16
09收尾,paper,project lessons learned failure knowledge management,title_abstract_not_on_topic,10.3390/geosciences14010020,2026-08-16
09收尾,paper,project lessons learned failure knowledge management,title_abstract_not_on_topic,10.1016/j.jik.2024.100598,2026-08-16
09收尾,paper,project lessons learned failure knowledge management,title_abstract_not_on_topic,10.3390/buildings14030680,2026-08-16
09收尾,paper,project lessons learned failure knowledge management,title_abstract_not_on_topic,10.1080/00207543.2023.2263102,2026-08-16
09收尾,paper,project lessons learned failure knowledge management,title_abstract_not_on_topic,10.1007/s13280-024-02049-w,2026-08-16
09收尾,paper,project lessons learned failure knowledge management,title_abstract_not_on_topic,10.1016/j.caeai.2024.100214,2026-08-16
09收尾,paper,project lessons learned failure knowledge management,title_abstract_not_on_topic,10.1145/3622784,2026-08-16
09收尾,paper,project lessons learned failure knowledge management,title_abstract_not_on_topic,10.51594/estj.v5i2.802,2026-08-16
09收尾,paper,project lessons learned failure knowledge management,title_abstract_not_on_topic,10.26480/gwk.01.2024.42.50,2026-08-16
09收尾,paper,project lessons learned failure knowledge management,title_abstract_not_on_topic,10.1080/13549839.2023.2249497,2026-08-16
09收尾,paper,project lessons learned failure knowledge management,title_abstract_not_on_topic,10.1002/jwmg.22584,2026-08-16
09收尾,paper,project lessons learned failure knowledge management,title_abstract_not_on_topic,10.52845/currentopinion.v4i4.318,2026-08-16
09收尾,paper,project lessons learned failure knowledge management,title_abstract_not_on_topic,10.1057/s41599-024-02876-y,2026-08-16
06交付,paper,"""requirements to test"" traceability acceptance",title_abstract_not_on_topic,10.37075/isa.2025.3.08,2026-08-16
06交付,paper,"""requirements to test"" traceability acceptance",title_abstract_not_on_topic,10.1111/jace.19828,2026-08-16
06交付,paper,"""requirements to test"" traceability acceptance",title_abstract_not_on_topic,10.3390/polym15244695,2026-08-16
06交付,paper,"""requirements to test"" traceability acceptance",title_abstract_not_on_topic,10.3390/buildings14072204,2026-08-16
06交付,paper,"""requirements to test"" traceability acceptance",title_abstract_not_on_topic,10.31219/osf.io/g35se,2026-08-16
06交付,paper,"""requirements to test"" traceability acceptance",title_abstract_not_on_topic,10.3390/su16135554,2026-08-16
06交付,paper,"""requirements to test"" traceability acceptance",title_abstract_not_on_topic,10.1145/3626314,2026-08-16
06交付,paper,"""requirements to test"" traceability acceptance",title_abstract_not_on_topic,10.1145/3616372,2026-08-16
06交付,paper,"""requirements to test"" traceability acceptance",title_abstract_not_on_topic,10.1155/er/8857513,2026-08-16
06交付,paper,"""requirements to test"" traceability acceptance",title_abstract_not_on_topic,10.1109/tiv.2024.3447916,2026-08-16
06交付,paper,"""requirements to test"" traceability acceptance",title_abstract_not_on_topic,10.3390/cleantechnol7010011,2026-08-16
06交付,paper,"""requirements to test"" traceability acceptance",title_abstract_not_on_topic,10.1007/s43441-024-00677-8,2026-08-16
06交付,paper,"""requirements to test"" traceability acceptance",title_abstract_not_on_topic,10.2166/wst.2024.384,2026-08-16
06交付,paper,"""requirements to test"" traceability acceptance",title_abstract_not_on_topic,10.31219/osf.io/x6sc2,2026-08-16
06交付,paper,"""requirements to test"" traceability acceptance",title_abstract_not_on_topic,10.3390/su151914170,2026-08-16
06交付,paper,"""requirements to test"" traceability acceptance",title_abstract_not_on_topic,10.3390/en17215399,2026-08-16
06交付,paper,"""requirements to test"" traceability acceptance",title_abstract_not_on_topic,10.21203/rs.3.rs-4014160/v1,2026-08-16
06交付,paper,"""requirements to test"" traceability acceptance",title_abstract_not_on_topic,10.1016/s2352-4642(23)00262-6,2026-08-16
06交付,paper,"""requirements to test"" traceability acceptance",title_abstract_not_on_topic,10.1080/23311916.2023.2276495,2026-08-16
06交付,paper,"""requirements to test"" traceability acceptance",title_abstract_not_on_topic,10.56975/ijrar.v12i3.319332,2026-08-16
06交付,paper,"""requirements to test"" traceability acceptance",title_abstract_not_on_topic,10.1016/j.micpro.2023.104967,2026-08-16
06交付,paper,"""requirements to test"" traceability acceptance",title_abstract_not_on_topic,10.1016/j.biotechadv.2024.108307,2026-08-16
06交付,paper,"""requirements to test"" traceability acceptance",title_abstract_not_on_topic,10.48550/arxiv.2402.13823,2026-08-16
06交付,paper,"""requirements to test"" traceability acceptance",title_abstract_not_on_topic,10.56093/ijans.v95i6.143361,2026-08-16
06交付,paper,"""requirements to test"" traceability acceptance",title_abstract_not_on_topic,10.3390/ma18061260,2026-08-16
06交付,paper,"""requirements to test"" traceability acceptance",title_abstract_not_on_topic,10.48550/arxiv.2406.07021,2026-08-16
06交付,paper,"""requirements to test"" traceability acceptance",title_abstract_not_on_topic,10.1007/s40192-024-00372-4,2026-08-16
06交付,paper,"""requirements to test"" traceability acceptance",title_abstract_not_on_topic,10.1016/j.isci.2024.111339,2026-08-16
06交付,paper,"""requirements to test"" traceability acceptance",title_abstract_not_on_topic,10.1109/access.2024.3387730,2026-08-16
06交付,paper,"""requirements to test"" traceability acceptance",title_abstract_not_on_topic,10.3390/computers13030079,2026-08-16
06交付,paper,"""requirements to test"" traceability acceptance",title_abstract_not_on_topic,10.3390/app14051731,2026-08-16
06交付,paper,"""requirements to test"" traceability acceptance",title_abstract_not_on_topic,10.3390/app14093846,2026-08-16
06交付,paper,"""requirements to test"" traceability acceptance",title_abstract_not_on_topic,10.2139/ssrn.4874852,2026-08-16
06交付,paper,"""requirements to test"" traceability acceptance",title_abstract_not_on_topic,10.3390/polym17192651,2026-08-16
06交付,paper,"""requirements to test"" traceability acceptance",title_abstract_not_on_topic,10.64751/ijdim.2026.v5i1.297,2026-08-16
06交付,paper,"""requirements to test"" traceability acceptance",title_abstract_not_on_topic,10.48175/ijarsct-14015,2026-08-16
06交付,paper,"""requirements to test"" traceability acceptance",title_abstract_not_on_topic,10.3390/app15158580,2026-08-16
08沟通,paper,"""virtual team"" communication project performance",title_abstract_not_on_topic,10.1007/s11704-024-40231-1,2026-08-16
08沟通,paper,"""virtual team"" communication project performance",title_abstract_not_on_topic,10.1016/j.cct.2024.107585,2026-08-16
08沟通,paper,"""virtual team"" communication project performance",title_abstract_not_on_topic,10.1016/j.heliyon.2023.e20356,2026-08-16
05实施控制,paper,controlled experiment product metric holdout,pdf_download_failed_or_paywall,https://doi.org/10.1016/j.heliyon.2024.e30590,2026-08-16
07预算,paper,"""analogy based estimation"" software effort",title_abstract_not_on_topic,10.22214/ijraset.2025.72810,2026-08-16
07预算,paper,"""analogy based estimation"" software effort",title_abstract_not_on_topic,10.57152/malcom.v5i3.2055,2026-08-16
07预算,paper,"""analogy based estimation"" software effort",title_abstract_not_on_topic,10.3390/jtaer19010020,2026-08-16
07预算,paper,"""analogy based estimation"" software effort",title_abstract_not_on_topic,10.52783/jes.2332,2026-08-16
07预算,paper,"""analogy based estimation"" software effort",title_abstract_not_on_topic,10.51764/smutgd.1768788,2026-08-16
07预算,paper,"""analogy based estimation"" software effort",title_abstract_not_on_topic,10.22214/ijraset.2026.81828,2026-08-16
07预算,paper,"""analogy based estimation"" software effort",title_abstract_not_on_topic,10.3390/a19050396,2026-08-16
07预算,paper,"""analogy based estimation"" software effort",title_abstract_not_on_topic,10.1371/journal.pone.0343619,2026-08-16
07预算,paper,"""analogy based estimation"" software effort",title_abstract_not_on_topic,10.48550/arxiv.2505.15741,2026-08-16
07预算,paper,"""analogy based estimation"" software effort",title_abstract_not_on_topic,10.3390/su18157698,2026-08-16
09收尾,paper,project lessons learned failure knowledge management,pdf_download_failed_or_paywall,https://doi.org/10.1016/j.geomorph.2023.108976,2026-08-16
05实施控制,paper,"""project risk management"" issue log",pdf_download_failed_or_paywall,https://www.mdpi.com/2071-1050/15/22/16071/pdf?version=1700231602,2026-08-16
02需求,paper,NaPiRE requirements engineering empirical,title_abstract_not_on_topic,10.33168/jsms.2024.0219,2026-08-16
02需求,paper,NaPiRE requirements engineering empirical,title_abstract_not_on_topic,10.25258/ijddt.16.33s.35,2026-08-16
04计划,paper,earned value schedule performance index planning,title_abstract_not_on_topic,10.3390/buildings13081964,2026-08-16
04计划,paper,earned value schedule performance index planning,title_abstract_not_on_topic,10.3390/buildings14123772,2026-08-16
04计划,paper,earned value schedule performance index planning,title_abstract_not_on_topic,10.1007/s11704-026-60308-3,2026-08-16
04计划,paper,earned value schedule performance index planning,title_abstract_not_on_topic,10.3390/su16020742,2026-08-16
04计划,paper,earned value schedule performance index planning,title_abstract_not_on_topic,10.3390/buildings14071988,2026-08-16
04计划,paper,earned value schedule performance index planning,title_abstract_not_on_topic,10.1007/s10462-023-10632-y,2026-08-16
04计划,paper,earned value schedule performance index planning,title_abstract_not_on_topic,10.1016/j.heliyon.2024.e37810,2026-08-16
04计划,paper,earned value schedule performance index planning,title_abstract_not_on_topic,10.3390/buildings14123738,2026-08-16
04计划,paper,earned value schedule performance index planning,title_abstract_not_on_topic,10.1016/j.heliyon.2024.e27662,2026-08-16
04计划,paper,earned value schedule performance index planning,title_abstract_not_on_topic,10.3390/su152215697,2026-08-16
04计划,paper,earned value schedule performance index planning,title_abstract_not_on_topic,10.1109/access.2024.3361479,2026-08-16
04计划,paper,earned value schedule performance index planning,title_abstract_not_on_topic,10.1007/s44290-025-00193-0,2026-08-16
04计划,paper,earned value schedule performance index planning,title_abstract_not_on_topic,10.1109/access.2025.3555393,2026-08-16
04计划,paper,earned value schedule performance index planning,title_abstract_not_on_topic,10.1016/j.energy.2023.129999,2026-08-16
04计划,paper,earned value schedule performance index planning,title_abstract_not_on_topic,10.1016/j.heliyon.2024.e36646,2026-08-16
04计划,paper,earned value schedule performance index planning,title_abstract_not_on_topic,10.1016/j.jebo.2023.10.027,2026-08-16
04计划,paper,earned value schedule performance index planning,title_abstract_not_on_topic,10.1109/access.2023.3344455,2026-08-16
04计划,paper,earned value schedule performance index planning,title_abstract_not_on_topic,10.51594/ijae.v5i7.548,2026-08-16
04计划,paper,earned value schedule performance index planning,title_abstract_not_on_topic,10.3390/su152215996,2026-08-16
04计划,paper,earned value schedule performance index planning,title_abstract_not_on_topic,10.1108/ijmpb-07-2023-0160,2026-08-16
04计划,paper,earned value schedule performance index planning,title_abstract_not_on_topic,10.3390/buildings14082291,2026-08-16
04计划,paper,earned value schedule performance index planning,title_abstract_not_on_topic,10.1108/ijmpb-03-2025-0068,2026-08-16
04计划,paper,earned value schedule performance index planning,title_abstract_not_on_topic,10.1016/j.cosrev.2024.100655,2026-08-16
04计划,paper,earned value schedule performance index planning,title_abstract_not_on_topic,10.2478/cee-2024-0074,2026-08-16
04计划,paper,earned value schedule performance index planning,title_abstract_not_on_topic,10.1186/s41601-023-00335-5,2026-08-16
04计划,paper,earned value schedule performance index planning,title_abstract_not_on_topic,10.1002/job.2755,2026-08-16
04计划,paper,earned value schedule performance index planning,title_abstract_not_on_topic,10.3390/su16177435,2026-08-16
04计划,paper,earned value schedule performance index planning,title_abstract_not_on_topic,10.1016/j.tre.2024.103826,2026-08-16
04计划,paper,earned value schedule performance index planning,title_abstract_not_on_topic,10.3390/info15040242,2026-08-16
04计划,paper,earned value schedule performance index planning,title_abstract_not_on_topic,10.1038/s41598-025-00265-2,2026-08-16
04计划,paper,earned value schedule performance index planning,title_abstract_not_on_topic,10.46799/ajesh.v2i12.206,2026-08-16
04计划,paper,earned value schedule performance index planning,title_abstract_not_on_topic,10.58251/ekonomi.1467784,2026-08-16
04计划,paper,earned value schedule performance index planning,title_abstract_not_on_topic,10.3389/fradi.2024.1403761,2026-08-16
04计划,paper,earned value schedule performance index planning,title_abstract_not_on_topic,10.3390/buildings14040903,2026-08-16
04计划,paper,earned value schedule performance index planning,title_abstract_not_on_topic,10.1038/s41598-024-59414-8,2026-08-16
04计划,paper,earned value schedule performance index planning,title_abstract_not_on_topic,10.1016/j.heliyon.2024.e29580,2026-08-16
04计划,paper,earned value schedule performance index planning,title_abstract_not_on_topic,10.1186/s40561-024-00361-2,2026-08-16
04计划,paper,earned value schedule performance index planning,title_abstract_not_on_topic,10.4018/ijsesd.330135,2026-08-16
04计划,paper,earned value schedule performance index planning,title_abstract_not_on_topic,10.6007/ijarbss/v14-i2/20965,2026-08-16
04计划,paper,earned value schedule performance index planning,title_abstract_not_on_topic,10.1080/19397038.2024.2405570,2026-08-16
04计划,paper,earned value schedule performance index planning,title_abstract_not_on_topic,10.1016/j.tre.2025.104019,2026-08-16
04计划,paper,earned value schedule performance index planning,title_abstract_not_on_topic,10.71609/iheid-1dts-nd19,2026-08-16
04计划,paper,earned value schedule performance index planning,title_abstract_not_on_topic,10.3390/systems11100524,2026-08-16
04计划,paper,earned value schedule performance index planning,title_abstract_not_on_topic,10.1016/j.matt.2024.01.003,2026-08-16
04计划,paper,earned value schedule performance index planning,title_abstract_not_on_topic,10.1016/j.dibe.2024.100419,2026-08-16
04计划,paper,earned value schedule performance index planning,title_abstract_not_on_topic,10.1007/s10696-024-09544-y,2026-08-16
04计划,paper,earned value schedule performance index planning,title_abstract_not_on_topic,10.1016/j.esd.2023.101305,2026-08-16
04计划,paper,earned value schedule performance index planning,title_abstract_not_on_topic,10.1080/19345747.2023.2231440,2026-08-16
04计划,paper,earned value schedule performance index planning,title_abstract_not_on_topic,10.1080/00207543.2024.2309309,2026-08-16
04计划,paper,earned value schedule performance index planning,title_abstract_not_on_topic,10.58496/bjn/2025/001,2026-08-16
04计划,paper,earned value schedule performance index planning,title_abstract_not_on_topic,10.1007/s10100-023-00899-5,2026-08-16
04计划,paper,earned value schedule performance index planning,title_abstract_not_on_topic,10.1515/fhep-2024-0014,2026-08-16
04计划,paper,earned value schedule performance index planning,title_abstract_not_on_topic,10.21608/erj.2024.307868.1080,2026-08-16
04计划,paper,earned value schedule performance index planning,title_abstract_not_on_topic,10.3390/rs16091564,2026-08-16
04计划,paper,earned value schedule performance index planning,title_abstract_not_on_topic,10.1186/s40854-023-00537-8,2026-08-16
04计划,paper,earned value schedule performance index planning,title_abstract_not_on_topic,10.1080/10630732.2025.2556551,2026-08-16
04计划,paper,earned value schedule performance index planning,title_abstract_not_on_topic,10.52225/narra.v5i1.2371,2026-08-16
04计划,paper,earned value schedule performance index planning,title_abstract_not_on_topic,10.3390/admsci15010011,2026-08-16
04计划,paper,earned value schedule performance index planning,title_abstract_not_on_topic,10.1017/s0022109024000188,2026-08-16
04计划,paper,earned value schedule performance index planning,title_abstract_not_on_topic,10.1109/access.2024.3365742,2026-08-16
04计划,paper,earned value schedule performance index planning,title_abstract_not_on_topic,10.21776/ub.rekayasasipil.2023.017.03.14,2026-08-16
09收尾,paper,project lessons learned failure knowledge management,pdf_download_failed_or_paywall,https://www.annualreviews.org/doi/pdf/10.1146/annurev-publhealth-060722-031158,2026-08-16
08沟通,paper,"""media richness"" project communication",title_abstract_not_on_topic,10.1146/annurev-orgpsych-091922-015852,2026-08-16
08沟通,paper,"""media richness"" project communication",title_abstract_not_on_topic,10.1108/sjme-03-2023-0052,2026-08-16
08沟通,paper,"""media richness"" project communication",title_abstract_not_on_topic,10.1080/1359432x.2023.2250079,2026-08-16
08沟通,paper,"""media richness"" project communication",title_abstract_not_on_topic,10.1057/s41599-023-02221-9,2026-08-16
08沟通,paper,"""media richness"" project communication",title_abstract_not_on_topic,10.1002/mar.22129,2026-08-16
08沟通,paper,"""media richness"" project communication",title_abstract_not_on_topic,10.1007/s11846-023-00694-1,2026-08-16
08沟通,paper,"""media richness"" project communication",title_abstract_not_on_topic,10.1186/s40537-024-00877-x,2026-08-16
08沟通,paper,"""media richness"" project communication",title_abstract_not_on_topic,10.1016/j.heliyon.2024.e35029,2026-08-16
08沟通,paper,"""media richness"" project communication",title_abstract_not_on_topic,10.1002/mar.22143,2026-08-16
08沟通,paper,"""media richness"" project communication",title_abstract_not_on_topic,10.1016/j.giq.2024.101931,2026-08-16
08沟通,paper,"""media richness"" project communication",title_abstract_not_on_topic,10.1080/13683500.2024.2330675,2026-08-16
08沟通,paper,"""media richness"" project communication",title_abstract_not_on_topic,10.1057/s41599-025-04380-3,2026-08-16
08沟通,paper,"""media richness"" project communication",title_abstract_not_on_topic,10.1016/j.chb.2023.108104,2026-08-16
08沟通,paper,"""media richness"" project communication",title_abstract_not_on_topic,10.1371/journal.pone.0302437,2026-08-16
08沟通,paper,"""media richness"" project communication",title_abstract_not_on_topic,10.1007/s10869-024-09947-6,2026-08-16
08沟通,paper,"""media richness"" project communication",title_abstract_not_on_topic,10.1016/j.chb.2023.108103,2026-08-16
06交付,paper,"""stage-gate"" new product development review",title_abstract_not_on_topic,10.1016/j.jbusres.2024.114542,2026-08-16
06交付,paper,"""stage-gate"" new product development review",title_abstract_not_on_topic,10.3390/su17094155,2026-08-16
06交付,paper,"""stage-gate"" new product development review",title_abstract_not_on_topic,10.1111/radm.12687,2026-08-16
06交付,paper,"""stage-gate"" new product development review",title_abstract_not_on_topic,10.1002/aenm.202404036,2026-08-16
06交付,paper,"""stage-gate"" new product development review",title_abstract_not_on_topic,10.1016/j.ijis.2024.10.001,2026-08-16
06交付,paper,"""stage-gate"" new product development review",title_abstract_not_on_topic,10.1007/s13132-024-02095-5,2026-08-16
06交付,paper,"""stage-gate"" new product development review",title_abstract_not_on_topic,10.18845/te.v18i2.7137,2026-08-16
06交付,paper,"""stage-gate"" new product development review",title_abstract_not_on_topic,10.1111/jiec.13464,2026-08-16
06交付,paper,"""stage-gate"" new product development review",title_abstract_not_on_topic,10.1002/adsu.202500208,2026-08-16
06交付,paper,"""stage-gate"" new product development review",title_abstract_not_on_topic,10.20944/preprints202409.1658.v1,2026-08-16
06交付,paper,"""stage-gate"" new product development review",title_abstract_not_on_topic,A Systematic Literature Review on the Use of Artificial Intelligence in New Product Development,2026-08-16
06交付,paper,"""stage-gate"" new product development review",title_abstract_not_on_topic,10.3390/su151813369,2026-08-16
06交付,paper,"""stage-gate"" new product development review",title_abstract_not_on_topic,10.3390/sym18020241,2026-08-16
06交付,paper,"""stage-gate"" new product development review",title_abstract_not_on_topic,10.1007/s11831-026-10606-7,2026-08-16
06交付,paper,"""stage-gate"" new product development review",title_abstract_not_on_topic,10.48550/arxiv.2308.04302,2026-08-16
06交付,paper,"""stage-gate"" new product development review",title_abstract_not_on_topic,10.1186/s12929-023-00976-6,2026-08-16
06交付,paper,"""stage-gate"" new product development review",title_abstract_not_on_topic,10.1177/87569728241254095,2026-08-16
06交付,paper,"""stage-gate"" new product development review",title_abstract_not_on_topic,10.1007/s11846-024-00745-1,2026-08-16
06交付,paper,"""stage-gate"" new product development review",title_abstract_not_on_topic,10.1016/j.cogsc.2023.100876,2026-08-16
06交付,paper,"""stage-gate"" new product development review",title_abstract_not_on_topic,10.1016/j.technovation.2024.103017,2026-08-16
06交付,paper,"""stage-gate"" new product development review",title_abstract_not_on_topic,10.1111/jpim.12754,2026-08-16
06交付,paper,"""stage-gate"" new product development review",title_abstract_not_on_topic,10.1016/j.technovation.2023.102881,2026-08-16
06交付,paper,"""stage-gate"" new product development review",title_abstract_not_on_topic,10.1108/ejim-01-2023-0081,2026-08-16
06交付,paper,"""stage-gate"" new product development review",title_abstract_not_on_topic,10.1108/josm-12-2022-0401,2026-08-16
06交付,paper,"""stage-gate"" new product development review",title_abstract_not_on_topic,10.36227/techrxiv.170956742.29245899/v1,2026-08-16
06交付,paper,"""stage-gate"" new product development review",title_abstract_not_on_topic,10.1002/bse.3527,2026-08-16
06交付,paper,"""stage-gate"" new product development review",title_abstract_not_on_topic,10.1016/j.jbusres.2023.114177,2026-08-16
06交付,paper,"""stage-gate"" new product development review",title_abstract_not_on_topic,10.1002/hrm.22211,2026-08-16
06交付,paper,"""stage-gate"" new product development review",title_abstract_not_on_topic,10.3390/systems13080625,2026-08-16
06交付,paper,"""stage-gate"" new product development review",title_abstract_not_on_topic,10.1016/j.bushor.2024.04.003,2026-08-16
06交付,paper,"""stage-gate"" new product development review",title_abstract_not_on_topic,10.1080/09537287.2024.2349231,2026-08-16
06交付,paper,"""stage-gate"" new product development review",title_abstract_not_on_topic,10.1080/13662716.2023.2271853,2026-08-16
06交付,paper,"""stage-gate"" new product development review",title_abstract_not_on_topic,10.32782/health-2025.2.31,2026-08-16
06交付,paper,"""stage-gate"" new product development review",title_abstract_not_on_topic,10.1080/0267257x.2024.2436096,2026-08-16
06交付,paper,"""stage-gate"" new product development review",title_abstract_not_on_topic,10.2478/mdke-2024-0025,2026-08-16
06交付,paper,"""stage-gate"" new product development review",title_abstract_not_on_topic,10.1016/s1473-3099(23)00294-3,2026-08-16
06交付,paper,"""stage-gate"" new product development review",title_abstract_not_on_topic,10.1371/journal.pone.0296980,2026-08-16
06交付,paper,"""stage-gate"" new product development review",title_abstract_not_on_topic,10.1145/3617169,2026-08-16
06交付,paper,"""stage-gate"" new product development review",title_abstract_not_on_topic,10.3390/admsci14020038,2026-08-16
06交付,paper,"""stage-gate"" new product development review",title_abstract_not_on_topic,10.1177/87569728241278661,2026-08-16
06交付,paper,"""stage-gate"" new product development review",title_abstract_not_on_topic,10.1002/sej.1490,2026-08-16
06交付,paper,"""stage-gate"" new product development review",title_abstract_not_on_topic,10.3390/info15100592,2026-08-16
06交付,paper,"""stage-gate"" new product development review",title_abstract_not_on_topic,10.5937/skolbiz2-52113,2026-08-16
06交付,paper,"""stage-gate"" new product development review",title_abstract_not_on_topic,10.35940/ijmh.c1850.12031125,2026-08-16
06交付,paper,"""stage-gate"" new product development review",title_abstract_not_on_topic,10.66393/xzwzk976,2026-08-16
06交付,paper,"""stage-gate"" new product development review",title_abstract_not_on_topic,10.21511/kpm.08(2).2024.03,2026-08-16
06交付,paper,"""stage-gate"" new product development review",title_abstract_not_on_topic,10.1016/j.respol.2023.104937,2026-08-16
07预算,paper,project cost contingency reserve risk,title_abstract_not_on_topic,10.1057/s41599-024-03180-5,2026-08-16
07预算,paper,project cost contingency reserve risk,title_abstract_not_on_topic,10.1186/s43093-024-00309-5,2026-08-16
07预算,paper,project cost contingency reserve risk,title_abstract_not_on_topic,10.1007/s44290-024-00158-9,2026-08-16
07预算,paper,project cost contingency reserve risk,title_abstract_not_on_topic,10.1016/j.envsci.2024.103705,2026-08-16
07预算,paper,project cost contingency reserve risk,title_abstract_not_on_topic,10.1016/j.heliyon.2024.e31709,2026-08-16
07预算,paper,project cost contingency reserve risk,title_abstract_not_on_topic,10.3390/buildings14020391,2026-08-16
07预算,paper,project cost contingency reserve risk,title_abstract_not_on_topic,10.1002/fes3.534,2026-08-16
07预算,paper,project cost contingency reserve risk,title_abstract_not_on_topic,10.5089/9798400254550.001,2026-08-16
07预算,paper,project cost contingency reserve risk,title_abstract_not_on_topic,10.1007/s00187-024-00370-9,2026-08-16
07预算,paper,project cost contingency reserve risk,title_abstract_not_on_topic,10.1016/j.oneear.2024.04.014,2026-08-16
07预算,paper,project cost contingency reserve risk,title_abstract_not_on_topic,10.1108/sasbe-10-2024-0419,2026-08-16
07预算,paper,project cost contingency reserve risk,title_abstract_not_on_topic,10.3390/su17094200,2026-08-16
07预算,paper,project cost contingency reserve risk,title_abstract_not_on_topic,10.3390/jrfm18010038,2026-08-16
07预算,paper,project cost contingency reserve risk,title_abstract_not_on_topic,10.3390/buildings15203806,2026-08-16
07预算,paper,project cost contingency reserve risk,title_abstract_not_on_topic,10.1111/jori.12504,2026-08-16
07预算,paper,project cost contingency reserve risk,title_abstract_not_on_topic,10.2478/emj-2023-0031,2026-08-16
07预算,paper,project cost contingency reserve risk,title_abstract_not_on_topic,10.1007/s13563-024-00467-6,2026-08-16
07预算,paper,project cost contingency reserve risk,title_abstract_not_on_topic,10.3390/app142412042,2026-08-16
07预算,paper,project cost contingency reserve risk,title_abstract_not_on_topic,10.1007/s11069-024-06448-w,2026-08-16
07预算,paper,project cost contingency reserve risk,title_abstract_not_on_topic,10.1016/j.simpat.2024.102924,2026-08-16
07预算,paper,project cost contingency reserve risk,title_abstract_not_on_topic,10.3389/fenrg.2024.1459830,2026-08-16
07预算,paper,project cost contingency reserve risk,title_abstract_not_on_topic,10.31181/jscda21202440,2026-08-16
07预算,paper,project cost contingency reserve risk,title_abstract_not_on_topic,10.1016/j.resp.2023.104151,2026-08-16
07预算,paper,project cost contingency reserve risk,title_abstract_not_on_topic,10.1108/md-05-2024-0975,2026-08-16
07预算,paper,project cost contingency reserve risk,title_abstract_not_on_topic,10.3390/jmse12040679,2026-08-16
07预算,paper,project cost contingency reserve risk,title_abstract_not_on_topic,10.1080/00051144.2024.2372747,2026-08-16
07预算,paper,project cost contingency reserve risk,title_abstract_not_on_topic,10.3390/en17020512,2026-08-16
07预算,paper,project cost contingency reserve risk,title_abstract_not_on_topic,10.3390/fuels6020042,2026-08-16
07预算,paper,project cost contingency reserve risk,title_abstract_not_on_topic,10.3390/ijfs13020049,2026-08-16
07预算,paper,project cost contingency reserve risk,title_abstract_not_on_topic,10.1002/csr.2852,2026-08-16
07预算,paper,project cost contingency reserve risk,title_abstract_not_on_topic,10.1016/j.oceaneng.2024.119078,2026-08-16
07预算,paper,project cost contingency reserve risk,title_abstract_not_on_topic,10.1007/s10113-023-02174-4,2026-08-16
07预算,paper,project cost contingency reserve risk,title_abstract_not_on_topic,10.1007/s13369-025-09999-7,2026-08-16
07预算,paper,project cost contingency reserve risk,title_abstract_not_on_topic,10.1038/s44168-025-00281-y,2026-08-16
07预算,paper,project cost contingency reserve risk,title_abstract_not_on_topic,10.1038/s44168-025-00231-8,2026-08-16
07预算,paper,project cost contingency reserve risk,title_abstract_not_on_topic,10.52783/jes.1887,2026-08-16
07预算,paper,project cost contingency reserve risk,title_abstract_not_on_topic,10.1007/s10479-026-07252-4,2026-08-16
07预算,paper,project cost contingency reserve risk,title_abstract_not_on_topic,10.3846/jcem.2023.19517,2026-08-16
07预算,paper,project cost contingency reserve risk,title_abstract_not_on_topic,10.1016/j.ijcip.2024.100703,2026-08-16
07预算,paper,project cost contingency reserve risk,title_abstract_not_on_topic,10.1002/tjo3.70006,2026-08-16
07预算,paper,project cost contingency reserve risk,title_abstract_not_on_topic,10.32628/ijsrst5231103,2026-08-16
07预算,paper,project cost contingency reserve risk,title_abstract_not_on_topic,10.1002/met.70043,2026-08-16
07预算,paper,project cost contingency reserve risk,title_abstract_not_on_topic,10.26668/businessreview/2023.v8i8.3394,2026-08-16
07预算,paper,project cost contingency reserve risk,title_abstract_not_on_topic,10.1111/raq.70037,2026-08-16
07预算,paper,project cost contingency reserve risk,title_abstract_not_on_topic,10.1080/13501763.2024.2317969,2026-08-16
07预算,paper,project cost contingency reserve risk,title_abstract_not_on_topic,10.23939/jtbp2023.02.077,2026-08-16
07预算,paper,project cost contingency reserve risk,title_abstract_not_on_topic,10.35808/ersj/3503,2026-08-16
07预算,paper,project cost contingency reserve risk,title_abstract_not_on_topic,10.55643/fcaptp.6.53.2023.4219,2026-08-16
07预算,paper,project cost contingency reserve risk,title_abstract_not_on_topic,10.3390/su16135712,2026-08-16
07预算,paper,project cost contingency reserve risk,title_abstract_not_on_topic,10.3390/su151511808,2026-08-16
07预算,paper,project cost contingency reserve risk,title_abstract_not_on_topic,10.15640/jsspi.v12p3,2026-08-16
07预算,paper,project cost contingency reserve risk,title_abstract_not_on_topic,10.1016/j.egyr.2023.09.049,2026-08-16
07预算,paper,project cost contingency reserve risk,title_abstract_not_on_topic,10.1002/rem.70005,2026-08-16
07预算,paper,project cost contingency reserve risk,title_abstract_not_on_topic,10.15587/2706-5448.2026.352430,2026-08-16
07预算,paper,project cost contingency reserve risk,title_abstract_not_on_topic,10.3390/risks12040072,2026-08-16
07预算,paper,project cost contingency reserve risk,title_abstract_not_on_topic,10.24294/jipd10928,2026-08-16
07预算,paper,project cost contingency reserve risk,title_abstract_not_on_topic,10.1080/09537287.2024.2433479,2026-08-16
07预算,paper,project cost contingency reserve risk,title_abstract_not_on_topic,10.59670/ml.v20is13.6266,2026-08-16
07预算,paper,project cost contingency reserve risk,title_abstract_not_on_topic,10.1016/j.energy.2025.135482,2026-08-16
07预算,paper,project cost contingency reserve risk,title_abstract_not_on_topic,10.1155/2023/8129256,2026-08-16
07预算,paper,project cost contingency reserve risk,title_abstract_not_on_topic,10.32734/ijau.v7i2.13510,2026-08-16
04计划,paper,project schedule contingency buffer,title_abstract_not_on_topic,10.51594/estj.v5i3.959,2026-08-16
04计划,paper,project schedule contingency buffer,title_abstract_not_on_topic,10.1108/ijopm-05-2023-0346,2026-08-16
04计划,paper,project schedule contingency buffer,title_abstract_not_on_topic,10.1007/s12063-024-00532-x,2026-08-16
04计划,paper,project schedule contingency buffer,title_abstract_not_on_topic,10.1177/01492063231206107,2026-08-16
04计划,paper,project schedule contingency buffer,title_abstract_not_on_topic,10.1080/09537287.2024.2349231,2026-08-16
04计划,paper,project schedule contingency buffer,title_abstract_not_on_topic,10.3390/s24072251,2026-08-16
04计划,paper,project schedule contingency buffer,title_abstract_not_on_topic,10.14763/2024.2.1778,2026-08-16
04计划,paper,project schedule contingency buffer,title_abstract_not_on_topic,10.1080/00207543.2023.2262051,2026-08-16
04计划,paper,project schedule contingency buffer,title_abstract_not_on_topic,10.3390/app15073519,2026-08-16
04计划,paper,project schedule contingency buffer,title_abstract_not_on_topic,10.1111/radm.12781,2026-08-16
04计划,paper,project schedule contingency buffer,title_abstract_not_on_topic,10.1093/rfs/hhad093,2026-08-16
04计划,paper,project schedule contingency buffer,title_abstract_not_on_topic,10.1016/j.jclepro.2025.145891,2026-08-16
04计划,paper,project schedule contingency buffer,title_abstract_not_on_topic,10.1109/access.2024.3407672,2026-08-16
04计划,paper,project schedule contingency buffer,title_abstract_not_on_topic,10.1007/s12469-023-00322-x,2026-08-16
04计划,paper,project schedule contingency buffer,title_abstract_not_on_topic,10.1080/09537287.2024.2352838,2026-08-16
04计划,paper,project schedule contingency buffer,title_abstract_not_on_topic,10.1080/10941665.2025.2508698,2026-08-16
04计划,paper,project schedule contingency buffer,title_abstract_not_on_topic,10.1108/intr-09-2023-0832,2026-08-16
04计划,paper,project schedule contingency buffer,title_abstract_not_on_topic,10.1016/j.ijproman.2025.102675,2026-08-16
04计划,paper,project schedule contingency buffer,title_abstract_not_on_topic,10.1038/s41598-025-10512-1,2026-08-16
04计划,paper,project schedule contingency buffer,title_abstract_not_on_topic,10.3390/buildings15030474,2026-08-16
04计划,paper,project schedule contingency buffer,title_abstract_not_on_topic,10.3390/en18154119,2026-08-16
04计划,paper,project schedule contingency buffer,title_abstract_not_on_topic,10.51867/aqssr.1.4.16,2026-08-16
04计划,paper,project schedule contingency buffer,title_abstract_not_on_topic,10.1080/01605682.2026.2649385,2026-08-16
04计划,paper,project schedule contingency buffer,title_abstract_not_on_topic,10.1080/00207543.2024.2359044,2026-08-16
04计划,paper,project schedule contingency buffer,title_abstract_not_on_topic,10.3390/aerospace12110967,2026-08-16
04计划,paper,project schedule contingency buffer,title_abstract_not_on_topic,10.70777/si.v2i3.15161,2026-08-16
04计划,paper,project schedule contingency buffer,title_abstract_not_on_topic,10.1016/j.rser.2024.114797,2026-08-16
04计划,paper,project schedule contingency buffer,title_abstract_not_on_topic,10.1038/s41386-023-01778-y,2026-08-16
04计划,paper,project schedule contingency buffer,title_abstract_not_on_topic,10.1038/s41598-023-49519-x,2026-08-16
04计划,paper,project schedule contingency buffer,title_abstract_not_on_topic,10.1016/j.ijproman.2025.102737,2026-08-16
04计划,paper,project schedule contingency buffer,title_abstract_not_on_topic,10.1016/j.plas.2024.100146,2026-08-16
04计划,paper,project schedule contingency buffer,title_abstract_not_on_topic,10.3390/a16090406,2026-08-16
04计划,paper,project schedule contingency buffer,title_abstract_not_on_topic,10.1016/j.inffus.2025.103599,2026-08-16
04计划,paper,project schedule contingency buffer,title_abstract_not_on_topic,10.63125/8d96m319,2026-08-16
04计划,paper,project schedule contingency buffer,title_abstract_not_on_topic,10.31814/stce.huce2024-18(4)-11,2026-08-16
04计划,paper,project schedule contingency buffer,title_abstract_not_on_topic,10.1016/j.egyr.2023.09.049,2026-08-16
04计划,paper,project schedule contingency buffer,title_abstract_not_on_topic,10.1080/09537287.2023.2252380,2026-08-16
04计划,paper,project schedule contingency buffer,title_abstract_not_on_topic,10.18090/samriddhi.v16i04.08,2026-08-16
04计划,paper,project schedule contingency buffer,title_abstract_not_on_topic,10.4236/ojbm.2024.126189,2026-08-16
04计划,paper,project schedule contingency buffer,title_abstract_not_on_topic,10.1016/j.ijproman.2024.102563,2026-08-16
04计划,paper,project schedule contingency buffer,title_abstract_not_on_topic,10.1061/jladah.ladr-897,2026-08-16
04计划,paper,project schedule contingency buffer,title_abstract_not_on_topic,10.1016/j.heliyon.2024.e37810,2026-08-16
04计划,paper,project schedule contingency buffer,title_abstract_not_on_topic,10.54660/.ijmrge.2024.5.4.1255-1272,2026-08-16
04计划,paper,project schedule contingency buffer,title_abstract_not_on_topic,10.3390/su17094200,2026-08-16
04计划,paper,project schedule contingency buffer,title_abstract_not_on_topic,10.30574/gjeta.2024.18.3.0050,2026-08-16
04计划,paper,project schedule contingency buffer,title_abstract_not_on_topic,10.3390/su16188008,2026-08-16
04计划,paper,project schedule contingency buffer,title_abstract_not_on_topic,10.1016/j.ijepes.2024.109995,2026-08-16
04计划,paper,project schedule contingency buffer,title_abstract_not_on_topic,10.3389/fagro.2025.1697188,2026-08-16
04计划,paper,project schedule contingency buffer,title_abstract_not_on_topic,10.63329/av3nz1238,2026-08-16
04计划,paper,project schedule contingency buffer,title_abstract_not_on_topic,10.1049/rpg2.12991,2026-08-16
04计划,paper,project schedule contingency buffer,title_abstract_not_on_topic,10.1371/journal.pone.0292702,2026-08-16
04计划,paper,project schedule contingency buffer,title_abstract_not_on_topic,10.51594/csitrj.v6i8.2009,2026-08-16
04计划,paper,project schedule contingency buffer,title_abstract_not_on_topic,10.1177/01492063231215032,2026-08-16
04计划,paper,project schedule contingency buffer,title_abstract_not_on_topic,10.1002/joom.1337,2026-08-16
04计划,paper,project schedule contingency buffer,title_abstract_not_on_topic,10.1016/j.heliyon.2024.e40691,2026-08-16
04计划,paper,project schedule contingency buffer,title_abstract_not_on_topic,10.30574/ijsra.2025.14.1.0027,2026-08-16
04计划,paper,project schedule contingency buffer,title_abstract_not_on_topic,10.1108/ijopm-02-2025-0155,2026-08-16
04计划,paper,project schedule contingency buffer,title_abstract_not_on_topic,10.1016/j.isci.2024.109549,2026-08-16
04计划,paper,project schedule contingency buffer,title_abstract_not_on_topic,10.1021/acsmeasuresciau.3c00068,2026-08-16
04计划,paper,project schedule contingency buffer,title_abstract_not_on_topic,10.1080/00051144.2024.2372747,2026-08-16
04计划,paper,project schedule contingency buffer,title_abstract_not_on_topic,10.1016/j.procir.2026.01.160,2026-08-16
04计划,paper,project schedule contingency buffer,title_abstract_not_on_topic,10.3390/buildings15101585,2026-08-16
04计划,paper,project schedule contingency buffer,title_abstract_not_on_topic,10.3390/en17164148,2026-08-16
04计划,paper,project schedule contingency buffer,title_abstract_not_on_topic,10.3390/jmse11122240,2026-08-16
04计划,paper,project schedule contingency buffer,title_abstract_not_on_topic,10.3390/pr12020270,2026-08-16
04计划,paper,project schedule contingency buffer,title_abstract_not_on_topic,10.3390/buildings14072219,2026-08-16
04计划,paper,project schedule contingency buffer,title_abstract_not_on_topic,10.3389/fbuil.2025.1741095,2026-08-16
04计划,paper,project schedule contingency buffer,title_abstract_not_on_topic,10.61426/sjbcm.v11i1.2853,2026-08-16
04计划,paper,project schedule contingency buffer,title_abstract_not_on_topic,10.5267/j.jpm.2025.11.004,2026-08-16
04计划,paper,project schedule contingency buffer,title_abstract_not_on_topic,10.1371/journal.pone.0297508,2026-08-16
04计划,paper,project schedule contingency buffer,title_abstract_not_on_topic,10.1016/j.neuron.2023.10.020,2026-08-16
04计划,paper,project schedule contingency buffer,title_abstract_not_on_topic,10.1038/s41598-023-50825-7,2026-08-16
04计划,paper,project schedule contingency buffer,title_abstract_not_on_topic,10.62225/2583049x.2024.4.6.4616,2026-08-16
04计划,paper,project schedule contingency buffer,title_abstract_not_on_topic,10.31219/osf.io/x9v4u,2026-08-16
04计划,paper,project schedule contingency buffer,title_abstract_not_on_topic,10.1146/annurev-orgpsych-091922-015852,2026-08-16
04计划,paper,project schedule contingency buffer,title_abstract_not_on_topic,10.63593/fms.2788-8592.2025.07.001,2026-08-16
04计划,paper,project schedule contingency buffer,title_abstract_not_on_topic,10.55544/sjmars.3.5.11,2026-08-16
05实施控制,paper,controlled experiment product metric holdout,pdf_download_failed_or_paywall,https://doi.org/10.1016/j.chemolab.2023.105023,2026-08-16
07预算,paper,project cost contingency reserve risk,pdf_download_failed_or_paywall,https://doi.org/10.1016/j.plas.2023.100101,2026-08-16
06交付,paper,software inspection Fagan review handover,title_abstract_not_on_topic,10.1139/cjce-2022-0517,2026-08-16
06交付,paper,software inspection Fagan review handover,title_abstract_not_on_topic,10.1016/j.chbr.2026.100946,2026-08-16
06交付,paper,software inspection Fagan review handover,title_abstract_not_on_topic,10.59324/jcpmr.2025.1(3).15,2026-08-16
06交付,paper,software inspection Fagan review handover,title_abstract_not_on_topic,10.1186/s12913-026-14282-y,2026-08-16
08沟通,paper,"""stakeholder analysis"" construction project",title_abstract_not_on_topic,10.1016/j.plas.2024.100125,2026-08-16
08沟通,paper,"""stakeholder analysis"" construction project",title_abstract_not_on_topic,10.4236/ojbm.2024.124108,2026-08-16
08沟通,paper,"""stakeholder analysis"" construction project",title_abstract_not_on_topic,10.3390/su152115301,2026-08-16
08沟通,paper,"""stakeholder analysis"" construction project",title_abstract_not_on_topic,10.3390/buildings13102626,2026-08-16
08沟通,paper,"""stakeholder analysis"" construction project",title_abstract_not_on_topic,10.3390/su16219526,2026-08-16
08沟通,paper,"""stakeholder analysis"" construction project",title_abstract_not_on_topic,10.21203/rs.3.rs-3872775/v1,2026-08-16
08沟通,paper,"""stakeholder analysis"" construction project",title_abstract_not_on_topic,10.55041/ijsrem27859,2026-08-16
08沟通,paper,"""stakeholder analysis"" construction project",title_abstract_not_on_topic,10.3390/en17061293,2026-08-16
08沟通,paper,"""stakeholder analysis"" construction project",title_abstract_not_on_topic,10.36680/j.itcon.2025.031,2026-08-16
08沟通,paper,"""stakeholder analysis"" construction project",title_abstract_not_on_topic,10.3390/su16051816,2026-08-16
08沟通,paper,"""stakeholder analysis"" construction project",title_abstract_not_on_topic,10.3390/buildings15020221,2026-08-16
08沟通,paper,"""stakeholder analysis"" construction project",title_abstract_not_on_topic,10.30574/wjarr.2024.24.2.3415,2026-08-16
08沟通,paper,"""stakeholder analysis"" construction project",title_abstract_not_on_topic,10.1155/er/9322649,2026-08-16
08沟通,paper,"""stakeholder analysis"" construction project",title_abstract_not_on_topic,10.2478/amns-2024-2405,2026-08-16
08沟通,paper,"""stakeholder analysis"" construction project",title_abstract_not_on_topic,10.20944/preprints202404.2016.v1,2026-08-16
08沟通,paper,"""stakeholder analysis"" construction project",title_abstract_not_on_topic,10.22399/ijcesen.3818,2026-08-16
08沟通,paper,"""stakeholder analysis"" construction project",title_abstract_not_on_topic,10.1080/01436597.2025.2589417,2026-08-16
06交付,paper,"""customer acceptance"" project deliverable",title_abstract_not_on_topic,10.30837/itssi.2023.24.039,2026-08-16
06交付,paper,"""customer acceptance"" project deliverable",title_abstract_not_on_topic,10.1007/s44163-023-00089-x,2026-08-16
06交付,paper,"""customer acceptance"" project deliverable",title_abstract_not_on_topic,10.1016/j.techfore.2023.123044,2026-08-16
06交付,paper,"""customer acceptance"" project deliverable",title_abstract_not_on_topic,10.51594/farj.v6i3.971,2026-08-16
06交付,paper,"""customer acceptance"" project deliverable",title_abstract_not_on_topic,10.1186/s41043-024-00550-2,2026-08-16
06交付,paper,"""customer acceptance"" project deliverable",title_abstract_not_on_topic,10.1016/j.bir.2023.10.010,2026-08-16
06交付,paper,"""customer acceptance"" project deliverable",title_abstract_not_on_topic,10.1016/j.techfore.2023.122988,2026-08-16
06交付,paper,"""customer acceptance"" project deliverable",title_abstract_not_on_topic,10.1016/j.techfore.2023.123100,2026-08-16
06交付,paper,"""customer acceptance"" project deliverable",title_abstract_not_on_topic,10.1007/s11846-025-00840-x,2026-08-16
06交付,paper,"""customer acceptance"" project deliverable",title_abstract_not_on_topic,10.3390/foods13182948,2026-08-16
06交付,paper,"""customer acceptance"" project deliverable",title_abstract_not_on_topic,10.1186/s40643-023-00702-y,2026-08-16
06交付,paper,"""customer acceptance"" project deliverable",title_abstract_not_on_topic,10.1007/s11628-023-00547-7,2026-08-16
06交付,paper,"""customer acceptance"" project deliverable",title_abstract_not_on_topic,10.3390/bs15020117,2026-08-16
06交付,paper,"""customer acceptance"" project deliverable",title_abstract_not_on_topic,10.1016/j.apenergy.2024.123501,2026-08-16
06交付,paper,"""customer acceptance"" project deliverable",title_abstract_not_on_topic,10.1108/josm-09-2023-0408,2026-08-16
06交付,paper,"""customer acceptance"" project deliverable",title_abstract_not_on_topic,10.3390/futuretransp5010008,2026-08-16
06交付,paper,"""customer acceptance"" project deliverable",title_abstract_not_on_topic,10.1007/s43615-024-00377-3,2026-08-16
06交付,paper,"""customer acceptance"" project deliverable",title_abstract_not_on_topic,10.3390/su17094155,2026-08-16
06交付,paper,"""customer acceptance"" project deliverable",title_abstract_not_on_topic,10.1108/jkm-07-2023-0634,2026-08-16
06交付,paper,"""customer acceptance"" project deliverable",title_abstract_not_on_topic,10.3390/foods13050725,2026-08-16
06交付,paper,"""customer acceptance"" project deliverable",title_abstract_not_on_topic,10.1016/j.ijhm.2023.103602,2026-08-16
06交付,paper,"""customer acceptance"" project deliverable",title_abstract_not_on_topic,10.1016/j.spc.2023.11.010,2026-08-16
06交付,paper,"""customer acceptance"" project deliverable",title_abstract_not_on_topic,10.3390/en16176379,2026-08-16
06交付,paper,"""customer acceptance"" project deliverable",title_abstract_not_on_topic,10.1016/j.fbio.2024.103835,2026-08-16
06交付,paper,"""customer acceptance"" project deliverable",title_abstract_not_on_topic,10.1016/j.indmarman.2023.09.013,2026-08-16
06交付,paper,"""customer acceptance"" project deliverable",title_abstract_not_on_topic,10.1016/j.ijhm.2024.103913,2026-08-16
06交付,paper,"""customer acceptance"" project deliverable",title_abstract_not_on_topic,10.1145/3637339,2026-08-16
06交付,paper,"""customer acceptance"" project deliverable",title_abstract_not_on_topic,10.1080/10696679.2024.2322600,2026-08-16
06交付,paper,"""customer acceptance"" project deliverable",title_abstract_not_on_topic,10.1108/imr-12-2023-0339,2026-08-16
06交付,paper,"""customer acceptance"" project deliverable",title_abstract_not_on_topic,10.1007/s11301-023-00380-2,2026-08-16
06交付,paper,"""customer acceptance"" project deliverable",title_abstract_not_on_topic,10.1007/s43615-023-00338-2,2026-08-16
06交付,paper,"""customer acceptance"" project deliverable",title_abstract_not_on_topic,10.1057/s41599-025-04488-6,2026-08-16
06交付,paper,"""customer acceptance"" project deliverable",title_abstract_not_on_topic,10.12688/f1000research.160959.1,2026-08-16
06交付,paper,"""customer acceptance"" project deliverable",title_abstract_not_on_topic,10.1016/j.jrurstud.2023.103090,2026-08-16
06交付,paper,"""customer acceptance"" project deliverable",title_abstract_not_on_topic,10.3390/su16031080,2026-08-16
02需求,paper,"""requirements elicitation"" techniques empirical software",pdf_download_failed_or_paywall,https://dl.acm.org/doi/pdf/10.1145/3652154,2026-08-16
08沟通,paper,project status reporting escalation decision rights,title_abstract_not_on_topic,10.1016/s0140-6736(24)01822-1,2026-08-16
08沟通,paper,project status reporting escalation decision rights,title_abstract_not_on_topic,10.1080/13600869.2024.2324540,2026-08-16
08沟通,paper,project status reporting escalation decision rights,title_abstract_not_on_topic,10.3390/bioengineering11040337,2026-08-16
08沟通,paper,project status reporting escalation decision rights,title_abstract_not_on_topic,10.3390/atmos15010122,2026-08-16
08沟通,paper,project status reporting escalation decision rights,title_abstract_not_on_topic,10.1017/s2047102523000183,2026-08-16
08沟通,paper,project status reporting escalation decision rights,title_abstract_not_on_topic,10.1093/indlaw/dwad034,2026-08-16
08沟通,paper,project status reporting escalation decision rights,title_abstract_not_on_topic,10.3390/s23198015,2026-08-16
08沟通,paper,project status reporting escalation decision rights,title_abstract_not_on_topic,10.1016/j.jatrs.2024.100014,2026-08-16
08沟通,paper,project status reporting escalation decision rights,title_abstract_not_on_topic,10.1038/s41575-025-01153-w,2026-08-16
08沟通,paper,project status reporting escalation decision rights,title_abstract_not_on_topic,10.3389/fpubh.2024.1449707,2026-08-16
08沟通,paper,project status reporting escalation decision rights,title_abstract_not_on_topic,10.3390/su152115301,2026-08-16
08沟通,paper,project status reporting escalation decision rights,title_abstract_not_on_topic,10.1097/md.0000000000041279,2026-08-16
08沟通,paper,project status reporting escalation decision rights,title_abstract_not_on_topic,10.1038/s41573-025-01165-w,2026-08-16
08沟通,paper,project status reporting escalation decision rights,title_abstract_not_on_topic,10.1016/s0140-6736(24)00302-7,2026-08-16
08沟通,paper,project status reporting escalation decision rights,title_abstract_not_on_topic,10.1038/s41581-024-00820-6,2026-08-16
08沟通,paper,project status reporting escalation decision rights,title_abstract_not_on_topic,10.1200/jco.23.02745,2026-08-16
08沟通,paper,project status reporting escalation decision rights,title_abstract_not_on_topic,10.1016/j.gloenvcha.2024.102821,2026-08-16
08沟通,paper,project status reporting escalation decision rights,title_abstract_not_on_topic,10.1017/s2047102524000128,2026-08-16
08沟通,paper,project status reporting escalation decision rights,title_abstract_not_on_topic,10.1007/s11366-025-09918-5,2026-08-16
08沟通,paper,project status reporting escalation decision rights,title_abstract_not_on_topic,10.3389/fdata.2024.1354659,2026-08-16
08沟通,paper,project status reporting escalation decision rights,title_abstract_not_on_topic,10.4236/ajibm.2024.141001,2026-08-16
08沟通,paper,project status reporting escalation decision rights,title_abstract_not_on_topic,10.1093/isagsq/ksae051,2026-08-16
08沟通,paper,project status reporting escalation decision rights,title_abstract_not_on_topic,10.1056/nejmoa2310610,2026-08-16
08沟通,paper,project status reporting escalation decision rights,title_abstract_not_on_topic,10.1186/s12889-023-16319-x,2026-08-16
08沟通,paper,project status reporting escalation decision rights,title_abstract_not_on_topic,10.1177/00076503241254829,2026-08-16
08沟通,paper,project status reporting escalation decision rights,title_abstract_not_on_topic,10.3390/electronics12204334,2026-08-16
08沟通,paper,project status reporting escalation decision rights,title_abstract_not_on_topic,10.53955/jhcls.v4i2.222,2026-08-16
08沟通,paper,project status reporting escalation decision rights,title_abstract_not_on_topic,10.63332/joph.v5i2.490,2026-08-16
08沟通,paper,project status reporting escalation decision rights,title_abstract_not_on_topic,10.26480/aim.01.2024.32.44,2026-08-16
08沟通,paper,project status reporting escalation decision rights,title_abstract_not_on_topic,10.1111/jan.15865,2026-08-16
08沟通,paper,project status reporting escalation decision rights,title_abstract_not_on_topic,10.1080/14650045.2023.2253432,2026-08-16
08沟通,paper,project status reporting escalation decision rights,title_abstract_not_on_topic,10.1017/lsr.2024.29,2026-08-16
08沟通,paper,project status reporting escalation decision rights,title_abstract_not_on_topic,10.3390/su16051771,2026-08-16
08沟通,paper,project status reporting escalation decision rights,title_abstract_not_on_topic,10.1016/s0140-6736(25)01565-x,2026-08-16
08沟通,paper,project status reporting escalation decision rights,title_abstract_not_on_topic,10.1016/s2468-2667(24)00241-x,2026-08-16
08沟通,paper,project status reporting escalation decision rights,title_abstract_not_on_topic,10.3390/su17010071,2026-08-16
08沟通,paper,project status reporting escalation decision rights,title_abstract_not_on_topic,10.17159/1996-2096/2024/v24n2a4,2026-08-16
08沟通,paper,project status reporting escalation decision rights,title_abstract_not_on_topic,10.1016/j.plas.2023.100102,2026-08-16
08沟通,paper,project status reporting escalation decision rights,title_abstract_not_on_topic,10.1093/pnasnexus/pgae106,2026-08-16
08沟通,paper,project status reporting escalation decision rights,title_abstract_not_on_topic,10.3390/systems11090448,2026-08-16
08沟通,paper,project status reporting escalation decision rights,title_abstract_not_on_topic,10.1080/08974454.2023.2296624,2026-08-16
08沟通,paper,project status reporting escalation decision rights,title_abstract_not_on_topic,10.3390/bs15040469,2026-08-16
08沟通,paper,project status reporting escalation decision rights,title_abstract_not_on_topic,10.3390/medicina60050725,2026-08-16
08沟通,paper,project status reporting escalation decision rights,title_abstract_not_on_topic,10.1080/2331186x.2024.2329417,2026-08-16
08沟通,paper,project status reporting escalation decision rights,title_abstract_not_on_topic,10.1163/18781527-bja10119,2026-08-16
08沟通,paper,project status reporting escalation decision rights,title_abstract_not_on_topic,10.1177/10778012231199107,2026-08-16
08沟通,paper,project status reporting escalation decision rights,title_abstract_not_on_topic,10.70937/itej.v2i01.53,2026-08-16
08沟通,paper,project status reporting escalation decision rights,title_abstract_not_on_topic,10.1017/ilm.2025.1,2026-08-16
08沟通,paper,project status reporting escalation decision rights,title_abstract_not_on_topic,10.1200/edbk_438776,2026-08-16
08沟通,paper,project status reporting escalation decision rights,title_abstract_not_on_topic,10.3390/buildings14020349,2026-08-16
08沟通,paper,project status reporting escalation decision rights,title_abstract_not_on_topic,10.1371/journal.pclm.0000289,2026-08-16
08沟通,paper,project status reporting escalation decision rights,title_abstract_not_on_topic,10.1561/100.00023045,2026-08-16
08沟通,paper,project status reporting escalation decision rights,title_abstract_not_on_topic,10.1200/jco.24.01008,2026-08-16
08沟通,paper,project status reporting escalation decision rights,title_abstract_not_on_topic,10.1016/j.heliyon.2024.e24630,2026-08-16
08沟通,paper,project status reporting escalation decision rights,title_abstract_not_on_topic,10.1007/s13563-025-00517-7,2026-08-16
08沟通,paper,project status reporting escalation decision rights,title_abstract_not_on_topic,10.5897/jasd2023.0692,2026-08-16
08沟通,paper,project status reporting escalation decision rights,title_abstract_not_on_topic,10.1017/s0029665123004913,2026-08-16
08沟通,paper,project status reporting escalation decision rights,title_abstract_not_on_topic,10.3390/su151813360,2026-08-16
08沟通,paper,project status reporting escalation decision rights,title_abstract_not_on_topic,10.1371/journal.pone.0298516,2026-08-16
08沟通,paper,project status reporting escalation decision rights,title_abstract_not_on_topic,10.1017/err.2023.61,2026-08-16
08沟通,paper,project status reporting escalation decision rights,title_abstract_not_on_topic,10.1186/s12992-024-01085-1,2026-08-16
08沟通,paper,project status reporting escalation decision rights,title_abstract_not_on_topic,10.1001/jamapsychiatry.2024.4789,2026-08-16
08沟通,paper,project status reporting escalation decision rights,title_abstract_not_on_topic,10.3390/cli12020024,2026-08-16
08沟通,paper,project status reporting escalation decision rights,title_abstract_not_on_topic,10.1016/s1470-2045(24)00064-0,2026-08-16
08沟通,paper,project status reporting escalation decision rights,title_abstract_not_on_topic,10.3389/frwa.2024.1470201,2026-08-16
08沟通,paper,project status reporting escalation decision rights,title_abstract_not_on_topic,10.1080/09662839.2024.2376616,2026-08-16
08沟通,paper,project status reporting escalation decision rights,title_abstract_not_on_topic,10.1111/cobi.14349,2026-08-16
08沟通,paper,project status reporting escalation decision rights,title_abstract_not_on_topic,10.1186/s12889-023-16726-0,2026-08-16
08沟通,paper,project status reporting escalation decision rights,title_abstract_not_on_topic,10.1186/s42408-025-00393-0,2026-08-16
08沟通,paper,project status reporting escalation decision rights,title_abstract_not_on_topic,10.3390/en16186682,2026-08-16
08沟通,paper,project status reporting escalation decision rights,title_abstract_not_on_topic,10.1007/s43681-023-00359-5,2026-08-16
08沟通,paper,project status reporting escalation decision rights,title_abstract_not_on_topic,10.1186/s13031-023-00542-9,2026-08-16
08沟通,paper,project status reporting escalation decision rights,title_abstract_not_on_topic,10.1017/s0898588x25000033,2026-08-16
02需求,paper,agile requirements engineering systematic review,pdf_download_failed_or_paywall,https://doi.org/10.1016/j.compind.2024.104132,2026-08-16
06交付,paper,software release integrity checksum configuration,title_abstract_not_on_topic,10.1109/comst.2024.3430368,2026-08-16
06交付,paper,software release integrity checksum configuration,title_abstract_not_on_topic,10.1109/access.2024.3380478,2026-08-16
06交付,paper,software release integrity checksum configuration,title_abstract_not_on_topic,10.1109/jiot.2023.3332507,2026-08-16
06交付,paper,software release integrity checksum configuration,title_abstract_not_on_topic,10.48550/arxiv.2407.00246,2026-08-16
06交付,paper,software release integrity checksum configuration,title_abstract_not_on_topic,10.32604/cmc.2023.042361,2026-08-16
06交付,paper,software release integrity checksum configuration,title_abstract_not_on_topic,10.1007/s10462-024-10968-z,2026-08-16
06交付,paper,software release integrity checksum configuration,title_abstract_not_on_topic,10.30574/gscarr.2024.21.3.0487,2026-08-16
06交付,paper,software release integrity checksum configuration,title_abstract_not_on_topic,10.3390/s23177333,2026-08-16
06交付,paper,software release integrity checksum configuration,title_abstract_not_on_topic,10.1016/j.jisa.2024.103724,2026-08-16
06交付,paper,software release integrity checksum configuration,title_abstract_not_on_topic,10.58346/jowua.2024.i4.006,2026-08-16
06交付,paper,software release integrity checksum configuration,title_abstract_not_on_topic,10.1109/access.2024.3437203,2026-08-16
06交付,paper,software release integrity checksum configuration,title_abstract_not_on_topic,10.1145/3731598,2026-08-16
06交付,paper,software release integrity checksum configuration,title_abstract_not_on_topic,10.1109/tpel.2023.3342842,2026-08-16
06交付,paper,software release integrity checksum configuration,title_abstract_not_on_topic,10.20944/preprints202506.1423.v1,2026-08-16
06交付,paper,software release integrity checksum configuration,title_abstract_not_on_topic,10.1016/j.jnca.2023.103714,2026-08-16
06交付,paper,software release integrity checksum configuration,title_abstract_not_on_topic,10.2147/jmdh.s459987,2026-08-16
06交付,paper,software release integrity checksum configuration,title_abstract_not_on_topic,10.3390/jcp6040123,2026-08-16
06交付,paper,software release integrity checksum configuration,title_abstract_not_on_topic,10.3390/electronics12204314,2026-08-16
06交付,paper,software release integrity checksum configuration,title_abstract_not_on_topic,10.1038/s41598-025-18412-0,2026-08-16
06交付,paper,software release integrity checksum configuration,title_abstract_not_on_topic,10.46586/tches.v2024.i1.180-206,2026-08-16
06交付,paper,software release integrity checksum configuration,title_abstract_not_on_topic,10.1145/3685980.3685984,2026-08-16
06交付,paper,software release integrity checksum configuration,title_abstract_not_on_topic,10.48550/arxiv.2406.03820,2026-08-16
06交付,paper,software release integrity checksum configuration,title_abstract_not_on_topic,10.3390/fi17020092,2026-08-16
06交付,paper,software release integrity checksum configuration,title_abstract_not_on_topic,10.1016/j.ascom.2024.100835,2026-08-16
06交付,paper,software release integrity checksum configuration,title_abstract_not_on_topic,10.1002/mp.17502,2026-08-16
06交付,paper,software release integrity checksum configuration,title_abstract_not_on_topic,10.3390/mi15111323,2026-08-16
06交付,paper,software release integrity checksum configuration,title_abstract_not_on_topic,10.3390/computers14070250,2026-08-16
06交付,paper,software release integrity checksum configuration,title_abstract_not_on_topic,10.3390/electronics13204107,2026-08-16
06交付,paper,software release integrity checksum configuration,title_abstract_not_on_topic,10.32996/jcsts.2025.7.8.30,2026-08-16
06交付,paper,software release integrity checksum configuration,title_abstract_not_on_topic,10.64751/ijdim.2026.v5i1.297,2026-08-16
06交付,paper,software release integrity checksum configuration,title_abstract_not_on_topic,10.1145/3772366,2026-08-16
06交付,paper,software release integrity checksum configuration,title_abstract_not_on_topic,10.1177/20552076241282242,2026-08-16
06交付,paper,software release integrity checksum configuration,title_abstract_not_on_topic,10.1145/3765736,2026-08-16
06交付,paper,software release integrity checksum configuration,title_abstract_not_on_topic,10.1184/r1/6716573,2026-08-16
06交付,paper,software release integrity checksum configuration,title_abstract_not_on_topic,10.3390/app14219942,2026-08-16
06交付,paper,software release integrity checksum configuration,title_abstract_not_on_topic,10.1128/aac.00751-23,2026-08-16
06交付,paper,software release integrity checksum configuration,title_abstract_not_on_topic,10.1038/s41598-024-60791-3,2026-08-16
06交付,paper,software release integrity checksum configuration,title_abstract_not_on_topic,10.1145/3736583,2026-08-16
06交付,paper,software release integrity checksum configuration,title_abstract_not_on_topic,10.5121/ijsptm.2023.12403,2026-08-16
06交付,paper,software release integrity checksum configuration,title_abstract_not_on_topic,10.1007/s10586-024-04646-6,2026-08-16
06交付,paper,software release integrity checksum configuration,title_abstract_not_on_topic,10.48084/etasr.8422,2026-08-16
06交付,paper,software release integrity checksum configuration,title_abstract_not_on_topic,10.1016/j.jnca.2025.104257,2026-08-16
06交付,paper,software release integrity checksum configuration,title_abstract_not_on_topic,10.1145/3744749,2026-08-16
06交付,paper,software release integrity checksum configuration,title_abstract_not_on_topic,10.35940/ijitee.d9826.13040324,2026-08-16
06交付,paper,software release integrity checksum configuration,title_abstract_not_on_topic,10.32518/sals1.2025.179,2026-08-16
06交付,paper,software release integrity checksum configuration,title_abstract_not_on_topic,10.1093/gigascience/giaf038,2026-08-16
06交付,paper,software release integrity checksum configuration,title_abstract_not_on_topic,10.12688/f1000research.129720.2,2026-08-16
06交付,paper,software release integrity checksum configuration,title_abstract_not_on_topic,10.48550/arxiv.2308.03478,2026-08-16
06交付,paper,software release integrity checksum configuration,title_abstract_not_on_topic,10.3390/wevj16070364,2026-08-16
06交付,paper,software release integrity checksum configuration,title_abstract_not_on_topic,10.1145/3748728,2026-08-16
06交付,paper,software release integrity checksum configuration,title_abstract_not_on_topic,10.1038/s41598-026-35773-2,2026-08-16
09收尾,paper,"""organizational learning"" project-based organization",pdf_download_failed_or_paywall,https://dspace.lib.cranfield.ac.uk/handle/1826/21142,2026-08-16
04计划,paper,"""work breakdown structure"" project planning",pdf_download_failed_or_paywall,https://doi.org/10.1016/j.plas.2023.100101,2026-08-16
09收尾,paper,"""organizational learning"" project-based organization",pdf_download_failed_or_paywall,https://onlinelibrary.wiley.com/doi/pdfdirect/10.1002/sd.3488,2026-08-16
08沟通,paper,"""RACI"" responsibility assignment project",title_abstract_not_on_topic,10.3390/info15020110,2026-08-16
08沟通,paper,"""RACI"" responsibility assignment project",title_abstract_not_on_topic,10.1016/j.pmedr.2023.102534,2026-08-16
08沟通,paper,"""RACI"" responsibility assignment project",title_abstract_not_on_topic,10.5753/reviews.2024.3757,2026-08-16
08沟通,paper,"""RACI"" responsibility assignment project",title_abstract_not_on_topic,10.3390/electronics13173449,2026-08-16
08沟通,paper,"""RACI"" responsibility assignment project",title_abstract_not_on_topic,10.3926/jiem.6448,2026-08-16
08沟通,paper,"""RACI"" responsibility assignment project",title_abstract_not_on_topic,10.1071/ch23137,2026-08-16
08沟通,paper,"""RACI"" responsibility assignment project",title_abstract_not_on_topic,10.1080/23299460.2024.2414530,2026-08-16
08沟通,paper,"""RACI"" responsibility assignment project",title_abstract_not_on_topic,10.5334/aogh.4441,2026-08-16
08沟通,paper,"""RACI"" responsibility assignment project",title_abstract_not_on_topic,10.1016/j.radonc.2025.111168,2026-08-16
08沟通,paper,"""RACI"" responsibility assignment project",title_abstract_not_on_topic,10.3390/biology13050340,2026-08-16
08沟通,paper,"""RACI"" responsibility assignment project",title_abstract_not_on_topic,10.3390/info16110927,2026-08-16
08沟通,paper,"""RACI"" responsibility assignment project",title_abstract_not_on_topic,10.20998/2522-9052.2024.4.04,2026-08-16
08沟通,paper,"""RACI"" responsibility assignment project",title_abstract_not_on_topic,10.1007/s12599-024-00908-0,2026-08-16
08沟通,paper,"""RACI"" responsibility assignment project",title_abstract_not_on_topic,10.1007/s00216-024-05360-3,2026-08-16
08沟通,paper,"""RACI"" responsibility assignment project",title_abstract_not_on_topic,10.3390/ijms26125599,2026-08-16
08沟通,paper,"""RACI"" responsibility assignment project",title_abstract_not_on_topic,10.3390/app16052562,2026-08-16
08沟通,paper,"""RACI"" responsibility assignment project",title_abstract_not_on_topic,10.32628/ijsrssh243671,2026-08-16
08沟通,paper,"""RACI"" responsibility assignment project",title_abstract_not_on_topic,10.59888/ajosh.v2i12.394,2026-08-16
08沟通,paper,"""RACI"" responsibility assignment project",title_abstract_not_on_topic,10.22399/ijcesen.3783,2026-08-16
08沟通,paper,"""RACI"" responsibility assignment project",title_abstract_not_on_topic,10.1145/3788879,2026-08-16
08沟通,paper,"""RACI"" responsibility assignment project",title_abstract_not_on_topic,10.1186/s12888-025-07557-x,2026-08-16
08沟通,paper,"""RACI"" responsibility assignment project",title_abstract_not_on_topic,10.3390/fi17120547,2026-08-16
08沟通,paper,"""RACI"" responsibility assignment project",title_abstract_not_on_topic,10.51244/ijrsi.2025.12110175,2026-08-16
08沟通,paper,"""RACI"" responsibility assignment project",title_abstract_not_on_topic,10.3390/su18041855,2026-08-16
08沟通,paper,"""RACI"" responsibility assignment project",title_abstract_not_on_topic,10.1080/17517575.2025.2588753,2026-08-16
08沟通,paper,"""RACI"" responsibility assignment project",title_abstract_not_on_topic,10.1002/rev3.70005,2026-08-16
08沟通,paper,"""RACI"" responsibility assignment project",title_abstract_not_on_topic,10.58235/sjpa.40354,2026-08-16
08沟通,paper,"""RACI"" responsibility assignment project",title_abstract_not_on_topic,10.48550/arxiv.2308.01065,2026-08-16
08沟通,paper,"""RACI"" responsibility assignment project",title_abstract_not_on_topic,10.1016/j.fufo.2025.100847,2026-08-16
08沟通,paper,"""RACI"" responsibility assignment project",title_abstract_not_on_topic,10.3390/su18104892,2026-08-16
08沟通,paper,"""RACI"" responsibility assignment project",title_abstract_not_on_topic,10.61275/isvsej-2024-11-02-14,2026-08-16
08沟通,paper,"""RACI"" responsibility assignment project",title_abstract_not_on_topic,10.35877/454ri.qems2168,2026-08-16
08沟通,paper,"""RACI"" responsibility assignment project",title_abstract_not_on_topic,10.17116/jnevro202312312113,2026-08-16
08沟通,paper,"""RACI"" responsibility assignment project",title_abstract_not_on_topic,10.31937/si.v15i1.3475,2026-08-16
08沟通,paper,"""RACI"" responsibility assignment project",title_abstract_not_on_topic,10.38035/jemsi.v6i2.3451,2026-08-16
08沟通,paper,"""RACI"" responsibility assignment project",title_abstract_not_on_topic,10.29227/im-2025-01-14,2026-08-16
08沟通,paper,"""RACI"" responsibility assignment project",title_abstract_not_on_topic,10.24108/preprints-3115747,2026-08-16
08沟通,paper,"""RACI"" responsibility assignment project",title_abstract_not_on_topic,10.1136/bmjopen-2024-092790,2026-08-16
08沟通,paper,"""RACI"" responsibility assignment project",title_abstract_not_on_topic,10.21203/rs.3.rs-9143440/v1,2026-08-16
08沟通,paper,"""RACI"" responsibility assignment project",title_abstract_not_on_topic,10.55630/stem.2025.0710,2026-08-16
08沟通,paper,"""RACI"" responsibility assignment project",title_abstract_not_on_topic,10.36948/ijfmr.2025.v07i03.49086,2026-08-16
08沟通,paper,"""RACI"" responsibility assignment project",title_abstract_not_on_topic,10.3390/diagnostics16060949,2026-08-16
08沟通,paper,"""RACI"" responsibility assignment project",title_abstract_not_on_topic,10.1007/s43441-024-00646-1,2026-08-16
06交付,paper,"""verification and validation"" software acceptance",pdf_download_failed_or_paywall,https://ars.els-cdn.com/content/image/1-s2.0-S2666165923001825-ga1_lrg.jpg,2026-08-16
06交付,paper,"""customer acceptance"" project deliverable",pdf_download_failed_or_paywall,http://www.cell.com/article/S2405844024040404/pdf,2026-08-16
09收尾,paper,"""organizational learning"" project-based organization",pdf_download_failed_or_paywall,https://doi.org/10.1016/j.edurev.2024.100629,2026-08-16
09收尾,paper,project lessons learned failure knowledge management,pdf_download_failed_or_paywall,https://doi.org/10.1016/j.ijhydene.2024.02.226,2026-08-16
04计划,paper,earned value schedule performance index planning,pdf_download_failed_or_paywall,https://doi.org/10.1177/0734242x231178025,2026-08-16
09收尾,paper,project lessons learned failure knowledge management,pdf_download_failed_or_paywall,https://onlinelibrary.wiley.com/doi/pdfdirect/10.1111/joes.12601,2026-08-16
04计划,paper,project milestone planning WBS empirical,pdf_download_failed_or_paywall,https://www.mdpi.com/2075-5309/14/7/2110/pdf?version=1720590154,2026-08-16
08沟通,paper,project meeting effectiveness decision log,title_abstract_not_on_topic,10.3929/ethz-b-000667478,2026-08-16
08沟通,paper,project meeting effectiveness decision log,title_abstract_not_on_topic,10.1038/s41467-024-46549-5,2026-08-16
08沟通,paper,project meeting effectiveness decision log,title_abstract_not_on_topic,10.3390/jcp3040031,2026-08-16
08沟通,paper,project meeting effectiveness decision log,title_abstract_not_on_topic,10.1146/annurev-environ-112321-081348,2026-08-16
08沟通,paper,project meeting effectiveness decision log,title_abstract_not_on_topic,10.14742/ajet.8923,2026-08-16
08沟通,paper,project meeting effectiveness decision log,title_abstract_not_on_topic,10.1001/jamapediatrics.2024.0492,2026-08-16
08沟通,paper,project meeting effectiveness decision log,title_abstract_not_on_topic,10.1007/s11704-024-40231-1,2026-08-16
08沟通,paper,project meeting effectiveness decision log,title_abstract_not_on_topic,10.3390/su152216071,2026-08-16
08沟通,paper,project meeting effectiveness decision log,title_abstract_not_on_topic,10.3390/app14167007,2026-08-16
08沟通,paper,project meeting effectiveness decision log,title_abstract_not_on_topic,10.1016/s0140-6736(24)00757-8,2026-08-16
08沟通,paper,project meeting effectiveness decision log,title_abstract_not_on_topic,10.1093/ecco-jcc/jjad203,2026-08-16
08沟通,paper,project meeting effectiveness decision log,title_abstract_not_on_topic,10.1016/s0140-6736(24)00367-2,2026-08-16
08沟通,paper,project meeting effectiveness decision log,title_abstract_not_on_topic,10.1016/s0140-6736(24)00933-4,2026-08-16
08沟通,paper,project meeting effectiveness decision log,title_abstract_not_on_topic,10.1111/jcal.13052,2026-08-16
08沟通,paper,project meeting effectiveness decision log,title_abstract_not_on_topic,10.3390/s24247949,2026-08-16
08沟通,paper,project meeting effectiveness decision log,title_abstract_not_on_topic,10.1016/j.scitotenv.2024.173621,2026-08-16
08沟通,paper,project meeting effectiveness decision log,title_abstract_not_on_topic,10.1145/3654966,2026-08-16
08沟通,paper,project meeting effectiveness decision log,title_abstract_not_on_topic,10.1038/s41390-024-03509-5,2026-08-16
08沟通,paper,project meeting effectiveness decision log,title_abstract_not_on_topic,10.3390/buildings13092379,2026-08-16
08沟通,paper,project meeting effectiveness decision log,title_abstract_not_on_topic,10.1016/j.techfore.2023.123098,2026-08-16
08沟通,paper,project meeting effectiveness decision log,title_abstract_not_on_topic,10.1016/s1473-3099(23)00816-2,2026-08-16
08沟通,paper,project meeting effectiveness decision log,title_abstract_not_on_topic,10.1016/s2215-0366(23)00429-7,2026-08-16
08沟通,paper,project meeting effectiveness decision log,title_abstract_not_on_topic,10.1186/s12911-023-02399-7,2026-08-16
08沟通,paper,project meeting effectiveness decision log,title_abstract_not_on_topic,10.1016/j.fertnstert.2023.08.019,2026-08-16
08沟通,paper,project meeting effectiveness decision log,title_abstract_not_on_topic,10.1016/j.jik.2025.100751,2026-08-16
08沟通,paper,project meeting effectiveness decision log,title_abstract_not_on_topic,10.1086/732801,2026-08-16
08沟通,paper,project meeting effectiveness decision log,title_abstract_not_on_topic,10.1108/md-06-2023-0966,2026-08-16
08沟通,paper,project meeting effectiveness decision log,title_abstract_not_on_topic,10.1053/j.gastro.2024.07.024,2026-08-16
08沟通,paper,project meeting effectiveness decision log,title_abstract_not_on_topic,10.1002/rev3.70040,2026-08-16
08沟通,paper,project meeting effectiveness decision log,title_abstract_not_on_topic,10.1038/s41380-024-02468-x,2026-08-16
08沟通,paper,project meeting effectiveness decision log,title_abstract_not_on_topic,10.1007/s11704-026-60308-3,2026-08-16
08沟通,paper,project meeting effectiveness decision log,title_abstract_not_on_topic,10.1136/bmj-2023-078713,2026-08-16
08沟通,paper,project meeting effectiveness decision log,title_abstract_not_on_topic,10.1016/j.oneear.2024.09.004,2026-08-16
08沟通,paper,project meeting effectiveness decision log,title_abstract_not_on_topic,10.1002/smj.3636,2026-08-16
08沟通,paper,project meeting effectiveness decision log,title_abstract_not_on_topic,10.3390/su16188031,2026-08-16
08沟通,paper,project meeting effectiveness decision log,title_abstract_not_on_topic,10.1016/j.lanepe.2023.100788,2026-08-16
08沟通,paper,project meeting effectiveness decision log,title_abstract_not_on_topic,10.48550/arxiv.2308.08155,2026-08-16
08沟通,paper,project meeting effectiveness decision log,title_abstract_not_on_topic,10.1038/s41380-024-02803-2,2026-08-16
08沟通,paper,project meeting effectiveness decision log,title_abstract_not_on_topic,10.3390/computers14020066,2026-08-16
08沟通,paper,project meeting effectiveness decision log,title_abstract_not_on_topic,10.1007/s10661-025-13795-z,2026-08-16
08沟通,paper,project meeting effectiveness decision log,title_abstract_not_on_topic,10.1145/3716846,2026-08-16
08沟通,paper,project meeting effectiveness decision log,title_abstract_not_on_topic,10.5267/j.ijdns.2023.10.009,2026-08-16
08沟通,paper,project meeting effectiveness decision log,title_abstract_not_on_topic,10.1080/13696998.2023.2281083,2026-08-16
08沟通,paper,project meeting effectiveness decision log,title_abstract_not_on_topic,10.1001/jamanetworkopen.2023.55324,2026-08-16
08沟通,paper,project meeting effectiveness decision log,title_abstract_not_on_topic,10.3390/modelling6020035,2026-08-16
08沟通,paper,project meeting effectiveness decision log,title_abstract_not_on_topic,10.3390/nu16152573,2026-08-16
08沟通,paper,project meeting effectiveness decision log,title_abstract_not_on_topic,10.3310/tfws2748,2026-08-16
08沟通,paper,project meeting effectiveness decision log,title_abstract_not_on_topic,10.1016/j.worlddev.2024.106609,2026-08-16
08沟通,paper,project meeting effectiveness decision log,title_abstract_not_on_topic,10.1109/access.2025.3532697,2026-08-16
08沟通,paper,project meeting effectiveness decision log,title_abstract_not_on_topic,10.1016/j.infsof.2023.107334,2026-08-16
08沟通,paper,project meeting effectiveness decision log,title_abstract_not_on_topic,10.1007/s10664-024-10501-4,2026-08-16
08沟通,paper,project meeting effectiveness decision log,title_abstract_not_on_topic,10.1145/3728922,2026-08-16
08沟通,paper,project meeting effectiveness decision log,title_abstract_not_on_topic,10.1038/s41586-024-08375-z,2026-08-16
08沟通,paper,project meeting effectiveness decision log,title_abstract_not_on_topic,10.3390/su152316477,2026-08-16
08沟通,paper,project meeting effectiveness decision log,title_abstract_not_on_topic,10.1007/s10018-024-00397-1,2026-08-16
08沟通,paper,project meeting effectiveness decision log,title_abstract_not_on_topic,10.1049/wss2.12099,2026-08-16
08沟通,paper,project meeting effectiveness decision log,title_abstract_not_on_topic,10.1016/j.dajour.2024.100405,2026-08-16
08沟通,paper,project meeting effectiveness decision log,title_abstract_not_on_topic,10.1038/s41591-024-02855-5,2026-08-16
08沟通,paper,project meeting effectiveness decision log,title_abstract_not_on_topic,10.3390/math12172758,2026-08-16
08沟通,paper,project meeting effectiveness decision log,title_abstract_not_on_topic,10.1016/j.dibe.2023.100266,2026-08-16
08沟通,paper,project meeting effectiveness decision log,title_abstract_not_on_topic,10.1001/jamanetworkopen.2023.56078,2026-08-16
08沟通,paper,project meeting effectiveness decision log,title_abstract_not_on_topic,10.1038/s41598-024-81044-3,2026-08-16
08沟通,paper,project meeting effectiveness decision log,title_abstract_not_on_topic,10.3390/s24030746,2026-08-16
08沟通,paper,project meeting effectiveness decision log,title_abstract_not_on_topic,10.1007/s41062-024-01370-3,2026-08-16
08沟通,paper,project meeting effectiveness decision log,title_abstract_not_on_topic,10.1007/s10479-023-05631-9,2026-08-16
08沟通,paper,project meeting effectiveness decision log,title_abstract_not_on_topic,10.1161/circulationaha.123.066604,2026-08-16
08沟通,paper,project meeting effectiveness decision log,title_abstract_not_on_topic,10.1007/s10489-024-05459-1,2026-08-16
08沟通,paper,project meeting effectiveness decision log,title_abstract_not_on_topic,10.2196/43882,2026-08-16
08沟通,paper,project meeting effectiveness decision log,title_abstract_not_on_topic,10.3390/f14081611,2026-08-16
08沟通,paper,project meeting effectiveness decision log,title_abstract_not_on_topic,10.3390/en17051165,2026-08-16
08沟通,paper,project meeting effectiveness decision log,title_abstract_not_on_topic,10.1038/s41598-024-74427-z,2026-08-16
08沟通,paper,project meeting effectiveness decision log,title_abstract_not_on_topic,10.1007/s40948-023-00699-w,2026-08-16
08沟通,paper,project meeting effectiveness decision log,title_abstract_not_on_topic,10.1038/s41746-023-00994-6,2026-08-16
08沟通,paper,project meeting effectiveness decision log,title_abstract_not_on_topic,10.1016/j.jrmge.2024.09.049,2026-08-16
08沟通,paper,project meeting effectiveness decision log,title_abstract_not_on_topic,10.7717/peerj-cs.1647,2026-08-16
08沟通,paper,project meeting effectiveness decision log,title_abstract_not_on_topic,10.1007/s11229-025-04917-8,2026-08-16
08沟通,paper,project meeting effectiveness decision log,title_abstract_not_on_topic,10.1371/journal.pwat.0000166,2026-08-16
08沟通,paper,project meeting effectiveness decision log,title_abstract_not_on_topic,10.1016/j.technovation.2023.102879,2026-08-16
08沟通,paper,project meeting effectiveness decision log,title_abstract_not_on_topic,10.3322/caac.21811,2026-08-16
08沟通,paper,project meeting effectiveness decision log,title_abstract_not_on_topic,10.1016/j.jbankfin.2023.106979,2026-08-16
08沟通,paper,project meeting effectiveness decision log,title_abstract_not_on_topic,10.1016/j.iswa.2025.200608,2026-08-16
08沟通,paper,project status reporting escalation decision rights,pdf_download_failed_or_paywall,https://academic.oup.com/jcem/advance-article-pdf/doi/10.1210/clinem/dgad463/51110818/dgad463.pdf,2026-08-16
08沟通,paper,project status reporting escalation decision rights,pdf_download_failed_or_paywall,https://doi.org/10.1016/j.ese.2023.100330,2026-08-16
08沟通,paper,"""virtual team"" communication project performance",pdf_download_failed_or_paywall,https://www.mdpi.com/2076-3387/13/9/196/pdf?version=1693319334,2026-08-16
05实施控制,paper,"""earned value management"" project control",pdf_download_failed_or_paywall,https://www.tandfonline.com/doi/pdf/10.1080/00207543.2023.2262051?download=true,2026-08-16
02需求,paper,agile requirements engineering systematic review,pdf_download_failed_or_paywall,https://doi.org/10.1016/j.jik.2025.100682,2026-08-16
08沟通,paper,project status reporting escalation decision rights,pdf_download_failed_or_paywall,https://www.mdpi.com/2071-1050/16/2/606/pdf?version=1704882629,2026-08-16
05实施控制,paper,"""project risk management"" issue log",pdf_download_failed_or_paywall,https://www.mdpi.com/0718-1876/20/2/121/pdf?version=1748763231,2026-08-16
02需求,paper,agile requirements engineering systematic review,pdf_download_failed_or_paywall,https://doi.org/10.1016/j.jpdc.2024.104918,2026-08-16
08沟通,paper,project status reporting escalation decision rights,pdf_download_failed_or_paywall,https://www.mdpi.com/2071-1050/15/15/11910/pdf?version=1690984198,2026-08-16
08沟通,paper,"""stakeholder theory"" project management salience",pdf_download_failed_or_paywall,https://onlinelibrary.wiley.com/doi/pdfdirect/10.1002/csr.2640,2026-08-16
06交付,paper,"""user acceptance testing"" software delivery",pdf_download_failed_or_paywall,https://doi.org/10.1016/j.plas.2023.100101,2026-08-16
06交付,paper,software release integrity checksum configuration,pdf_download_failed_or_paywall,https://www.mdpi.com/2624-800X/3/4/31/pdf?version=1695806253,2026-08-16
09收尾,paper,project lessons learned failure knowledge management,pdf_download_failed_or_paywall,https://onlinelibrary.wiley.com/doi/pdfdirect/10.1002/sys.21717,2026-08-16
09收尾,paper,project lessons learned failure knowledge management,pdf_download_failed_or_paywall,https://www.mdpi.com/2071-1050/15/18/13344/pdf?version=1693984807,2026-08-16
02需求,paper,"""requirements elicitation"" techniques empirical software",pdf_download_failed_or_paywall,https://dl.acm.org/doi/pdf/10.1145/3689374,2026-08-16
09收尾,paper,"""organizational learning"" project-based organization",pdf_download_failed_or_paywall,https://doi.org/10.1016/j.indmarman.2024.12.008,2026-08-16
02需求,paper,agile requirements engineering systematic review,pdf_download_failed_or_paywall,https://www.mdpi.com/2076-3417/15/4/2123/pdf?version=1739802445,2026-08-16
09收尾,paper,project lessons learned failure knowledge management,pdf_download_failed_or_paywall,https://academic.oup.com/jamiaopen/article-pdf/6/4/ooad100/54025819/ooad100.pdf,2026-08-16
07预算,paper,"""expert judgment"" effort estimation software",pdf_download_failed_or_paywall,https://www.mdpi.com/2072-4292/16/23/4491/pdf?version=1732888681,2026-08-16
04计划,paper,"""work breakdown structure"" project planning",pdf_download_failed_or_paywall,https://www.mdpi.com/2075-5309/13/10/2488/pdf?version=1696056583,2026-08-16
02需求,paper,agile requirements engineering systematic review,pdf_download_failed_or_paywall,https://doi.org/10.1016/j.jclepro.2024.143603,2026-08-16
09收尾,paper,"""organizational learning"" project-based organization",pdf_download_failed_or_paywall,https://doi.org/10.1016/j.techfore.2024.123345,2026-08-16
07预算,paper,project cost contingency reserve risk,pdf_download_failed_or_paywall,https://doi.org/10.1016/j.asoc.2023.111152,2026-08-16
04计划,paper,"""critical path"" project scheduling baseline",pdf_download_failed_or_paywall,https://www.mdpi.com/2504-2289/9/12/320/pdf,2026-08-16
05实施控制,paper,controlled experiment product metric holdout,pdf_download_failed_or_paywall,https://www.mdpi.com/2075-5309/14/4/954/pdf?version=1711798720,2026-08-16
02需求,paper,agile requirements engineering systematic review,pdf_download_failed_or_paywall,https://www.mdpi.com/2077-0472/13/9/1757/pdf?version=1693836960,2026-08-16
04计划,paper,project schedule contingency buffer,pdf_download_failed_or_paywall,https://www.mdpi.com/2077-1312/12/1/114/pdf?version=1704698608,2026-08-16
05实施控制,paper,controlled experiment product metric holdout,pdf_download_failed_or_paywall,https://www.mdpi.com/2304-6732/12/1/35/pdf?version=1735913276,2026-08-16
04计划,paper,earned value schedule performance index planning,pdf_download_failed_or_paywall,https://www.mdpi.com/2075-1702/12/12/867/pdf?version=1732864802,2026-08-16
05实施控制,paper,"""earned value management"" project control",pdf_download_failed_or_paywall,https://www.mdpi.com/2075-1702/12/12/867/pdf?version=1732864802,2026-08-16
06交付,paper,"""user acceptance testing"" software delivery",pdf_download_failed_or_paywall,https://www.mdpi.com/2071-1050/16/17/7435/pdf?version=1724842352,2026-08-16
08沟通,paper,"""stakeholder analysis"" construction project",pdf_download_failed_or_paywall,https://doi.org/10.1016/j.eswa.2023.121426,2026-08-16
05实施控制,paper,"""project risk management"" issue log",pdf_download_failed_or_paywall,https://doi.org/10.1016/j.asoc.2023.111152,2026-08-16
08沟通,paper,"""media richness"" project communication",pdf_download_failed_or_paywall,http://ira.lib.polyu.edu.hk/bitstream/10397/107074/1/Wu_Tourism_Hospitality_Forecasting.pdf,2026-08-16
05实施控制,paper,controlled experiment product metric holdout,pdf_download_failed_or_paywall,https://www.mdpi.com/2227-9032/11/24/3133/pdf?version=1702202571,2026-08-16
08沟通,paper,"""media richness"" project communication",pdf_download_failed_or_paywall,https://journals.sagepub.com/doi/pdf/10.1177/10963480231205767?download=true,2026-08-16
08沟通,paper,"""project communication"" stakeholder engagement",pdf_download_failed_or_paywall,https://doi.org/10.1029/2024rg000849,2026-08-16
07预算,paper,"""analogy based estimation"" software effort",pdf_download_failed_or_paywall,https://www.mdpi.com/2073-431X/14/2/66/pdf?version=1739443329,2026-08-16
08沟通,paper,project status reporting escalation decision rights,pdf_download_failed_or_paywall,https://doi.org/10.1088/1748-9326/ad7749,2026-08-16
09收尾,paper,"""organizational learning"" project-based organization",pdf_download_failed_or_paywall,https://onlinelibrary.wiley.com/doi/pdfdirect/10.1111/emre.12615,2026-08-16
08沟通,paper,"""project communication"" stakeholder engagement",pdf_download_failed_or_paywall,https://www.tandfonline.com/doi/pdf/10.1080/0960085X.2024.2330402?download=true,2026-08-16
02需求,paper,agile requirements engineering systematic review,pdf_download_failed_or_paywall,https://fepbl.com/index.php/estj/article/download/1080/1304,2026-08-16
09收尾,paper,project lessons learned failure knowledge management,pdf_download_failed_or_paywall,https://doi.org/10.1139/cjfr-2023-0298,2026-08-16
02需求,paper,agile requirements engineering systematic review,pdf_download_failed_or_paywall,https://journalajrcos.com/index.php/AJRCOS/article/download/436/863,2026-08-16
02需求,paper,"""requirements elicitation"" techniques empirical software",pdf_download_failed_or_paywall,https://www.cambridge.org/core/services/aop-cambridge-core/content/view/1FC7666F0A0B4E7091D2D4B2D46321B5/S2053470124000088a.pdf/div-class-title-challenges-in-applying-large-language-models-to-requirements-engineering-tasks-div.pdf,2026-08-16
09收尾,paper,project lessons learned failure knowledge management,pdf_download_failed_or_paywall,https://onlinelibrary.wiley.com/doi/pdfdirect/10.1002/ecs2.4642,2026-08-16
09收尾,paper,project lessons learned failure knowledge management,pdf_download_failed_or_paywall,https://fepbl.com/index.php/estj/article/download/953/1168,2026-08-16
09收尾,paper,project lessons learned failure knowledge management,pdf_download_failed_or_paywall,https://www.mdpi.com/2412-3811/9/2/30/pdf?version=1707291237,2026-08-16
07预算,paper,"""software effort estimation"" systematic review",pdf_download_failed_or_paywall,https://onlinelibrary.wiley.com/doi/pdfdirect/10.1002/smr.2665,2026-08-16
04计划,paper,earned value schedule performance index planning,pdf_download_failed_or_paywall,https://pmc.ncbi.nlm.nih.gov/articles/PMC10891008/pdf/40617_2023_Article_863.pdf,2026-08-16
04计划,paper,"""work breakdown structure"" project planning",pdf_download_failed_or_paywall,https://www.mdpi.com/2075-5309/14/11/3642/pdf?version=1731913867,2026-08-16
06交付,paper,"""stage-gate"" new product development review",pdf_download_failed_or_paywall,https://www.mdpi.com/2079-9292/12/16/3535/pdf?version=1692622643,2026-08-16
02需求,paper,agile requirements engineering systematic review,pdf_download_failed_or_paywall,https://fepbl.com/index.php/estj/article/download/805/998,2026-08-16
04计划,paper,earned value schedule performance index planning,pdf_download_failed_or_paywall,https://www.mdpi.com/2075-5309/14/3/643/pdf?version=1709207805,2026-08-16
04计划,paper,"""critical chain"" project management schedule",pdf_download_failed_or_paywall,https://doi.org/10.1016/j.jenvman.2024.121986,2026-08-16
04计划,paper,project milestone planning WBS empirical,pdf_download_failed_or_paywall,https://www.mdpi.com/2075-5309/15/14/2451/pdf?version=1752306569,2026-08-16
06交付,paper,"""verification and validation"" software acceptance",pdf_download_failed_or_paywall,https://dl.acm.org/doi/pdf/10.1145/3617175,2026-08-16
04计划,paper,"""critical chain"" project management schedule",pdf_download_failed_or_paywall,https://www.mdpi.com/1999-4893/16/8/395/pdf?version=1692632106,2026-08-16
04计划,paper,"""critical chain"" project management schedule",pdf_download_failed_or_paywall,https://doi.org/10.51594/ijarss.v6i7.1298,2026-08-16
02需求,paper,agile requirements engineering systematic review,pdf_download_failed_or_paywall,https://www.mdpi.com/2076-3417/14/1/319/pdf?version=1704779223,2026-08-16
01洽谈,paper,"""solution selling"" product-line selection B2B",title_abstract_not_on_topic,10.1080/08874417.2023.2290574,2026-08-16
01洽谈,paper,"""solution selling"" product-line selection B2B",title_abstract_not_on_topic,10.1111/jpim.12723,2026-08-16
01洽谈,paper,"""solution selling"" product-line selection B2B",title_abstract_not_on_topic,10.1007/s13132-024-01794-3,2026-08-16
01洽谈,paper,"""solution selling"" product-line selection B2B",title_abstract_not_on_topic,10.2478/sbe-2024-0044,2026-08-16
01洽谈,paper,"""solution selling"" product-line selection B2B",title_abstract_not_on_topic,10.47857/irjms.2026.v07i01.07239,2026-08-16
01洽谈,paper,"""solution selling"" product-line selection B2B",title_abstract_not_on_topic,10.1177/10506519251326558,2026-08-16
01洽谈,paper,"""solution selling"" product-line selection B2B",title_abstract_not_on_topic,10.1016/j.indmarman.2026.01.007&quot,2026-08-16
01洽谈,paper,"""solution selling"" product-line selection B2B",title_abstract_not_on_topic,10.1016/j.indmarman.2026.01.008&quot,2026-08-16
01洽谈,paper,"""solution selling"" product-line selection B2B",title_abstract_not_on_topic,10.1007/s11747-026-01164-2,2026-08-16
04计划,paper,project schedule contingency buffer,pdf_download_failed_or_paywall,https://www.emerald.com/insight/content/doi/10.1108/IJOPM-12-2022-0806/full/pdf?title=what-are-the-root-causes-of-material-delivery-schedule-inaccuracy-in-supply-chains,2026-08-16
07预算,paper,"""reference class forecasting"" project budget contingency",pdf_download_failed_or_paywall,https://www.mdpi.com/2073-445X/13/1/41/pdf?version=1703861420,2026-08-16
04计划,paper,"""work breakdown structure"" project planning",pdf_download_failed_or_paywall,https://www.mdpi.com/2075-5309/14/4/1119/pdf?version=1713332600,2026-08-16
07预算,paper,"""expert judgment"" effort estimation software",pdf_download_failed_or_paywall,https://www.cambridge.org/core/services/aop-cambridge-core/content/view/2C966EF70CBBB6FA29FE509957ABE97F/S0272263124000421a.pdf/div-class-title-task-generated-processes-in-second-language-speech-production-span-class-italic-exploring-the-neural-correlates-of-task-complexity-during-silent-pauses-span-div.pdf,2026-08-16
07预算,paper,project cost contingency reserve risk,pdf_download_failed_or_paywall,http://www.cell.com/article/S2405844023083640/pdf,2026-08-16
07预算,paper,"""expert judgment"" effort estimation software",pdf_download_failed_or_paywall,https://www.mdpi.com/2079-8954/12/11/479/pdf?version=1731311502,2026-08-16
09收尾,paper,project lessons learned failure knowledge management,pdf_download_failed_or_paywall,https://doi.org/10.1016/j.oceaneng.2024.119078,2026-08-16
07预算,paper,"""expert judgment"" effort estimation software",pdf_download_failed_or_paywall,https://onlinelibrary.wiley.com/doi/pdfdirect/10.1002/ieam.4899,2026-08-16
01洽谈,paper,"""adaptive selling"" customer discovery conversation",title_abstract_not_on_topic,10.5539/ijbm.v19n1p21,2026-08-16
01洽谈,paper,"""adaptive selling"" customer discovery conversation",title_abstract_not_on_topic,10.20473/baki.v9i2.53285,2026-08-16
07预算,paper,"""planning fallacy"" project cost overrun",pdf_download_failed_or_paywall,https://www.tandfonline.com/doi/pdf/10.1080/09537287.2023.2248942?needAccess=true&role=button,2026-08-16
09收尾,paper,"""organizational learning"" project-based organization",pdf_download_failed_or_paywall,https://www.mdpi.com/2075-5309/14/6/1598/pdf?version=1717200667,2026-08-16
09收尾,paper,"""organizational learning"" project-based organization",pdf_download_failed_or_paywall,https://www.mdpi.com/2076-3387/14/8/161/pdf?version=1721981632,2026-08-16
09收尾,paper,"""lessons learned"" project closeout knowledge",pdf_download_failed_or_paywall,https://onlinelibrary.wiley.com/doi/pdfdirect/10.1111/puar.13726,2026-08-16
07预算,paper,COCOMO software cost estimation,pdf_download_failed_or_paywall,https://doi.org/10.1016/j.aej.2024.11.042,2026-08-16
09收尾,paper,"""organizational learning"" project-based organization",pdf_download_failed_or_paywall,https://www.mdpi.com/2071-1050/17/8/3599/pdf?version=1744806895,2026-08-16
07预算,paper,COCOMO software cost estimation,pdf_download_failed_or_paywall,https://www.mdpi.com/2227-7390/12/2/200/pdf?version=1704685235,2026-08-16
07预算,paper,project cost contingency reserve risk,pdf_download_failed_or_paywall,https://doi.org/10.1016/j.apenergy.2025.125418,2026-08-16
01洽谈,paper,professional selling transformation industrial marketing,title_abstract_not_on_topic,10.1016/j.jretconser.2023.103663,2026-08-16
01洽谈,paper,professional selling transformation industrial marketing,title_abstract_not_on_topic,10.1016/j.jare.2023.11.019,2026-08-16
01洽谈,paper,professional selling transformation industrial marketing,title_abstract_not_on_topic,10.1186/s41043-024-00550-2,2026-08-16
01洽谈,paper,professional selling transformation industrial marketing,title_abstract_not_on_topic,10.1002/joom.1271,2026-08-16
01洽谈,paper,professional selling transformation industrial marketing,title_abstract_not_on_topic,10.1111/ijcs.12984,2026-08-16
01洽谈,paper,professional selling transformation industrial marketing,title_abstract_not_on_topic,10.1016/j.jbusres.2023.114225,2026-08-16
01洽谈,paper,professional selling transformation industrial marketing,title_abstract_not_on_topic,10.1177/10949968241265855,2026-08-16
01洽谈,paper,professional selling transformation industrial marketing,title_abstract_not_on_topic,10.1108/jbsed-06-2023-0050,2026-08-16
01洽谈,paper,professional selling transformation industrial marketing,title_abstract_not_on_topic,10.51594/ijmer.v6i1.712,2026-08-16
01洽谈,paper,professional selling transformation industrial marketing,title_abstract_not_on_topic,10.1111/rode.13100,2026-08-16
01洽谈,paper,professional selling transformation industrial marketing,title_abstract_not_on_topic,10.2139/ssrn.5101851,2026-08-16
01洽谈,paper,professional selling transformation industrial marketing,title_abstract_not_on_topic,10.1108/imr-12-2023-0339,2026-08-16
01洽谈,paper,professional selling transformation industrial marketing,title_abstract_not_on_topic,10.1016/j.heliyon.2023.e21017,2026-08-16
01洽谈,paper,professional selling transformation industrial marketing,title_abstract_not_on_topic,10.1016/j.techsoc.2023.102434,2026-08-16
01洽谈,paper,professional selling transformation industrial marketing,title_abstract_not_on_topic,10.1057/s41599-023-02051-9,2026-08-16
01洽谈,paper,professional selling transformation industrial marketing,title_abstract_not_on_topic,10.51594/csitrj.v4i3.660,2026-08-16
01洽谈,paper,professional selling transformation industrial marketing,title_abstract_not_on_topic,10.1371/journal.pone.0304127,2026-08-16
01洽谈,paper,professional selling transformation industrial marketing,title_abstract_not_on_topic,10.1108/md-07-2022-0909,2026-08-16
01洽谈,paper,professional selling transformation industrial marketing,title_abstract_not_on_topic,10.1109/access.2024.3389497,2026-08-16
01洽谈,paper,professional selling transformation industrial marketing,title_abstract_not_on_topic,10.7456/tojdac.1413518,2026-08-16
01洽谈,paper,professional selling transformation industrial marketing,title_abstract_not_on_topic,10.1002/bse.3858,2026-08-16
01洽谈,paper,professional selling transformation industrial marketing,title_abstract_not_on_topic,10.1016/j.indmarman.2023.12.011,2026-08-16
01洽谈,paper,professional selling transformation industrial marketing,title_abstract_not_on_topic,10.1177/20515707231221614,2026-08-16
01洽谈,paper,professional selling transformation industrial marketing,title_abstract_not_on_topic,10.1108/ejim-04-2023-0343,2026-08-16
01洽谈,paper,professional selling transformation industrial marketing,title_abstract_not_on_topic,10.1016/j.heliyon.2024.e26435,2026-08-16
01洽谈,paper,professional selling transformation industrial marketing,title_abstract_not_on_topic,10.1016/j.heliyon.2024.e36543,2026-08-16
01洽谈,paper,professional selling transformation industrial marketing,title_abstract_not_on_topic,10.1016/j.indmarman.2023.10.013,2026-08-16
01洽谈,paper,professional selling transformation industrial marketing,title_abstract_not_on_topic,10.1186/s40537-023-00808-2,2026-08-16
01洽谈,paper,professional selling transformation industrial marketing,title_abstract_not_on_topic,10.1080/23311975.2024.2442550,2026-08-16
01洽谈,paper,professional selling transformation industrial marketing,title_abstract_not_on_topic,10.1177/14707853251379285,2026-08-16
01洽谈,paper,professional selling transformation industrial marketing,title_abstract_not_on_topic,10.1016/j.indmarman.2024.10.005,2026-08-16
01洽谈,paper,professional selling transformation industrial marketing,title_abstract_not_on_topic,10.1002/sej.1493,2026-08-16
01洽谈,paper,professional selling transformation industrial marketing,title_abstract_not_on_topic,10.1007/s11747-023-00978-8,2026-08-16
01洽谈,paper,professional selling transformation industrial marketing,title_abstract_not_on_topic,10.3390/su16051845,2026-08-16
01洽谈,paper,professional selling transformation industrial marketing,title_abstract_not_on_topic,10.21272/mmi.2024.1-02,2026-08-16
01洽谈,paper,professional selling transformation industrial marketing,title_abstract_not_on_topic,10.3390/su17030823,2026-08-16
01洽谈,paper,professional selling transformation industrial marketing,title_abstract_not_on_topic,10.31926/but.es.2023.16.65.2.4,2026-08-16
01洽谈,paper,professional selling transformation industrial marketing,title_abstract_not_on_topic,10.1371/journal.pone.0292972,2026-08-16
01洽谈,paper,professional selling transformation industrial marketing,title_abstract_not_on_topic,10.1108/dts-01-2023-0008,2026-08-16
01洽谈,paper,professional selling transformation industrial marketing,title_abstract_not_on_topic,10.3390/systems12120564,2026-08-16
01洽谈,paper,professional selling transformation industrial marketing,title_abstract_not_on_topic,10.1108/ejim-09-2023-0736,2026-08-16
01洽谈,paper,professional selling transformation industrial marketing,title_abstract_not_on_topic,10.20944/preprints202407.2371.v1,2026-08-16
01洽谈,paper,professional selling transformation industrial marketing,title_abstract_not_on_topic,10.1007/s43039-024-00099-2,2026-08-16
01洽谈,paper,professional selling transformation industrial marketing,title_abstract_not_on_topic,10.22495/cgobrv7i3sip10,2026-08-16
01洽谈,paper,professional selling transformation industrial marketing,title_abstract_not_on_topic,10.11591/ijai.v13.i1.pp639-647,2026-08-16
01洽谈,paper,professional selling transformation industrial marketing,title_abstract_not_on_topic,10.1007/s11365-024-00959-5,2026-08-16
01洽谈,paper,professional selling transformation industrial marketing,title_abstract_not_on_topic,10.59796/jcst.v13n3.2023.1285,2026-08-16
01洽谈,paper,professional selling transformation industrial marketing,title_abstract_not_on_topic,10.21511/im.20(1).2024.14,2026-08-16
01洽谈,paper,professional selling transformation industrial marketing,title_abstract_not_on_topic,10.1108/qmr-10-2023-0143,2026-08-16
01洽谈,paper,professional selling transformation industrial marketing,title_abstract_not_on_topic,10.64818/pijmess.3107.4626.0030,2026-08-16
01洽谈,paper,professional selling transformation industrial marketing,title_abstract_not_on_topic,10.36956/rwae.v4i3.897,2026-08-16
01洽谈,paper,professional selling transformation industrial marketing,title_abstract_not_on_topic,10.52783/jes.2327,2026-08-16
01洽谈,paper,professional selling transformation industrial marketing,title_abstract_not_on_topic,10.2478/bsrj-2023-0001,2026-08-16
01洽谈,paper,professional selling transformation industrial marketing,title_abstract_not_on_topic,10.4018/jgim.356380,2026-08-16
01洽谈,paper,professional selling transformation industrial marketing,title_abstract_not_on_topic,10.1108/ejim-02-2023-0108,2026-08-16
01洽谈,paper,professional selling transformation industrial marketing,title_abstract_not_on_topic,10.1177/09713557231201116,2026-08-16
01洽谈,paper,professional selling transformation industrial marketing,title_abstract_not_on_topic,10.1016/j.jik.2024.100560,2026-08-16
01洽谈,paper,professional selling transformation industrial marketing,title_abstract_not_on_topic,10.3390/su16052129,2026-08-16
01洽谈,paper,professional selling transformation industrial marketing,title_abstract_not_on_topic,10.69888/ftshs.2024.000149,2026-08-16
01洽谈,paper,professional selling transformation industrial marketing,title_abstract_not_on_topic,10.1016/j.techfore.2024.123557,2026-08-16
01洽谈,paper,professional selling transformation industrial marketing,title_abstract_not_on_topic,10.7903/cmr.22344,2026-08-16
01洽谈,paper,professional selling transformation industrial marketing,title_abstract_not_on_topic,10.1016/j.ijpe.2024.109405,2026-08-16
01洽谈,paper,professional selling transformation industrial marketing,title_abstract_not_on_topic,10.3390/su17219763,2026-08-16
01洽谈,paper,professional selling transformation industrial marketing,title_abstract_not_on_topic,10.37868/hsd.v7i1.1192,2026-08-16
01洽谈,paper,professional selling transformation industrial marketing,title_abstract_not_on_topic,10.3390/systems13010001,2026-08-16
01洽谈,paper,professional selling transformation industrial marketing,title_abstract_not_on_topic,10.1186/s43093-024-00302-y,2026-08-16
01洽谈,paper,professional selling transformation industrial marketing,title_abstract_not_on_topic,10.3390/su17041407,2026-08-16
01洽谈,paper,professional selling transformation industrial marketing,title_abstract_not_on_topic,10.1016/j.techfore.2023.123168,2026-08-16
01洽谈,paper,professional selling transformation industrial marketing,title_abstract_not_on_topic,10.3390/jtaer20030236,2026-08-16
01洽谈,paper,professional selling transformation industrial marketing,title_abstract_not_on_topic,10.1080/23311975.2024.2302311,2026-08-16
01洽谈,paper,professional selling transformation industrial marketing,title_abstract_not_on_topic,10.5937/aneksub2300033m,2026-08-16
01洽谈,paper,professional selling transformation industrial marketing,title_abstract_not_on_topic,10.1007/s11187-025-01057-8,2026-08-16
01洽谈,paper,professional selling transformation industrial marketing,title_abstract_not_on_topic,10.1016/j.jrurstud.2024.103199,2026-08-16
01洽谈,paper,professional selling transformation industrial marketing,title_abstract_not_on_topic,10.3390/pharmacy12050155,2026-08-16
07预算,paper,"""software effort estimation"" systematic review",pdf_download_failed_or_paywall,https://doi.org/10.1109/access.2024.3457771,2026-08-16
01洽谈,paper,"""solution selling"" product-line selection B2B",pdf_download_failed_or_paywall,https://doi.org/10.1016/j.indmarman.2024.01.014,2026-08-16
01洽谈,paper,professional selling transformation industrial marketing,pdf_download_failed_or_paywall,https://cronfa.swan.ac.uk/Record/cronfa66137/Download/66137__30120__c3a5250354ae47708e225d412ac69a4e.pdf,2026-08-16
06交付,paper,"""customer acceptance"" project deliverable",pdf_download_failed_or_paywall,https://www.mdpi.com/2071-1050/16/2/934/pdf?version=1705929349,2026-08-16
01洽谈,paper,professional selling transformation industrial marketing,pdf_download_failed_or_paywall,https://doi.org/10.1016/j.indmarman.2023.11.006,2026-08-16
06交付,paper,"""stage-gate"" new product development review",pdf_download_failed_or_paywall,https://onlinelibrary.wiley.com/doi/pdfdirect/10.1002/adsr.202300113,2026-08-16
06交付,paper,"""customer acceptance"" project deliverable",pdf_download_failed_or_paywall,https://downloads.hindawi.com/journals/hbet/2023/6617371.pdf,2026-08-16
01洽谈,paper,professional selling transformation industrial marketing,pdf_download_failed_or_paywall,https://doi.org/10.1016/j.ijinfomgt.2024.102768,2026-08-16
07预算,paper,"""reference class forecasting"" project budget contingency",pdf_download_failed_or_paywall,https://www.mdpi.com/2075-5309/14/3/643/pdf?version=1709207805,2026-08-16
07预算,paper,project cost contingency reserve risk,pdf_download_failed_or_paywall,https://www.mdpi.com/2079-8954/12/3/93/pdf?version=1710309587,2026-08-16
01洽谈,paper,professional selling transformation industrial marketing,pdf_download_failed_or_paywall,https://onlinelibrary.wiley.com/doi/pdfdirect/10.1111/jpim.12705,2026-08-16
09收尾,paper,"""organizational learning"" project-based organization",pdf_download_failed_or_paywall,https://doi.org/10.1016/j.heliyon.2024.e31812,2026-08-16
01洽谈,paper,"""solution selling"" product-line selection B2B",pdf_download_failed_or_paywall,https://doi.org/10.1016/j.jengtecman.2024.101846,2026-08-16
09收尾,paper,"""organizational learning"" project-based organization",pdf_download_failed_or_paywall,https://onlinelibrary.wiley.com/doi/pdfdirect/10.1002/bse.3746,2026-08-16
01洽谈,paper,professional selling transformation industrial marketing,pdf_download_failed_or_paywall,https://www.mdpi.com/2076-3387/15/6/193/pdf?version=1747907679,2026-08-16
01洽谈,paper,"""adaptive selling"" customer discovery conversation",pdf_download_failed_or_paywall,https://academic.oup.com/jcr/advance-article-pdf/doi/10.1093/jcr/ucad080/54762951/ucad080.pdf,2026-08-16
07预算,paper,"""expert judgment"" effort estimation software",pdf_download_failed_or_paywall,https://doi.org/10.1016/j.scitotenv.2024.176803,2026-08-16
01洽谈,paper,"""solution selling"" product-line selection B2B",pdf_download_failed_or_paywall,http://www.cell.com/article/S2405844024030482/pdf,2026-08-16
09收尾,paper,project lessons learned failure knowledge management,pdf_download_failed_or_paywall,https://doi.org/10.1016/j.heliyon.2024.e39556,2026-08-16
01洽谈,paper,"""solution selling"" product-line selection B2B",pdf_download_failed_or_paywall,https://doi.org/10.1016/j.indmarman.2024.01.008,2026-08-16
01洽谈,paper,"""adaptive selling"" customer discovery conversation",pdf_download_failed_or_paywall,https://journals.sagepub.com/history/0fd24bf1-f229-47b3-bd78-6de6a6e84bc5/00222429251338820.22417159.pdf,2026-08-16
06交付,paper,"""customer acceptance"" project deliverable",pdf_download_failed_or_paywall,https://www.mdpi.com/2076-3387/14/8/165/pdf?version=1722591418,2026-08-16
01洽谈,paper,professional selling transformation industrial marketing,pdf_download_failed_or_paywall,https://journals.sagepub.com/doi/pdf/10.1177/14648849241269300?download=true,2026-08-16
09收尾,paper,project lessons learned failure knowledge management,pdf_download_failed_or_paywall,https://doi.org/10.1029/2024ef004510,2026-08-16
06交付,paper,"""verification and validation"" software acceptance",pdf_download_failed_or_paywall,https://pubs.acs.org/doi/pdf/10.1021/acs.molpharmaceut.4c00202,2026-08-16
09收尾,paper,"""benefits realization"" project management",pdf_download_failed_or_paywall,https://www.tandfonline.com/doi/pdf/10.1080/09537287.2024.2349231?download=true,2026-08-16
08沟通,paper,"""media richness"" project communication",pdf_download_failed_or_paywall,https://www.mdpi.com/2078-2489/14/10/546/pdf?version=1696519695,2026-08-16
01洽谈,paper,"""solution selling"" product-line selection B2B",pdf_download_failed_or_paywall,https://doi.org/10.1016/j.indmarman.2023.09.013,2026-08-16
07预算,paper,"""planning fallacy"" project cost overrun",pdf_download_failed_or_paywall,https://doi.org/10.1016/j.plas.2023.100103,2026-08-16
01洽谈,paper,"""solution selling"" product-line selection B2B",pdf_download_failed_or_paywall,https://www.investigo.biblioteca.uvigo.es/xmlui/bitstream/11093/6779/4/2023_otero_firms_services.pdf,2026-08-16
09收尾,paper,"""benefits realization"" project management",pdf_download_failed_or_paywall,https://doi.org/10.1016/j.ijproman.2024.102574,2026-08-16
07预算,paper,project cost contingency reserve risk,pdf_download_failed_or_paywall,http://www.cell.com/article/S2405844024020681/pdf,2026-08-16
01洽谈,paper,professional selling transformation industrial marketing,pdf_download_failed_or_paywall,https://doi.org/10.37741/t.72.3.10,2026-08-16
08沟通,paper,"""media richness"" project communication",pdf_download_failed_or_paywall,https://www.mdpi.com/2076-3387/15/2/33/pdf?version=1737613266,2026-08-16
07预算,paper,"""expert judgment"" effort estimation software",pdf_download_failed_or_paywall,https://doi.org/10.1016/j.rser.2024.115222,2026-08-16
01洽谈,paper,professional selling transformation industrial marketing,pdf_download_failed_or_paywall,https://www.emerald.com/insight/content/doi/10.1108/REGE-10-2021-0191/full/pdf?title=marketing-communications-dimensions-and-brand-loyalty-in-the-banking-sector,2026-08-16
06交付,paper,"""customer acceptance"" project deliverable",pdf_download_failed_or_paywall,https://onlinelibrary.wiley.com/doi/pdfdirect/10.1002/cb.2228,2026-08-16
08沟通,paper,"""stakeholder analysis"" construction project",pdf_download_failed_or_paywall,https://pubs.acs.org/doi/pdf/10.1021/acs.est.3c05291,2026-08-16
07预算,paper,"""software effort estimation"" systematic review",pdf_download_failed_or_paywall,https://www.mdpi.com/2076-3417/13/16/9465/pdf?version=1692666237,2026-08-16
06交付,paper,software release integrity checksum configuration,pdf_download_failed_or_paywall,https://www.mdpi.com/1424-8220/24/3/968/pdf?version=1706804529,2026-08-16
01洽谈,paper,"""solution selling"" product-line selection B2B",pdf_download_failed_or_paywall,https://doi.org/10.1016/j.iedeen.2023.100235,2026-08-16
07预算,paper,"""expert judgment"" effort estimation software",pdf_download_failed_or_paywall,https://www.mdpi.com/2071-1050/16/17/7790/pdf?version=1725632028,2026-08-16
09收尾,paper,project lessons learned failure knowledge management,pdf_download_failed_or_paywall,https://pmc.ncbi.nlm.nih.gov/articles/PMC12261309/pdf/nihms-2087596.pdf,2026-08-16
09收尾,paper,project lessons learned failure knowledge management,pdf_download_failed_or_paywall,https://doi.org/10.1016/j.marpol.2024.106425,2026-08-16
01洽谈,paper,professional selling transformation industrial marketing,pdf_download_failed_or_paywall,https://doi.org/10.1016/j.indmarman.2024.10.012,2026-08-16
09收尾,paper,project lessons learned failure knowledge management,pdf_download_failed_or_paywall,https://doi.org/10.1016/j.rse.2025.115146,2026-08-16
01洽谈,paper,"""solution selling"" product-line selection B2B",pdf_download_failed_or_paywall,https://doi.org/10.1016/j.technovation.2025.103351,2026-08-16
06交付,paper,"""customer acceptance"" project deliverable",pdf_download_failed_or_paywall,https://onlinelibrary.wiley.com/doi/pdfdirect/10.1111/jfpe.70035,2026-08-16
08沟通,paper,"""media richness"" project communication",pdf_download_failed_or_paywall,https://onlinelibrary.wiley.com/doi/pdfdirect/10.1002/csr.2581,2026-08-16
02需求,paper,"""requirements elicitation"" techniques empirical software",title_abstract_not_on_topic,10.3390/software4010006,2026-08-16
02需求,paper,"""requirements elicitation"" techniques empirical software",title_abstract_not_on_topic,10.3390/computers14020076,2026-08-16
02需求,paper,"""requirements elicitation"" techniques empirical software",title_abstract_not_on_topic,10.48550/arxiv.2412.16667,2026-08-16
02需求,paper,"""requirements elicitation"" techniques empirical software",title_abstract_not_on_topic,10.48550/arxiv.2312.01981,2026-08-16
02需求,paper,"""requirements elicitation"" techniques empirical software",title_abstract_not_on_topic,10.48550/arxiv.2310.14735,2026-08-16
02需求,paper,"""requirements elicitation"" techniques empirical software",title_abstract_not_on_topic,10.3390/math12050629,2026-08-16
02需求,paper,"""requirements elicitation"" techniques empirical software",title_abstract_not_on_topic,10.1007/s43681-023-00331-3,2026-08-16
02需求,paper,"""requirements elicitation"" techniques empirical software",title_abstract_not_on_topic,10.3390/su16052032,2026-08-16
02需求,paper,"""requirements elicitation"" techniques empirical software",title_abstract_not_on_topic,10.1177/87569728241254095,2026-08-16
02需求,paper,"""requirements elicitation"" techniques empirical software",title_abstract_not_on_topic,10.3390/app14051792,2026-08-16
02需求,paper,"""requirements elicitation"" techniques empirical software",title_abstract_not_on_topic,10.30574/ijsra.2024.11.1.0218,2026-08-16
09收尾,paper,"""organizational learning"" project-based organization",pdf_download_failed_or_paywall,https://doi.org/10.1177/13505076231210635,2026-08-16
09收尾,paper,"""organizational learning"" project-based organization",pdf_download_failed_or_paywall,https://onlinelibrary.wiley.com/doi/pdfdirect/10.1002/bse.4028,2026-08-16
08沟通,paper,"""media richness"" project communication",pdf_download_failed_or_paywall,https://doi.org/10.1016/j.jbusres.2024.114746,2026-08-16
09收尾,paper,project lessons learned failure knowledge management,pdf_download_failed_or_paywall,https://www.mdpi.com/2071-1050/16/22/9643/pdf?version=1730817255,2026-08-16
06交付,paper,"""stage-gate"" new product development review",pdf_download_failed_or_paywall,http://www.csbj.org/article/S2001037024001612/pdf,2026-08-16
06交付,paper,"""customer acceptance"" project deliverable",pdf_download_failed_or_paywall,https://journals.sagepub.com/doi/pdf/10.1177/00472875231190610,2026-08-16
02需求,paper,"""requirements traceability"" acceptance criteria",title_abstract_not_on_topic,10.1016/j.plas.2023.100101,2026-08-16
02需求,paper,"""requirements traceability"" acceptance criteria",title_abstract_not_on_topic,10.1145/3626234,2026-08-16
02需求,paper,"""requirements traceability"" acceptance criteria",title_abstract_not_on_topic,10.1016/j.jii.2024.100578,2026-08-16
02需求,paper,"""requirements traceability"" acceptance criteria",title_abstract_not_on_topic,10.1080/09537287.2023.2296669,2026-08-16
02需求,paper,"""requirements traceability"" acceptance criteria",title_abstract_not_on_topic,10.1093/mnras/stae1982,2026-08-16
02需求,paper,"""requirements traceability"" acceptance criteria",title_abstract_not_on_topic,10.3390/s25103075,2026-08-16
02需求,paper,"""requirements traceability"" acceptance criteria",title_abstract_not_on_topic,10.1007/s11214-024-01072-3,2026-08-16
02需求,paper,"""requirements traceability"" acceptance criteria",title_abstract_not_on_topic,10.1002/sys.21717,2026-08-16
02需求,paper,"""requirements traceability"" acceptance criteria",title_abstract_not_on_topic,10.60087/jklst.v3.n4.p133,2026-08-16
02需求,paper,"""requirements traceability"" acceptance criteria",title_abstract_not_on_topic,10.3390/technologies11060165,2026-08-16
02需求,paper,"""requirements traceability"" acceptance criteria",title_abstract_not_on_topic,10.1007/s10664-024-10516-x,2026-08-16
02需求,paper,"""requirements traceability"" acceptance criteria",title_abstract_not_on_topic,10.1016/j.csbj.2025.02.022,2026-08-16
02需求,paper,"""requirements traceability"" acceptance criteria",title_abstract_not_on_topic,10.63180/jcsra.thestap.2025.4.2,2026-08-16
02需求,paper,"""requirements traceability"" acceptance criteria",title_abstract_not_on_topic,10.1109/access.2024.3387730,2026-08-16
02需求,paper,"""requirements traceability"" acceptance criteria",title_abstract_not_on_topic,10.1111/1750-3841.70589,2026-08-16
02需求,paper,"""requirements traceability"" acceptance criteria",title_abstract_not_on_topic,10.34190/ejel.21.5.3089,2026-08-16
02需求,paper,"""requirements traceability"" acceptance criteria",title_abstract_not_on_topic,10.69888/ftscs.2024.000199,2026-08-16
02需求,paper,"""requirements traceability"" acceptance criteria",title_abstract_not_on_topic,10.5121/ijaia.2024.15101,2026-08-16
02需求,paper,"""requirements traceability"" acceptance criteria",title_abstract_not_on_topic,10.3390/aerospace12020114,2026-08-16
02需求,paper,"""requirements traceability"" acceptance criteria",title_abstract_not_on_topic,10.55981/tdm.2023.6934,2026-08-16
02需求,paper,"""requirements traceability"" acceptance criteria",title_abstract_not_on_topic,10.3390/constrmater5030057,2026-08-16
02需求,paper,"""requirements traceability"" acceptance criteria",title_abstract_not_on_topic,10.1017/pds.2025.10040,2026-08-16
02需求,paper,"""requirements traceability"" acceptance criteria",title_abstract_not_on_topic,10.56530/spectroscopy.wu2080k9,2026-08-16
02需求,paper,"""requirements traceability"" acceptance criteria",title_abstract_not_on_topic,10.1002/sys.21788,2026-08-16
02需求,paper,"""requirements traceability"" acceptance criteria",title_abstract_not_on_topic,10.3390/math14050899,2026-08-16
02需求,paper,"""requirements traceability"" acceptance criteria",title_abstract_not_on_topic,10.1371/journal.pgph.0003703,2026-08-16
02需求,paper,"""requirements traceability"" acceptance criteria",title_abstract_not_on_topic,10.53941/jetia.2026.100002,2026-08-16
02需求,paper,"""requirements traceability"" acceptance criteria",title_abstract_not_on_topic,10.3390/aerospace13020183,2026-08-16
02需求,paper,"""requirements traceability"" acceptance criteria",title_abstract_not_on_topic,10.5120/ijca2025926030,2026-08-16
02需求,paper,"""requirements traceability"" acceptance criteria",title_abstract_not_on_topic,10.55164/ajstr.v28i3.255648,2026-08-16
06交付,paper,"""stage-gate"" new product development review",pdf_download_failed_or_paywall,https://www.tandfonline.com/doi/pdf/10.1080/09537287.2023.2280907?needAccess=true,2026-08-16
06交付,paper,"""stage-gate"" new product development review",pdf_download_failed_or_paywall,https://doi.org/10.1016/j.techfore.2023.122942,2026-08-16
02需求,paper,"""requirements engineering"" change management validation",title_abstract_not_on_topic,10.2139/ssrn.4885910,2026-08-16
02需求,paper,"""requirements engineering"" change management validation",title_abstract_not_on_topic,10.3390/info15110726,2026-08-16
02需求,paper,"""requirements engineering"" change management validation",title_abstract_not_on_topic,10.3390/sci6020031,2026-08-16
02需求,paper,"""requirements engineering"" change management validation",title_abstract_not_on_topic,10.55529/ijitc.52.70.82,2026-08-16
02需求,paper,"""requirements engineering"" change management validation",title_abstract_not_on_topic,10.1016/j.inffus.2024.102301,2026-08-16
02需求,paper,"""requirements engineering"" change management validation",title_abstract_not_on_topic,10.1080/0144929x.2026.2638915,2026-08-16
01洽谈,paper,"""solution selling"" product-line selection B2B",pdf_download_failed_or_paywall,https://doi.org/10.1016/j.indmarman.2026.01.009,2026-08-16
09收尾,paper,"""organizational learning"" project-based organization",pdf_download_failed_or_paywall,https://doi.org/10.1016/j.heliyon.2024.e25583,2026-08-16
06交付,paper,"""verification and validation"" software acceptance",pdf_download_failed_or_paywall,https://www.mdpi.com/2071-1050/15/20/15122/pdf?version=1697876095,2026-08-16
09收尾,paper,project lessons learned failure knowledge management,pdf_download_failed_or_paywall,https://doi.org/10.1016/j.iswcr.2024.05.004,2026-08-16
09收尾,paper,"""organizational learning"" project-based organization",pdf_download_failed_or_paywall,https://www.mdpi.com/2075-5309/14/4/975/pdf?version=1711984086,2026-08-16
01洽谈,paper,"""solution selling"" product-line selection B2B",pdf_download_failed_or_paywall,https://www.mdpi.com/2071-1050/17/19/8595/pdf?version=1758785659,2026-08-16
09收尾,paper,"""organizational learning"" project-based organization",pdf_download_failed_or_paywall,https://www.mdpi.com/2071-1050/16/10/4275/pdf?version=1716105953,2026-08-16
02需求,paper,agile requirements engineering systematic review,title_abstract_not_on_topic,10.3390/su152015088,2026-08-16
08沟通,paper,"""stakeholder theory"" project management salience",pdf_download_failed_or_paywall,https://onlinelibrary.wiley.com/doi/pdfdirect/10.1002/hrm.22318,2026-08-16
02需求,paper,agile requirements engineering systematic review,title_abstract_not_on_topic,10.1007/s43681-024-00653-w,2026-08-16
02需求,paper,agile requirements engineering systematic review,title_abstract_not_on_topic,10.48550/arxiv.2402.07927,2026-08-16
02需求,paper,agile requirements engineering systematic review,title_abstract_not_on_topic,10.3390/electronics13030542,2026-08-16
02需求,paper,agile requirements engineering systematic review,title_abstract_not_on_topic,10.51594/csitrj.v5i1.717,2026-08-16
02需求,paper,agile requirements engineering systematic review,title_abstract_not_on_topic,10.1177/87569728241254095,2026-08-16
02需求,paper,agile requirements engineering systematic review,title_abstract_not_on_topic,10.1007/s11846-024-00745-1,2026-08-16
02需求,paper,agile requirements engineering systematic review,title_abstract_not_on_topic,10.3390/admsci14010017,2026-08-16
02需求,paper,agile requirements engineering systematic review,title_abstract_not_on_topic,10.1002/job.2735,2026-08-16
02需求,paper,agile requirements engineering systematic review,title_abstract_not_on_topic,10.1016/j.iot.2023.100982,2026-08-16
02需求,paper,agile requirements engineering systematic review,title_abstract_not_on_topic,10.1007/s11528-025-01100-1,2026-08-16
02需求,paper,agile requirements engineering systematic review,title_abstract_not_on_topic,10.1080/00207543.2024.2406021,2026-08-16
02需求,paper,agile requirements engineering systematic review,title_abstract_not_on_topic,10.1016/j.heliyon.2023.e21023,2026-08-16
02需求,paper,agile requirements engineering systematic review,title_abstract_not_on_topic,10.1007/s11704-024-40231-1,2026-08-16
02需求,paper,agile requirements engineering systematic review,title_abstract_not_on_topic,10.1177/23970022231226316,2026-08-16
02需求,paper,agile requirements engineering systematic review,title_abstract_not_on_topic,10.1016/j.jss.2024.112011,2026-08-16
02需求,paper,agile requirements engineering systematic review,title_abstract_not_on_topic,10.1007/s11301-024-00405-4,2026-08-16
02需求,paper,agile requirements engineering systematic review,title_abstract_not_on_topic,10.1145/3631976,2026-08-16
02需求,paper,agile requirements engineering systematic review,title_abstract_not_on_topic,10.1111/puar.13787,2026-08-16
02需求,paper,agile requirements engineering systematic review,title_abstract_not_on_topic,10.1145/3639060,2026-08-16
02需求,paper,agile requirements engineering systematic review,title_abstract_not_on_topic,10.1111/1467-8551.12797,2026-08-16
02需求,paper,agile requirements engineering systematic review,title_abstract_not_on_topic,10.3389/frai.2024.1456486,2026-08-16
02需求,paper,agile requirements engineering systematic review,title_abstract_not_on_topic,10.3390/sym15091679,2026-08-16
02需求,paper,agile requirements engineering systematic review,title_abstract_not_on_topic,10.1111/jpim.12698,2026-08-16
02需求,paper,agile requirements engineering systematic review,title_abstract_not_on_topic,10.48550/arxiv.2310.14735,2026-08-16
02需求,paper,agile requirements engineering systematic review,title_abstract_not_on_topic,10.1016/j.atech.2024.100396,2026-08-16
02需求,paper,agile requirements engineering systematic review,title_abstract_not_on_topic,10.29322/ijsrp.13.08.2023.p14015,2026-08-16
02需求,paper,agile requirements engineering systematic review,title_abstract_not_on_topic,10.3390/systems11080400,2026-08-16
02需求,paper,agile requirements engineering systematic review,title_abstract_not_on_topic,10.1016/j.techfore.2024.123301,2026-08-16
02需求,paper,agile requirements engineering systematic review,title_abstract_not_on_topic,10.1016/j.hybadv.2024.100242,2026-08-16
02需求,paper,agile requirements engineering systematic review,title_abstract_not_on_topic,10.1016/j.jss.2023.111906,2026-08-16
02需求,paper,agile requirements engineering systematic review,title_abstract_not_on_topic,10.3390/drones7100620,2026-08-16
02需求,paper,agile requirements engineering systematic review,title_abstract_not_on_topic,10.1002/csr.2611,2026-08-16
02需求,paper,agile requirements engineering systematic review,title_abstract_not_on_topic,10.1007/s11301-024-00418-z,2026-08-16
02需求,paper,agile requirements engineering systematic review,title_abstract_not_on_topic,10.3390/ijfs12010003,2026-08-16
02需求,paper,agile requirements engineering systematic review,title_abstract_not_on_topic,10.1145/3687301,2026-08-16
02需求,paper,agile requirements engineering systematic review,title_abstract_not_on_topic,10.1016/j.trf.2023.10.001,2026-08-16
02需求,paper,agile requirements engineering systematic review,title_abstract_not_on_topic,10.1016/j.sca.2024.100075,2026-08-16
02需求,paper,agile requirements engineering systematic review,title_abstract_not_on_topic,10.3390/info15100592,2026-08-16
02需求,paper,agile requirements engineering systematic review,title_abstract_not_on_topic,10.1007/s10055-025-01136-x,2026-08-16
02需求,paper,agile requirements engineering systematic review,title_abstract_not_on_topic,10.3390/logistics7040089,2026-08-16
02需求,paper,agile requirements engineering systematic review,title_abstract_not_on_topic,10.1186/s42162-024-00385-5,2026-08-16
02需求,paper,agile requirements engineering systematic review,title_abstract_not_on_topic,10.1007/s44163-023-00089-x,2026-08-16
02需求,paper,agile requirements engineering systematic review,title_abstract_not_on_topic,10.1080/00207543.2023.2270586,2026-08-16
02需求,paper,agile requirements engineering systematic review,title_abstract_not_on_topic,10.1108/jkm-12-2022-0993,2026-08-16
02需求,paper,agile requirements engineering systematic review,title_abstract_not_on_topic,10.1080/09537287.2023.2286283,2026-08-16
02需求,paper,agile requirements engineering systematic review,title_abstract_not_on_topic,10.1016/j.hrmr.2024.101043,2026-08-16
02需求,paper,agile requirements engineering systematic review,title_abstract_not_on_topic,10.3390/ijfs11040123,2026-08-16
02需求,paper,agile requirements engineering systematic review,title_abstract_not_on_topic,10.1186/s40537-024-00914-9,2026-08-16
02需求,paper,agile requirements engineering systematic review,title_abstract_not_on_topic,10.1145/3626234,2026-08-16
02需求,paper,agile requirements engineering systematic review,title_abstract_not_on_topic,10.1007/s43615-025-00604-5,2026-08-16
02需求,paper,agile requirements engineering systematic review,title_abstract_not_on_topic,10.1080/09537287.2023.2252376,2026-08-16
02需求,paper,agile requirements engineering systematic review,title_abstract_not_on_topic,10.3390/wevj15080364,2026-08-16
02需求,paper,agile requirements engineering systematic review,title_abstract_not_on_topic,10.3390/info16050399,2026-08-16
02需求,paper,agile requirements engineering systematic review,title_abstract_not_on_topic,10.1080/08276331.2024.2392080,2026-08-16
02需求,paper,agile requirements engineering systematic review,title_abstract_not_on_topic,10.1186/s40854-024-00668-6,2026-08-16
02需求,paper,agile requirements engineering systematic review,title_abstract_not_on_topic,10.26794/2308-944x-2024-12-3-6-27,2026-08-16
02需求,paper,agile requirements engineering systematic review,title_abstract_not_on_topic,10.51594/estj.v4i6.638,2026-08-16
02需求,paper,agile requirements engineering systematic review,title_abstract_not_on_topic,10.1016/j.buildenv.2023.110788,2026-08-16
02需求,paper,agile requirements engineering systematic review,title_abstract_not_on_topic,10.30574/gscarr.2024.18.2.0063,2026-08-16
02需求,paper,agile requirements engineering systematic review,title_abstract_not_on_topic,10.1007/s10462-024-10740-3,2026-08-16
02需求,paper,agile requirements engineering systematic review,title_abstract_not_on_topic,10.1002/jsc.2626,2026-08-16
02需求,paper,agile requirements engineering systematic review,title_abstract_not_on_topic,10.3390/electronics13142885,2026-08-16
02需求,paper,agile requirements engineering systematic review,title_abstract_not_on_topic,10.1007/s10462-024-10925-w,2026-08-16
02需求,paper,agile requirements engineering systematic review,title_abstract_not_on_topic,10.3389/frai.2024.1477044,2026-08-16
06交付,paper,"""customer acceptance"" project deliverable",pdf_download_failed_or_paywall,https://doi.org/10.1016/j.techfore.2024.123242,2026-08-16
06交付,paper,"""verification and validation"" software acceptance",pdf_download_failed_or_paywall,https://doi.org/10.14283/jpad.2024.103,2026-08-16
06交付,paper,"""verification and validation"" software acceptance",pdf_download_failed_or_paywall,https://meridian.allenpress.com/aplm/article-pdf/doi/10.5858/arpa.2023-0042-CP/3296271/10.5858_arpa.2023-0042-cp.pdf,2026-08-16
06交付,paper,"""stage-gate"" new product development review",pdf_download_failed_or_paywall,https://ars.els-cdn.com/content/image/1-s2.0-S0160412023005780-ga1_lrg.jpg,2026-08-16
01洽谈,paper,"""solution selling"" product-line selection B2B",pdf_download_failed_or_paywall,https://doi.org/10.1016/j.techfore.2025.124459,2026-08-16
01洽谈,paper,"""solution selling"" product-line selection B2B",pdf_download_failed_or_paywall,https://www.emerald.com/insight/content/doi/10.1108/JBIM-06-2023-0351/full/pdf?title=the-concept-of-discontinuity-in-project-marketing-research-emergence-dissipation-and-glimpses-of-the-future,2026-08-16
06交付,paper,"""stage-gate"" new product development review",pdf_download_failed_or_paywall,https://doi.org/10.1016/j.techfore.2023.122839,2026-08-16
06交付,paper,"""user acceptance testing"" software delivery",pdf_download_failed_or_paywall,http://www.cell.com/article/S2405844023079392/pdf,2026-08-16
09收尾,paper,project lessons learned failure knowledge management,pdf_download_failed_or_paywall,https://www.mdpi.com/1420-3049/28/24/7941/pdf?version=1701756562,2026-08-16
02需求,paper,"""requirements ambiguity"" specification quality",title_abstract_not_on_topic,10.1145/3672359.3672364,2026-08-16
02需求,paper,"""requirements ambiguity"" specification quality",title_abstract_not_on_topic,10.1016/j.jss.2024.112180,2026-08-16
02需求,paper,"""requirements ambiguity"" specification quality",title_abstract_not_on_topic,10.3390/systems13080650,2026-08-16
02需求,paper,"""requirements ambiguity"" specification quality",title_abstract_not_on_topic,10.3389/fmed.2024.1415319,2026-08-16
02需求,paper,"""requirements ambiguity"" specification quality",title_abstract_not_on_topic,10.30537/sjcms.v7i1.1249,2026-08-16
02需求,paper,"""requirements ambiguity"" specification quality",title_abstract_not_on_topic,10.31234/osf.io/49zpg,2026-08-16
02需求,paper,"""requirements ambiguity"" specification quality",title_abstract_not_on_topic,10.34218/ijrcait_07_02_183,2026-08-16
02需求,paper,"""requirements ambiguity"" specification quality",title_abstract_not_on_topic,10.33545/26633582.2025.v7.i2d.266,2026-08-16
02需求,paper,"""requirements ambiguity"" specification quality",title_abstract_not_on_topic,10.38124/ijisrt/26feb900,2026-08-16
02需求,paper,"""requirements ambiguity"" specification quality",title_abstract_not_on_topic,10.47191/etj/v8i8.04,2026-08-16
02需求,paper,"""requirements ambiguity"" specification quality",title_abstract_not_on_topic,Clarify Before Executing: A Self-Evolving Agent for Resolving Intent Asymmetry in 3D Tool Orchestration,2026-08-16
09收尾,paper,project lessons learned failure knowledge management,pdf_download_failed_or_paywall,https://www.tandfonline.com/doi/pdf/10.1080/08856257.2024.2354603?download=true,2026-08-16
02需求,paper,"""requirements ambiguity"" specification quality",title_abstract_not_on_topic,10.38124/ijisrt/26may044,2026-08-16
02需求,paper,"""requirements ambiguity"" specification quality",title_abstract_not_on_topic,10.31026/j.eng.2026.03.03,2026-08-16
02需求,paper,"""requirements ambiguity"" specification quality",title_abstract_not_on_topic,10.58947/journal.abkx42,2026-08-16
02需求,paper,"""requirements ambiguity"" specification quality",title_abstract_not_on_topic,10.28991/cej-2026-012-05-012,2026-08-16
02需求,paper,"""requirements ambiguity"" specification quality",title_abstract_not_on_topic,10.58491/2735-4202.3434,2026-08-16
02需求,paper,"""requirements ambiguity"" specification quality",title_abstract_not_on_topic,10.21203/rs.3.rs-9892855/v1,2026-08-16
02需求,paper,"""requirements ambiguity"" specification quality",title_abstract_not_on_topic,10.1145/3774904.3792893,2026-08-16
02需求,paper,"""requirements ambiguity"" specification quality",title_abstract_not_on_topic,"""AI Watermarking"": Bridging Policy Discourse and Technical Capabilities",2026-08-16
02需求,paper,"""requirements ambiguity"" specification quality",title_abstract_not_on_topic,On AI Safety and Security Technical Debt in Engineering AI-Enabled Systems,2026-08-16
06交付,paper,"""configuration management"" software release checklist",pdf_download_failed_or_paywall,https://doi.org/10.2196/52885,2026-08-16
02需求,paper,"""acceptance criteria"" software requirements testing",title_abstract_not_on_topic,10.1124/dmd.123.000960,2026-08-16
02需求,paper,"""acceptance criteria"" software requirements testing",title_abstract_not_on_topic,10.1016/j.forc.2024.100609,2026-08-16
02需求,paper,"""acceptance criteria"" software requirements testing",title_abstract_not_on_topic,10.1016/j.engfailanal.2024.108385,2026-08-16
08沟通,paper,project meeting effectiveness decision log,pdf_download_failed_or_paywall,https://doi.org/10.1016/j.ijproman.2023.102543,2026-08-16
08沟通,paper,project meeting effectiveness decision log,pdf_download_failed_or_paywall,https://www.mdpi.com/1424-2818/16/9/574/pdf?version=1726208934,2026-08-16
08沟通,paper,project status reporting escalation decision rights,pdf_download_failed_or_paywall,https://www.sciencedirect.com/science/article/pii/S0301479723027093,2026-08-16
02需求,paper,NaPiRE requirements engineering empirical,title_abstract_not_on_topic,10.33168/jsms.2024.0219,2026-08-16
02需求,paper,NaPiRE requirements engineering empirical,title_abstract_not_on_topic,10.25258/ijddt.16.33s.35,2026-08-16
08沟通,paper,project status reporting escalation decision rights,pdf_download_failed_or_paywall,https://www.cambridge.org/core/services/aop-cambridge-core/content/view/D1989AC5C81FB67A5FABB552D3831E46/S2632324924000531a.pdf/div-class-title-artificial-intelligence-at-the-bench-legal-and-ethical-challenges-of-informing-or-misinforming-judicial-decision-making-through-generative-ai-div.pdf,2026-08-16
02需求,paper,"""requirements elicitation"" techniques empirical software",pdf_download_failed_or_paywall,https://dl.acm.org/doi/pdf/10.1145/3652154,2026-08-16
02需求,paper,agile requirements engineering systematic review,pdf_download_failed_or_paywall,https://doi.org/10.1016/j.compind.2024.104132,2026-08-16
08沟通,paper,"""stakeholder theory"" project management salience",pdf_download_failed_or_paywall,https://onlinelibrary.wiley.com/doi/pdfdirect/10.1002/bse.3601,2026-08-16
02需求,paper,agile requirements engineering systematic review,pdf_download_failed_or_paywall,https://doi.org/10.1016/j.jik.2025.100682,2026-08-16
08沟通,paper,"""virtual team"" communication project performance",pdf_download_failed_or_paywall,https://doi.org/10.1177/10464964241279078,2026-08-16
01洽谈,paper,"""solution selling"" product-line selection B2B",pdf_download_failed_or_paywall,https://www.sciencedirect.com/science/article/pii/S0148296326004212/pdf,2026-08-16
02需求,paper,agile requirements engineering systematic review,pdf_download_failed_or_paywall,https://doi.org/10.1016/j.jpdc.2024.104918,2026-08-16
01洽谈,paper,"""solution selling"" product-line selection B2B",pdf_download_failed_or_paywall,https://www.sciencedirect.com/science/article/pii/S0019850126001100/pdf,2026-08-16
02需求,paper,"""requirements elicitation"" techniques empirical software",pdf_download_failed_or_paywall,https://dl.acm.org/doi/pdf/10.1145/3689374,2026-08-16
06交付,paper,"""customer acceptance"" project deliverable",pdf_download_failed_or_paywall,https://doi.org/10.1016/j.techfore.2024.123395,2026-08-16
01洽谈,paper,"""solution selling"" product-line selection B2B",pdf_download_failed_or_paywall,https://www.tandfonline.com/doi/pdf/10.1080/08853134.2023.2268294?needAccess=true,2026-08-16
09收尾,paper,project lessons learned failure knowledge management,pdf_download_failed_or_paywall,https://onlinelibrary.wiley.com/doi/pdfdirect/10.1049/csy2.12103,2026-08-16
02需求,paper,agile requirements engineering systematic review,pdf_download_failed_or_paywall,https://www.mdpi.com/2076-3417/15/4/2123/pdf?version=1739802445,2026-08-16
09收尾,paper,project lessons learned failure knowledge management,pdf_download_failed_or_paywall,https://doi.org/10.1016/j.plas.2024.100139,2026-08-16
02需求,paper,agile requirements engineering systematic review,pdf_download_failed_or_paywall,https://doi.org/10.1016/j.jclepro.2024.143603,2026-08-16
08沟通,paper,"""stakeholder theory"" project management salience",pdf_download_failed_or_paywall,https://onlinelibrary.wiley.com/doi/pdfdirect/10.1002/bsd2.394,2026-08-16
02需求,paper,agile requirements engineering systematic review,pdf_download_failed_or_paywall,https://www.mdpi.com/2077-0472/13/9/1757/pdf?version=1693836960,2026-08-16
01洽谈,paper,"""solution selling"" product-line selection B2B",pdf_download_failed_or_paywall,https://www.mdpi.com/2227-7099/13/4/101/pdf?version=1743585758,2026-08-16
02需求,paper,agile requirements engineering systematic review,pdf_download_failed_or_paywall,https://fepbl.com/index.php/estj/article/download/1080/1304,2026-08-16
02需求,paper,agile requirements engineering systematic review,pdf_download_failed_or_paywall,https://journalajrcos.com/index.php/AJRCOS/article/download/436/863,2026-08-16
07预算,paper,"""expert judgment"" effort estimation software",pdf_download_failed_or_paywall,https://www.mdpi.com/2076-3417/14/16/7305/pdf?version=1724140761,2026-08-16
02需求,paper,"""requirements elicitation"" techniques empirical software",pdf_download_failed_or_paywall,https://www.cambridge.org/core/services/aop-cambridge-core/content/view/1FC7666F0A0B4E7091D2D4B2D46321B5/S2053470124000088a.pdf/div-class-title-challenges-in-applying-large-language-models-to-requirements-engineering-tasks-div.pdf,2026-08-16
02需求,paper,agile requirements engineering systematic review,pdf_download_failed_or_paywall,https://fepbl.com/index.php/estj/article/download/805/998,2026-08-16
07预算,paper,"""expert judgment"" effort estimation software",pdf_download_failed_or_paywall,https://www.mdpi.com/2227-7390/13/2/278/pdf?version=1737024496,2026-08-16
09收尾,paper,project lessons learned failure knowledge management,pdf_download_failed_or_paywall,https://journals.sagepub.com/doi/pdf/10.1177/00375497231216471?download=true,2026-08-16
08沟通,paper,"""media richness"" project communication",pdf_download_failed_or_paywall,https://doi.org/10.1177/16094069251349580,2026-08-16
01洽谈,paper,"""solution selling"" product-line selection B2B",pdf_download_failed_or_paywall,https://www.authorea.com/doi/pdf/10.22541/au.177574458.87877153/v1,2026-08-16
02需求,paper,agile requirements engineering systematic review,pdf_download_failed_or_paywall,https://www.mdpi.com/2076-3417/14/1/319/pdf?version=1704779223,2026-08-16
09收尾,paper,project lessons learned failure knowledge management,pdf_download_failed_or_paywall,https://ars.els-cdn.com/content/image/1-s2.0-S0959652623042002-ga1_lrg.jpg,2026-08-16
08沟通,paper,"""project communication"" stakeholder engagement",pdf_download_failed_or_paywall,https://doi.org/10.1016/j.plas.2023.100093,2026-08-16
09收尾,paper,project lessons learned failure knowledge management,pdf_download_failed_or_paywall,https://journals.asm.org/doi/pdf/10.1128/cmr.00072-23?download=true,2026-08-16
09收尾,paper,project lessons learned failure knowledge management,pdf_download_failed_or_paywall,https://iwaponline.com/hr/article-pdf/doi/10.2166/nh.2023.067/1292211/nh2023067.pdf,2026-08-16
07预算,paper,"""reference class forecasting"" project budget contingency",pdf_download_failed_or_paywall,https://www.mdpi.com/2075-5309/14/2/478/pdf?version=1707471750,2026-08-16
09收尾,paper,project lessons learned failure knowledge management,pdf_download_failed_or_paywall,https://www.mdpi.com/2227-7102/14/4/402/pdf?version=1712904042,2026-08-16
09收尾,paper,project lessons learned failure knowledge management,pdf_download_failed_or_paywall,https://www.elibrary.imf.org/downloadpdf/journals/001/2023/181/001.2023.issue-181-en.xml,2026-08-16
06交付,paper,"""stage-gate"" new product development review",pdf_download_failed_or_paywall,https://academic.oup.com/ieam/advance-article-pdf/doi/10.1093/inteam/vjae031/61331191/vjae031.pdf,2026-08-16
09收尾,paper,"""lessons learned"" project closeout knowledge",pdf_download_failed_or_paywall,https://www.mdpi.com/2078-2489/15/4/226/pdf?version=1713360983,2026-08-16
06交付,paper,"""customer acceptance"" project deliverable",pdf_download_failed_or_paywall,https://www.mdpi.com/2076-328X/14/8/671/pdf?version=1722827754,2026-08-16
09收尾,paper,"""project close-out"" post-project review",pdf_download_failed_or_paywall,https://www.tandfonline.com/doi/pdf/10.1080/15623599.2023.2266676?download=true,2026-08-16
09收尾,paper,"""project success"" iron triangle benefits realization",pdf_download_failed_or_paywall,https://www.tandfonline.com/doi/pdf/10.1080/15623599.2024.2397626?needAccess=true,2026-08-16
07预算,paper,"""expert judgment"" effort estimation software",pdf_download_failed_or_paywall,https://www.tandfonline.com/doi/pdf/10.1080/13675567.2023.2264788?download=true,2026-08-16
01洽谈,paper,"""adaptive selling"" customer discovery conversation",pdf_download_failed_or_paywall,https://papers.ssrn.com/sol3/Delivery.cfm/7224259.pdf?abstractid=7224259&mirid=1,2026-08-16
06交付,paper,"""stage-gate"" new product development review",pdf_download_failed_or_paywall,https://doi.org/10.1016/j.bushor.2024.04.002,2026-08-16
07预算,paper,"""software effort estimation"" systematic review",pdf_download_failed_or_paywall,https://www.igi-global.com/ViewTitle.aspx?TitleId=331753&isxn=9781668479346,2026-08-16
07预算,paper,project cost contingency reserve risk,pdf_download_failed_or_paywall,https://escholarship.org/content/qt2v64k6tg/qt2v64k6tg.pdf,2026-08-16
08沟通,paper,"""project communication"" stakeholder engagement",pdf_download_failed_or_paywall,https://doi.org/10.1016/j.ejor.2023.06.040,2026-08-16
08沟通,paper,project meeting effectiveness decision log,pdf_download_failed_or_paywall,https://dl.acm.org/doi/pdf/10.1145/3610196,2026-08-16
07预算,paper,"""software effort estimation"" systematic review",pdf_download_failed_or_paywall,https://www.mdpi.com/2079-9292/13/23/4843/pdf?version=1733652541,2026-08-16
07预算,paper,"""expert judgment"" effort estimation software",pdf_download_failed_or_paywall,https://www.mdpi.com/2227-7102/14/8/917/pdf?version=1724245798,2026-08-16
08沟通,paper,"""virtual team"" communication project performance",pdf_download_failed_or_paywall,https://www.mdpi.com/2076-3387/15/4/129/pdf?version=1743481467,2026-08-16
09收尾,paper,"""project success"" iron triangle benefits realization",pdf_download_failed_or_paywall,https://www.mdpi.com/2071-1050/15/18/13617/pdf?version=1694511967,2026-08-16
08沟通,paper,"""RACI"" responsibility assignment project",pdf_download_failed_or_paywall,https://doi.org/10.1016/j.scs.2025.106528,2026-08-16
07预算,paper,"""expert judgment"" effort estimation software",pdf_download_failed_or_paywall,https://www.mdpi.com/2076-3417/13/19/10751/pdf?version=1695824878,2026-08-16
06交付,paper,"""customer acceptance"" project deliverable",pdf_download_failed_or_paywall,http://www.cell.com/article/S2405844024010624/pdf,2026-08-16
07预算,paper,"""planning fallacy"" project cost overrun",pdf_download_failed_or_paywall,https://doi.org/10.1016/j.plas.2024.100128,2026-08-16
06交付,paper,"""verification and validation"" software acceptance",pdf_download_failed_or_paywall,http://onlinecjc.ca/article/S0828282X24005610/pdf,2026-08-16
07预算,paper,"""software effort estimation"" systematic review",pdf_download_failed_or_paywall,https://onlinelibrary.wiley.com/doi/pdfdirect/10.1002/smr.2611,2026-08-16
06交付,paper,"""customer acceptance"" project deliverable",pdf_download_failed_or_paywall,https://doi.org/10.1016/j.indmarman.2024.01.009,2026-08-16
02需求,paper,"""requirements engineering"" change management validation",pdf_download_failed_or_paywall,https://www.mdpi.com/2078-2489/14/12/666/pdf?version=1702904910,2026-08-16
06交付,paper,"""customer acceptance"" project deliverable",pdf_download_failed_or_paywall,https://downloads.hindawi.com/journals/edri/2023/5452563.pdf,2026-08-16
06交付,paper,"""customer acceptance"" project deliverable",pdf_download_failed_or_paywall,https://ars.els-cdn.com/content/image/1-s2.0-S0360319923064674-ga1_lrg.jpg,2026-08-16
08沟通,paper,"""virtual team"" communication project performance",pdf_download_failed_or_paywall,https://downloads.hindawi.com/journals/hbet/2024/8373370.pdf,2026-08-16
06交付,paper,"""requirements to test"" traceability acceptance",pdf_download_failed_or_paywall,https://doi.org/10.1016/j.lwt.2023.115612,2026-08-16
08沟通,paper,"""project communication"" stakeholder engagement",pdf_download_failed_or_paywall,https://fepbl.com/index.php/estj/article/download/1078/1302,2026-08-16
09收尾,paper,"""organizational learning"" project-based organization",pdf_download_failed_or_paywall,https://doi.org/10.1016/j.heliyon.2024.e39361,2026-08-16
08沟通,paper,"""media richness"" project communication",pdf_download_failed_or_paywall,https://www.mdpi.com/2673-5172/5/3/73/pdf?version=1724258066,2026-08-16
08沟通,paper,project status reporting escalation decision rights,pdf_download_failed_or_paywall,https://ascopubs.org/doi/pdfdirect/10.1200/EDBK_432420,2026-08-16
07预算,paper,"""expert judgment"" effort estimation software",pdf_download_failed_or_paywall,https://doi.org/10.3390/buildings14092890,2026-08-16
06交付,paper,"""customer acceptance"" project deliverable",pdf_download_failed_or_paywall,https://www.dovepress.com/getfile.php?fileID=97264,2026-08-16
06交付,paper,"""requirements to test"" traceability acceptance",pdf_download_failed_or_paywall,https://doi.org/10.1109/tse.2024.3444697,2026-08-16
06交付,paper,"""customer acceptance"" project deliverable",pdf_download_failed_or_paywall,https://doi.org/10.1080/14735903.2024.2368351,2026-08-16
08沟通,paper,"""stakeholder theory"" project management salience",pdf_download_failed_or_paywall,https://www.mdpi.com/2071-1050/17/15/7054/pdf?version=1754298191,2026-08-16
08沟通,paper,"""stakeholder theory"" project management salience",pdf_download_failed_or_paywall,https://www.emerald.com/insight/content/doi/10.1108/IJOPM-09-2022-0549/full/pdf?title=toward-a-moral-approach-to-stakeholder-management-insights-from-the-inclusion-of-marginalized-stakeholders-in-the-operations-of-social-enterprises,2026-08-16
06交付,paper,"""customer acceptance"" project deliverable",pdf_download_failed_or_paywall,https://doi.org/10.1177/10946705251344387,2026-08-16
06交付,paper,"""customer acceptance"" project deliverable",pdf_download_failed_or_paywall,https://www.mdpi.com/2071-1050/17/2/798/pdf?version=1737458193,2026-08-16
06交付,paper,"""requirements to test"" traceability acceptance",pdf_download_failed_or_paywall,https://www.tandfonline.com/doi/pdf/10.1080/00207543.2025.2464161,2026-08-16
06交付,paper,"""requirements to test"" traceability acceptance",pdf_download_failed_or_paywall,https://doi.org/10.1037/rev0000532,2026-08-16
08沟通,paper,"""stakeholder theory"" project management salience",pdf_download_failed_or_paywall,https://www.mdpi.com/2071-1050/15/17/13114/pdf?version=1693467207,2026-08-16
02需求,paper,"""acceptance criteria"" software requirements testing",pdf_download_failed_or_paywall,https://pubs.acs.org/doi/pdf/10.1021/acs.molpharmaceut.4c00758?ref=article_openPDF,2026-08-16
06交付,paper,"""customer acceptance"" project deliverable",pdf_download_failed_or_paywall,https://onlinelibrary.wiley.com/doi/pdfdirect/10.1002/mar.22086,2026-08-16
08沟通,paper,"""stakeholder analysis"" construction project",pdf_download_failed_or_paywall,https://doi.org/10.1016/j.plas.2024.100142,2026-08-16
06交付,paper,"""customer acceptance"" project deliverable",pdf_download_failed_or_paywall,https://www.mdpi.com/1911-8074/17/10/470/pdf?version=1729216204,2026-08-16
02需求,paper,"""acceptance criteria"" software requirements testing",pdf_download_failed_or_paywall,https://doi.org/10.1109/tse.2024.3444697,2026-08-16
09收尾,paper,"""organizational learning"" project-based organization",pdf_download_failed_or_paywall,https://doi.org/10.1016/j.jik.2024.100604,2026-08-16
08沟通,paper,"""stakeholder analysis"" construction project",pdf_download_failed_or_paywall,https://www.mdpi.com/2673-5768/6/1/5/pdf?version=1735971803,2026-08-16
02需求,paper,"""requirements traceability"" acceptance criteria",pdf_download_failed_or_paywall,https://www.mdpi.com/2306-5354/12/2/136/pdf?version=1738255398,2026-08-16
08沟通,paper,project status reporting escalation decision rights,pdf_download_failed_or_paywall,https://www.tandfonline.com/doi/pdf/10.1080/26410397.2023.2262882?download=true,2026-08-16
09收尾,paper,"""organizational learning"" project-based organization",pdf_download_failed_or_paywall,https://onlinelibrary.wiley.com/doi/pdfdirect/10.1155/2024/7267388,2026-08-16
08沟通,paper,project meeting effectiveness decision log,pdf_download_failed_or_paywall,https://ars.els-cdn.com/content/image/1-s2.0-S0043135424003804-ga1_lrg.jpg,2026-08-16
08沟通,paper,"""stakeholder theory"" project management salience",pdf_download_failed_or_paywall,https://doi.org/10.1002/sres.2970,2026-08-16
07预算,paper,"""expert judgment"" effort estimation software",pdf_download_failed_or_paywall,https://www.mdpi.com/2073-4441/15/23/4159/pdf?version=1701337613,2026-08-16
06交付,paper,"""customer acceptance"" project deliverable",pdf_download_failed_or_paywall,https://doi.org/10.2147/rmhp.s469324,2026-08-16
06交付,paper,"""customer acceptance"" project deliverable",pdf_download_failed_or_paywall,https://doi.org/10.1016/j.tre.2024.103787,2026-08-16
06交付,paper,"""customer acceptance"" project deliverable",pdf_download_failed_or_paywall,https://www.emerald.com/insight/content/doi/10.1108/JABS-06-2023-0234/full/pdf?title=what-motivates-consumers-continued-usage-intentions-of-food-delivery-applications-in-post-covid-19-outbreak-comparing-generations-x-y-and-z,2026-08-16
06交付,paper,software release integrity checksum configuration,pdf_download_failed_or_paywall,https://doi.org/10.1016/j.ecoinf.2024.102926,2026-08-16
09收尾,paper,"""organizational learning"" project-based organization",pdf_download_failed_or_paywall,https://onlinelibrary.wiley.com/doi/pdfdirect/10.1002/smr.2759,2026-08-16
02需求,paper,agile requirements engineering systematic review,pdf_download_failed_or_paywall,https://doi.org/10.1016/j.infsof.2024.107423,2026-08-16
08沟通,paper,"""stakeholder analysis"" construction project",pdf_download_failed_or_paywall,https://onlinelibrary.wiley.com/doi/pdfdirect/10.1002/bse.3568,2026-08-16
06交付,paper,"""user acceptance testing"" software delivery",pdf_download_failed_or_paywall,https://doi.org/10.1097/jmq.0000000000000137,2026-08-16
09收尾,paper,project lessons learned failure knowledge management,pdf_download_failed_or_paywall,https://doi.org/10.1017/wat.2024.1,2026-08-16
08沟通,paper,project status reporting escalation decision rights,pdf_download_failed_or_paywall,https://onlinelibrary.wiley.com/doi/pdfdirect/10.1111/beer.12734,2026-08-16
09收尾,paper,project lessons learned failure knowledge management,pdf_download_failed_or_paywall,https://www.spiedigitallibrary.org/journals/Journal-of-Astronomical-Telescopes-Instruments-and-Systems/volume-10/issue-1/011208/Lessons-learned-from-systems-engineering-on-the-James-Webb-Space/10.1117/1.JATIS.10.1.011208.pdf,2026-08-16
08沟通,paper,project meeting effectiveness decision log,pdf_download_failed_or_paywall,https://www.mdpi.com/2079-9292/14/1/87/pdf?version=1735376444,2026-08-16
09收尾,paper,project lessons learned failure knowledge management,pdf_download_failed_or_paywall,https://doi.org/10.1016/j.landusepol.2025.107747,2026-08-16
09收尾,paper,"""project close-out"" post-project review",pdf_download_failed_or_paywall,https://www.tandfonline.com/doi/pdf/10.1080/09537287.2023.2256287?needAccess=true&role=button,2026-08-16
09收尾,paper,"""organizational learning"" project-based organization",pdf_download_failed_or_paywall,https://www.tandfonline.com/doi/pdf/10.1080/23311975.2023.2284437?download=true,2026-08-16
09收尾,paper,"""organizational learning"" project-based organization",pdf_download_failed_or_paywall,https://www.emerald.com/insight/content/doi/10.1108/TLO-12-2022-0158/full/pdf?title=may-the-force-of-lifelong-learning-be-with-you-sustainable-organizational-learning-in-heis-meeting-competence-needs-in-industry,2026-08-16
09收尾,paper,"""organizational learning"" project-based organization",pdf_download_failed_or_paywall,https://www.mdpi.com/2071-1050/18/3/1157/pdf?version=1769161529,2026-08-16
02需求,paper,"""acceptance criteria"" software requirements testing",pdf_download_failed_or_paywall,https://www.mdpi.com/2304-8158/13/1/153/pdf?version=1704179315,2026-08-16
07预算,paper,"""expert judgment"" effort estimation software",pdf_download_failed_or_paywall,https://www.mdpi.com/2306-5354/12/11/1174/pdf?version=1761667301,2026-08-16
07预算,paper,"""planning fallacy"" project cost overrun",pdf_download_failed_or_paywall,https://www.mdpi.com/2071-1050/16/24/11159/pdf?version=1734615885,2026-08-16
09收尾,paper,project lessons learned failure knowledge management,pdf_download_failed_or_paywall,https://abc.us.org/ojs/index.php/ajtp/article/download/730/1266,2026-08-16
07预算,paper,COCOMO software cost estimation,pdf_download_failed_or_paywall,https://www.preprints.org/manuscript/202403.0556/v1/download,2026-08-16
08沟通,paper,"""stakeholder theory"" project management salience",pdf_download_failed_or_paywall,https://journals.sagepub.com/doi/pdf/10.1177/87569728241231266,2026-08-16
08沟通,paper,"""stakeholder theory"" project management salience",pdf_download_failed_or_paywall,https://onlinelibrary.wiley.com/doi/pdfdirect/10.1002/csr.2736,2026-08-16
07预算,paper,"""reference class forecasting"" project budget contingency",pdf_download_failed_or_paywall,http://www.cell.com/article/S2405844024021972/pdf,2026-08-16
07预算,paper,project cost contingency reserve risk,pdf_download_failed_or_paywall,https://www.mdpi.com/2075-5309/14/7/2219/pdf?version=1721377208,2026-08-16
08沟通,paper,"""project communication"" stakeholder engagement",pdf_download_failed_or_paywall,https://onlinelibrary.wiley.com/doi/pdfdirect/10.1002/sres.3032,2026-08-16
09收尾,paper,"""project success"" iron triangle benefits realization",pdf_download_failed_or_paywall,https://doi.org/10.1016/j.infsof.2024.107593,2026-08-16
08沟通,paper,"""media richness"" project communication",pdf_download_failed_or_paywall,https://onlinelibrary.wiley.com/doi/pdfdirect/10.1002/csr.2841,2026-08-16
09收尾,paper,"""organizational learning"" project-based organization",pdf_download_failed_or_paywall,https://www.tandfonline.com/doi/pdf/10.1080/14767333.2023.2255839?needAccess=true,2026-08-16
09收尾,paper,"""organizational learning"" project-based organization",pdf_download_failed_or_paywall,https://www.wsp-publishing.com/rc-pub/front/front-article/download/68574791/lowqualitypdf/Optimizing Adaptive Performance: Exploring Organizational Learning Culture across Generations.pdf,2026-08-16
08沟通,paper,"""stakeholder analysis"" construction project",pdf_download_failed_or_paywall,https://www.mdpi.com/2071-1050/16/15/6413/pdf?version=1722249452,2026-08-16
08沟通,paper,"""stakeholder analysis"" construction project",pdf_download_failed_or_paywall,https://www.mdpi.com/2075-5309/14/4/935/pdf?version=1711635930,2026-08-16
02需求,paper,"""requirements engineering"" change management validation",pdf_download_failed_or_paywall,https://www.mdpi.com/2079-9292/13/15/2989/pdf?version=1722255440,2026-08-16
08沟通,paper,project meeting effectiveness decision log,pdf_download_failed_or_paywall,http://www.cell.com/article/S2405844024091473/pdf,2026-08-16
08沟通,paper,project meeting effectiveness decision log,pdf_download_failed_or_paywall,https://fepbl.com/index.php/ijmer/article/download/841/1035,2026-08-16
02需求,paper,agile requirements engineering systematic review,pdf_download_failed_or_paywall,https://www.mdpi.com/2076-3417/14/3/977/pdf?version=1706069329,2026-08-16
02需求,paper,"""acceptance criteria"" software requirements testing",pdf_download_failed_or_paywall,https://www.mdpi.com/2072-4292/16/1/59/pdf?version=1703253057,2026-08-16
02需求,paper,"""acceptance criteria"" software requirements testing",pdf_download_failed_or_paywall,https://pubs.acs.org/doi/pdf/10.1021/acs.analchem.3c03708,2026-08-16
06交付,paper,"""requirements to test"" traceability acceptance",pdf_download_failed_or_paywall,https://doi.org/10.1016/j.joei.2024.101762,2026-08-16
06交付,paper,"""customer acceptance"" project deliverable",pdf_download_failed_or_paywall,https://doi.org/10.1016/j.heliyon.2024.e38117,2026-08-16
06交付,paper,"""customer acceptance"" project deliverable",pdf_download_failed_or_paywall,https://www.businessperspectives.org/images/pdf/applications/publishing/templates/article/assets/19334/IM_2023_04_Shaikh.pdf,2026-08-16
06交付,paper,"""customer acceptance"" project deliverable",pdf_download_failed_or_paywall,https://doi.org/10.1016/j.cie.2024.110747,2026-08-16
02需求,paper,"""requirements engineering"" change management validation",pdf_download_failed_or_paywall,https://doi.org/10.1016/j.infsof.2024.107622,2026-08-16
08沟通,paper,"""stakeholder theory"" project management salience",pdf_download_failed_or_paywall,https://www.mdpi.com/2071-1050/18/1/17/pdf?version=1766138529,2026-08-16
06交付,paper,"""stage-gate"" new product development review",pdf_download_failed_or_paywall,https://content.iospress.com:443/download/journal-of-alzheimers-disease/jad231126?id=journal-of-alzheimers-disease%2Fjad231126,2026-08-16
08沟通,paper,"""media richness"" project communication",pdf_download_failed_or_paywall,https://www.mdpi.com/0718-1876/19/2/46/pdf?version=1713448081,2026-08-16
08沟通,paper,"""stakeholder analysis"" construction project",pdf_download_failed_or_paywall,https://www.mdpi.com/2073-445X/13/6/818/pdf?version=1717752683,2026-08-16
08沟通,paper,project status reporting escalation decision rights,pdf_download_failed_or_paywall,https://www.tandfonline.com/doi/pdf/10.1080/03066150.2024.2349228?needAccess=true,2026-08-16
08沟通,paper,project status reporting escalation decision rights,pdf_download_failed_or_paywall,https://academic.oup.com/bjsw/advance-article-pdf/doi/10.1093/bjsw/bcae022/56850370/bcae022.pdf,2026-08-16
08沟通,paper,project status reporting escalation decision rights,pdf_download_failed_or_paywall,https://doi.org/10.1016/j.jenvman.2024.120650,2026-08-16
02需求,paper,"""requirements ambiguity"" specification quality",pdf_download_failed_or_paywall,https://doi.org/10.1016/j.infsof.2024.107489,2026-08-16
07预算,paper,"""software effort estimation"" systematic review",title_abstract_not_on_topic,10.1007/s11831-023-10030-1,2026-08-16
07预算,paper,"""software effort estimation"" systematic review",title_abstract_not_on_topic,10.3390/digital4030028,2026-08-16
07预算,paper,"""software effort estimation"" systematic review",title_abstract_not_on_topic,10.3390/brainsci15050519,2026-08-16
07预算,paper,"""software effort estimation"" systematic review",title_abstract_not_on_topic,10.48550/arxiv.2409.06741,2026-08-16
07预算,paper,"""software effort estimation"" systematic review",title_abstract_not_on_topic,10.20473/jisebi.9.2.305-319,2026-08-16
07预算,paper,"""software effort estimation"" systematic review",title_abstract_not_on_topic,10.3390/app14010319,2026-08-16
07预算,paper,"""software effort estimation"" systematic review",title_abstract_not_on_topic,10.1007/s10951-025-00857-w,2026-08-16
07预算,paper,"""software effort estimation"" systematic review",title_abstract_not_on_topic,10.21203/rs.3.rs-3209115/v1,2026-08-16
07预算,paper,"""software effort estimation"" systematic review",title_abstract_not_on_topic,10.3390/info15080507,2026-08-16
07预算,paper,"""software effort estimation"" systematic review",title_abstract_not_on_topic,10.35631/jistm.1041026,2026-08-16
07预算,paper,"""software effort estimation"" systematic review",title_abstract_not_on_topic,10.4236/ojbm.2024.126189,2026-08-16
07预算,paper,"""software effort estimation"" systematic review",title_abstract_not_on_topic,10.1007/s11301-024-00424-1,2026-08-16
07预算,paper,"""software effort estimation"" systematic review",title_abstract_not_on_topic,10.34028/iajit/22/5/4,2026-08-16
07预算,paper,"""software effort estimation"" systematic review",title_abstract_not_on_topic,10.1049/sfw2/5691460,2026-08-16
07预算,paper,"""software effort estimation"" systematic review",title_abstract_not_on_topic,10.48550/arxiv.2410.08308,2026-08-16
07预算,paper,"""software effort estimation"" systematic review",title_abstract_not_on_topic,10.3390/app152212329,2026-08-16
07预算,paper,"""software effort estimation"" systematic review",title_abstract_not_on_topic,10.1016/j.indmarman.2026.02.009,2026-08-16
07预算,paper,"""software effort estimation"" systematic review",title_abstract_not_on_topic,10.14419/4t6x0421,2026-08-16
07预算,paper,"""software effort estimation"" systematic review",title_abstract_not_on_topic,10.1002/smr.70030,2026-08-16
07预算,paper,"""software effort estimation"" systematic review",title_abstract_not_on_topic,10.30996/jitcs.12297,2026-08-16
07预算,paper,"""software effort estimation"" systematic review",title_abstract_not_on_topic,10.48550/arxiv.2406.13877,2026-08-16
07预算,paper,"""software effort estimation"" systematic review",title_abstract_not_on_topic,10.5753/jserd.2025.5097,2026-08-16
07预算,paper,"""software effort estimation"" systematic review",title_abstract_not_on_topic,10.22201/fi.25940732e.2024.25.3.017,2026-08-16
07预算,paper,"""software effort estimation"" systematic review",title_abstract_not_on_topic,10.5295/cdg.252329ws,2026-08-16
07预算,paper,"""software effort estimation"" systematic review",title_abstract_not_on_topic,Artificial Intelligence in Project Management InformationSystems: A Systematic Literature Review and Future ResearchAgenda,2026-08-16
07预算,paper,"""software effort estimation"" systematic review",title_abstract_not_on_topic,10.38035/rrj.v8i3.2083,2026-08-16
07预算,paper,"""software effort estimation"" systematic review",title_abstract_not_on_topic,10.1371/journal.pdig.0000536,2026-08-16
07预算,paper,"""software effort estimation"" systematic review",title_abstract_not_on_topic,10.1016/j.jenvman.2024.121264,2026-08-16
07预算,paper,"""software effort estimation"" systematic review",title_abstract_not_on_topic,10.1371/journal.pone.0321854,2026-08-16
07预算,paper,"""software effort estimation"" systematic review",title_abstract_not_on_topic,10.32604/cmc.2024.057587,2026-08-16
07预算,paper,"""software effort estimation"" systematic review",title_abstract_not_on_topic,10.3390/pharmaceutics16020260,2026-08-16
07预算,paper,"""software effort estimation"" systematic review",title_abstract_not_on_topic,10.1038/s41598-023-41848-1,2026-08-16
07预算,paper,"""software effort estimation"" systematic review",title_abstract_not_on_topic,10.34028/iajit/21/3/4,2026-08-16
07预算,paper,"""software effort estimation"" systematic review",title_abstract_not_on_topic,10.1007/s42524-024-4013-y,2026-08-16
07预算,paper,"""software effort estimation"" systematic review",title_abstract_not_on_topic,10.1007/s10270-024-01176-y,2026-08-16
07预算,paper,"""software effort estimation"" systematic review",title_abstract_not_on_topic,10.1108/ijmpb-03-2025-0068,2026-08-16
07预算,paper,"""software effort estimation"" systematic review",title_abstract_not_on_topic,10.1007/s11356-025-36356-w,2026-08-16
07预算,paper,"""software effort estimation"" systematic review",title_abstract_not_on_topic,10.38094/jocef40271,2026-08-16
07预算,paper,"""software effort estimation"" systematic review",title_abstract_not_on_topic,10.1016/j.jss.2023.111909,2026-08-16
07预算,paper,"""software effort estimation"" systematic review",title_abstract_not_on_topic,10.7759/cureus.69250,2026-08-16
07预算,paper,"""software effort estimation"" systematic review",title_abstract_not_on_topic,10.1016/j.ipm.2024.103778,2026-08-16
07预算,paper,"""expert judgment"" effort estimation software",title_abstract_not_on_topic,10.1016/j.infsof.2023.107334,2026-08-16
07预算,paper,"""expert judgment"" effort estimation software",title_abstract_not_on_topic,10.1016/j.ress.2023.109699,2026-08-16
07预算,paper,"""expert judgment"" effort estimation software",title_abstract_not_on_topic,10.1038/s41586-023-06578-4,2026-08-16
07预算,paper,"""expert judgment"" effort estimation software",title_abstract_not_on_topic,10.21203/rs.3.rs-7153894/v1,2026-08-16
07预算,paper,"""expert judgment"" effort estimation software",title_abstract_not_on_topic,10.3390/e26050360,2026-08-16
07预算,paper,"""expert judgment"" effort estimation software",title_abstract_not_on_topic,10.21203/rs.3.rs-9449162/v1,2026-08-16
07预算,paper,"""expert judgment"" effort estimation software",title_abstract_not_on_topic,10.21831/reid.v9i2.52083,2026-08-16
07预算,paper,"""expert judgment"" effort estimation software",title_abstract_not_on_topic,10.1016/j.jobe.2025.114478,2026-08-16
07预算,paper,"""expert judgment"" effort estimation software",title_abstract_not_on_topic,10.21203/rs.3.rs-3579951/v1,2026-08-16
07预算,paper,"""expert judgment"" effort estimation software",title_abstract_not_on_topic,10.38124/ijisrt/ijisrt24apr1614,2026-08-16
07预算,paper,"""expert judgment"" effort estimation software",title_abstract_not_on_topic,10.1038/s41467-025-56573-8,2026-08-16
07预算,paper,"""planning fallacy"" project cost overrun",title_abstract_not_on_topic,10.1093/cjres/rsaf009,2026-08-16
07预算,paper,"""planning fallacy"" project cost overrun",title_abstract_not_on_topic,10.2139/ssrn.6896358,2026-08-16
07预算,paper,"""planning fallacy"" project cost overrun",title_abstract_not_on_topic,10.1080/09537287.2024.2352838,2026-08-16
07预算,paper,"""planning fallacy"" project cost overrun",title_abstract_not_on_topic,10.1016/j.plas.2024.100123,2026-08-16
07预算,paper,"""planning fallacy"" project cost overrun",title_abstract_not_on_topic,10.1016/j.cities.2023.104773,2026-08-16
07预算,paper,"""planning fallacy"" project cost overrun",title_abstract_not_on_topic,10.1080/09537287.2023.2257178,2026-08-16
07预算,paper,"""planning fallacy"" project cost overrun",title_abstract_not_on_topic,10.3390/systems13080650,2026-08-16
07预算,paper,"""planning fallacy"" project cost overrun",title_abstract_not_on_topic,10.2139/ssrn.7228700,2026-08-16
07预算,paper,"""planning fallacy"" project cost overrun",title_abstract_not_on_topic,10.1016/j.scaman.2025.101422,2026-08-16
07预算,paper,"""planning fallacy"" project cost overrun",title_abstract_not_on_topic,10.1080/14649357.2024.2396351,2026-08-16
07预算,paper,"""planning fallacy"" project cost overrun",title_abstract_not_on_topic,10.5130/ajceb.v24i4/5.8417,2026-08-16
07预算,paper,"""planning fallacy"" project cost overrun",title_abstract_not_on_topic,10.3390/electronics14193930,2026-08-16
07预算,paper,"""planning fallacy"" project cost overrun",title_abstract_not_on_topic,10.3390/risks13100188,2026-08-16
07预算,paper,"""planning fallacy"" project cost overrun",title_abstract_not_on_topic,10.17705/1cais.05632,2026-08-16
07预算,paper,"""planning fallacy"" project cost overrun",title_abstract_not_on_topic,10.64753/jcasc.v10i2.1623,2026-08-16
07预算,paper,"""planning fallacy"" project cost overrun",title_abstract_not_on_topic,10.36948/ijfmr.2024.v06i06.33314,2026-08-16
07预算,paper,"""planning fallacy"" project cost overrun",title_abstract_not_on_topic,10.2139/ssrn.4924942,2026-08-16
07预算,paper,"""planning fallacy"" project cost overrun",title_abstract_not_on_topic,10.2139/ssrn.6588119,2026-08-16
07预算,paper,"""planning fallacy"" project cost overrun",title_abstract_not_on_topic,10.58257/ijprems53412,2026-08-16
07预算,paper,"""planning fallacy"" project cost overrun",title_abstract_not_on_topic,10.3390/buildings15234284,2026-08-16
07预算,paper,"""planning fallacy"" project cost overrun",title_abstract_not_on_topic,10.64755/ibcp4691,2026-08-16
07预算,paper,"""planning fallacy"" project cost overrun",title_abstract_not_on_topic,10.3390/buildings16132652,2026-08-16
07预算,paper,"""planning fallacy"" project cost overrun",title_abstract_not_on_topic,10.1108/rbf-11-2023-0303,2026-08-16
07预算,paper,"""planning fallacy"" project cost overrun",title_abstract_not_on_topic,10.1111/cag.70012,2026-08-16
02需求,paper,"""acceptance criteria"" software requirements testing",pdf_download_failed_or_paywall,https://doi.org/10.1177/20556683241284765,2026-08-16
07预算,paper,COCOMO software cost estimation,title_abstract_not_on_topic,10.1016/j.ipm.2024.103778,2026-08-16
07预算,paper,COCOMO software cost estimation,title_abstract_not_on_topic,10.31577/cai_2024_5_1234,2026-08-16
07预算,paper,COCOMO software cost estimation,title_abstract_not_on_topic,10.3390/asi7030034,2026-08-16
07预算,paper,COCOMO software cost estimation,title_abstract_not_on_topic,10.52005/restikom.v5i2.144,2026-08-16
07预算,paper,COCOMO software cost estimation,title_abstract_not_on_topic,10.3390/drones8090477,2026-08-16
07预算,paper,COCOMO software cost estimation,title_abstract_not_on_topic,10.48550/arxiv.2409.09617,2026-08-16
07预算,paper,COCOMO software cost estimation,title_abstract_not_on_topic,10.1093/mnras/stae922,2026-08-16
07预算,paper,COCOMO software cost estimation,title_abstract_not_on_topic,10.3390/app152413099,2026-08-16
07预算,paper,COCOMO software cost estimation,title_abstract_not_on_topic,10.11591/ijeecs.v33.i1.pp290-302,2026-08-16
07预算,paper,COCOMO software cost estimation,title_abstract_not_on_topic,10.48550/arxiv.2406.00560,2026-08-16
07预算,paper,COCOMO software cost estimation,title_abstract_not_on_topic,10.26555/ijain.v10i1.1298,2026-08-16
07预算,paper,COCOMO software cost estimation,title_abstract_not_on_topic,10.30953/bhty.v6.286,2026-08-16
07预算,paper,COCOMO software cost estimation,title_abstract_not_on_topic,10.5539/cis.v17n1p18,2026-08-16
07预算,paper,COCOMO software cost estimation,title_abstract_not_on_topic,10.1145/3630252,2026-08-16
07预算,paper,COCOMO software cost estimation,title_abstract_not_on_topic,10.1002/smr.2612,2026-08-16
07预算,paper,COCOMO software cost estimation,title_abstract_not_on_topic,10.34028/iajit/21/2/4,2026-08-16
07预算,paper,COCOMO software cost estimation,title_abstract_not_on_topic,10.3168/jds.2024-25196,2026-08-16
07预算,paper,COCOMO software cost estimation,title_abstract_not_on_topic,10.1007/s10664-025-10690-6,2026-08-16
07预算,paper,COCOMO software cost estimation,title_abstract_not_on_topic,10.15588/1607-3274-2024-1-8,2026-08-16
07预算,paper,COCOMO software cost estimation,title_abstract_not_on_topic,10.1109/tse.2025.3534032,2026-08-16
07预算,paper,COCOMO software cost estimation,title_abstract_not_on_topic,10.1002/smr.2676,2026-08-16
07预算,paper,COCOMO software cost estimation,title_abstract_not_on_topic,10.48550/arxiv.2309.06020,2026-08-16
07预算,paper,COCOMO software cost estimation,title_abstract_not_on_topic,10.55549/epstem.1535078,2026-08-16
07预算,paper,COCOMO software cost estimation,title_abstract_not_on_topic,10.5194/gmd-17-8593-2024,2026-08-16
07预算,paper,COCOMO software cost estimation,title_abstract_not_on_topic,10.17762/ijritcc.v11i10s.7659,2026-08-16
07预算,paper,COCOMO software cost estimation,title_abstract_not_on_topic,10.14445/22315381/ijett-v71i9p216,2026-08-16
07预算,paper,COCOMO software cost estimation,title_abstract_not_on_topic,10.17762/ijritcc.v11i10s.7710,2026-08-16
07预算,paper,COCOMO software cost estimation,title_abstract_not_on_topic,10.18185/erzifbed.1581945,2026-08-16
07预算,paper,COCOMO software cost estimation,title_abstract_not_on_topic,10.34028/iajit/21/1/3,2026-08-16
07预算,paper,COCOMO software cost estimation,title_abstract_not_on_topic,10.48550/arxiv.2308.03940,2026-08-16
07预算,paper,COCOMO software cost estimation,title_abstract_not_on_topic,10.19184/isj.v8i2.41090,2026-08-16
07预算,paper,COCOMO software cost estimation,title_abstract_not_on_topic,10.3390/fractalfract9110702,2026-08-16
07预算,paper,"""agile effort estimation"" planning poker",title_abstract_not_on_topic,10.51764/smutgd.1768788,2026-08-16
07预算,paper,"""agile effort estimation"" planning poker",title_abstract_not_on_topic,Story Point Estimation Using Large Language Models,2026-08-16
07预算,paper,"""agile effort estimation"" planning poker",title_abstract_not_on_topic,10.1007/s10515-026-00633-w,2026-08-16
07预算,paper,"""agile effort estimation"" planning poker",title_abstract_not_on_topic,From perception to performance,2026-08-16
02需求,paper,"""requirements engineering"" change management validation",pdf_download_failed_or_paywall,https://doi.org/10.2196/50304,2026-08-16
07预算,paper,"""reference class forecasting"" project budget contingency",title_abstract_not_on_topic,10.1080/09537287.2024.2352838,2026-08-16
07预算,paper,"""reference class forecasting"" project budget contingency",title_abstract_not_on_topic,10.1177/87569728231226226,2026-08-16
07预算,paper,"""reference class forecasting"" project budget contingency",title_abstract_not_on_topic,10.69739/jmdr.v2i2.1171,2026-08-16
07预算,paper,"""reference class forecasting"" project budget contingency",title_abstract_not_on_topic,10.1061/jmenea.meeng-5678,2026-08-16
07预算,paper,"""reference class forecasting"" project budget contingency",title_abstract_not_on_topic,10.3390/su16104081,2026-08-16
07预算,paper,"""reference class forecasting"" project budget contingency",title_abstract_not_on_topic,10.21608/erj.2024.307868.1080,2026-08-16
07预算,paper,"""reference class forecasting"" project budget contingency",title_abstract_not_on_topic,10.1080/15228053.2024.2426965,2026-08-16
07预算,paper,"""reference class forecasting"" project budget contingency",title_abstract_not_on_topic,10.2139/ssrn.7228700,2026-08-16
07预算,paper,"""reference class forecasting"" project budget contingency",title_abstract_not_on_topic,10.34117/bjdv11n9-061,2026-08-16
07预算,paper,"""reference class forecasting"" project budget contingency",title_abstract_not_on_topic,10.70248/jmie.v3i3.3671,2026-08-16
07预算,paper,"""reference class forecasting"" project budget contingency",title_abstract_not_on_topic,10.7717/peerj-cs.2195,2026-08-16
07预算,paper,"""reference class forecasting"" project budget contingency",title_abstract_not_on_topic,10.29109/gujsc.1923665,2026-08-16
07预算,paper,"""reference class forecasting"" project budget contingency",title_abstract_not_on_topic,10.51505/ijebmr.2025.9707,2026-08-16
07预算,paper,"""reference class forecasting"" project budget contingency",title_abstract_not_on_topic,10.3390/buildings16132652,2026-08-16
07预算,paper,"""reference class forecasting"" project budget contingency",title_abstract_not_on_topic,10.31223/x5cr1s,2026-08-16
07预算,paper,"""analogy based estimation"" software effort",title_abstract_not_on_topic,10.22214/ijraset.2025.72810,2026-08-16
07预算,paper,"""analogy based estimation"" software effort",title_abstract_not_on_topic,10.57152/malcom.v5i3.2055,2026-08-16
07预算,paper,"""analogy based estimation"" software effort",title_abstract_not_on_topic,10.3390/jtaer19010020,2026-08-16
07预算,paper,"""analogy based estimation"" software effort",title_abstract_not_on_topic,10.52783/jes.2332,2026-08-16
07预算,paper,"""analogy based estimation"" software effort",title_abstract_not_on_topic,10.51764/smutgd.1768788,2026-08-16
07预算,paper,"""analogy based estimation"" software effort",title_abstract_not_on_topic,10.22214/ijraset.2026.81828,2026-08-16
07预算,paper,"""analogy based estimation"" software effort",title_abstract_not_on_topic,10.3390/a19050396,2026-08-16
07预算,paper,"""analogy based estimation"" software effort",title_abstract_not_on_topic,10.1371/journal.pone.0343619,2026-08-16
07预算,paper,"""analogy based estimation"" software effort",title_abstract_not_on_topic,10.48550/arxiv.2505.15741,2026-08-16
07预算,paper,"""analogy based estimation"" software effort",title_abstract_not_on_topic,10.3390/su18157698,2026-08-16
07预算,paper,project cost contingency reserve risk,title_abstract_not_on_topic,10.1057/s41599-024-03180-5,2026-08-16
07预算,paper,project cost contingency reserve risk,title_abstract_not_on_topic,10.1186/s43093-024-00309-5,2026-08-16
07预算,paper,project cost contingency reserve risk,title_abstract_not_on_topic,10.1007/s44290-024-00158-9,2026-08-16
07预算,paper,project cost contingency reserve risk,title_abstract_not_on_topic,10.1016/j.envsci.2024.103705,2026-08-16
07预算,paper,project cost contingency reserve risk,title_abstract_not_on_topic,10.1016/j.heliyon.2024.e31709,2026-08-16
07预算,paper,project cost contingency reserve risk,title_abstract_not_on_topic,10.3390/buildings14020391,2026-08-16
07预算,paper,project cost contingency reserve risk,title_abstract_not_on_topic,10.1002/fes3.534,2026-08-16
07预算,paper,project cost contingency reserve risk,title_abstract_not_on_topic,10.5089/9798400254550.001,2026-08-16
07预算,paper,project cost contingency reserve risk,title_abstract_not_on_topic,10.1007/s00187-024-00370-9,2026-08-16
07预算,paper,project cost contingency reserve risk,title_abstract_not_on_topic,10.1016/j.oneear.2024.04.014,2026-08-16
07预算,paper,project cost contingency reserve risk,title_abstract_not_on_topic,10.1108/sasbe-10-2024-0419,2026-08-16
07预算,paper,project cost contingency reserve risk,title_abstract_not_on_topic,10.3390/su17094200,2026-08-16
07预算,paper,project cost contingency reserve risk,title_abstract_not_on_topic,10.3390/jrfm18010038,2026-08-16
07预算,paper,project cost contingency reserve risk,title_abstract_not_on_topic,10.3390/buildings15203806,2026-08-16
07预算,paper,project cost contingency reserve risk,title_abstract_not_on_topic,10.1111/jori.12504,2026-08-16
07预算,paper,project cost contingency reserve risk,title_abstract_not_on_topic,10.2478/emj-2023-0031,2026-08-16
07预算,paper,project cost contingency reserve risk,title_abstract_not_on_topic,10.1007/s13563-024-00467-6,2026-08-16
07预算,paper,project cost contingency reserve risk,title_abstract_not_on_topic,10.3390/app142412042,2026-08-16
07预算,paper,project cost contingency reserve risk,title_abstract_not_on_topic,10.1007/s11069-024-06448-w,2026-08-16
07预算,paper,project cost contingency reserve risk,title_abstract_not_on_topic,10.1016/j.simpat.2024.102924,2026-08-16
07预算,paper,project cost contingency reserve risk,title_abstract_not_on_topic,10.3389/fenrg.2024.1459830,2026-08-16
07预算,paper,project cost contingency reserve risk,title_abstract_not_on_topic,10.31181/jscda21202440,2026-08-16
07预算,paper,project cost contingency reserve risk,title_abstract_not_on_topic,10.1016/j.resp.2023.104151,2026-08-16
07预算,paper,project cost contingency reserve risk,title_abstract_not_on_topic,10.1108/md-05-2024-0975,2026-08-16
07预算,paper,project cost contingency reserve risk,title_abstract_not_on_topic,10.3390/jmse12040679,2026-08-16
07预算,paper,project cost contingency reserve risk,title_abstract_not_on_topic,10.1080/00051144.2024.2372747,2026-08-16
07预算,paper,project cost contingency reserve risk,title_abstract_not_on_topic,10.3390/en17020512,2026-08-16
07预算,paper,project cost contingency reserve risk,title_abstract_not_on_topic,10.3390/fuels6020042,2026-08-16
07预算,paper,project cost contingency reserve risk,title_abstract_not_on_topic,10.3390/ijfs13020049,2026-08-16
07预算,paper,project cost contingency reserve risk,title_abstract_not_on_topic,10.1002/csr.2852,2026-08-16
07预算,paper,project cost contingency reserve risk,title_abstract_not_on_topic,10.1016/j.oceaneng.2024.119078,2026-08-16
07预算,paper,project cost contingency reserve risk,title_abstract_not_on_topic,10.1007/s10113-023-02174-4,2026-08-16
07预算,paper,project cost contingency reserve risk,title_abstract_not_on_topic,10.1007/s13369-025-09999-7,2026-08-16
07预算,paper,project cost contingency reserve risk,title_abstract_not_on_topic,10.1038/s44168-025-00281-y,2026-08-16
07预算,paper,project cost contingency reserve risk,title_abstract_not_on_topic,10.1038/s44168-025-00231-8,2026-08-16
07预算,paper,project cost contingency reserve risk,title_abstract_not_on_topic,10.52783/jes.1887,2026-08-16
07预算,paper,project cost contingency reserve risk,title_abstract_not_on_topic,10.1007/s10479-026-07252-4,2026-08-16
07预算,paper,project cost contingency reserve risk,title_abstract_not_on_topic,10.3846/jcem.2023.19517,2026-08-16
07预算,paper,project cost contingency reserve risk,title_abstract_not_on_topic,10.1016/j.ijcip.2024.100703,2026-08-16
07预算,paper,project cost contingency reserve risk,title_abstract_not_on_topic,10.1002/tjo3.70006,2026-08-16
07预算,paper,project cost contingency reserve risk,title_abstract_not_on_topic,10.32628/ijsrst5231103,2026-08-16
07预算,paper,project cost contingency reserve risk,title_abstract_not_on_topic,10.1002/met.70043,2026-08-16
07预算,paper,project cost contingency reserve risk,title_abstract_not_on_topic,10.26668/businessreview/2023.v8i8.3394,2026-08-16
07预算,paper,project cost contingency reserve risk,title_abstract_not_on_topic,10.1111/raq.70037,2026-08-16
07预算,paper,project cost contingency reserve risk,title_abstract_not_on_topic,10.1080/13501763.2024.2317969,2026-08-16
07预算,paper,project cost contingency reserve risk,title_abstract_not_on_topic,10.23939/jtbp2023.02.077,2026-08-16
07预算,paper,project cost contingency reserve risk,title_abstract_not_on_topic,10.35808/ersj/3503,2026-08-16
07预算,paper,project cost contingency reserve risk,title_abstract_not_on_topic,10.55643/fcaptp.6.53.2023.4219,2026-08-16
07预算,paper,project cost contingency reserve risk,title_abstract_not_on_topic,10.3390/su16135712,2026-08-16
07预算,paper,project cost contingency reserve risk,title_abstract_not_on_topic,10.3390/su151511808,2026-08-16
07预算,paper,project cost contingency reserve risk,title_abstract_not_on_topic,10.15640/jsspi.v12p3,2026-08-16
07预算,paper,project cost contingency reserve risk,title_abstract_not_on_topic,10.1016/j.egyr.2023.09.049,2026-08-16
07预算,paper,project cost contingency reserve risk,title_abstract_not_on_topic,10.1002/rem.70005,2026-08-16
07预算,paper,project cost contingency reserve risk,title_abstract_not_on_topic,10.15587/2706-5448.2026.352430,2026-08-16
07预算,paper,project cost contingency reserve risk,title_abstract_not_on_topic,10.3390/risks12040072,2026-08-16
07预算,paper,project cost contingency reserve risk,title_abstract_not_on_topic,10.24294/jipd10928,2026-08-16
07预算,paper,project cost contingency reserve risk,title_abstract_not_on_topic,10.1080/09537287.2024.2433479,2026-08-16
07预算,paper,project cost contingency reserve risk,title_abstract_not_on_topic,10.59670/ml.v20is13.6266,2026-08-16
07预算,paper,project cost contingency reserve risk,title_abstract_not_on_topic,10.1016/j.energy.2025.135482,2026-08-16
07预算,paper,project cost contingency reserve risk,title_abstract_not_on_topic,10.1155/2023/8129256,2026-08-16
07预算,paper,project cost contingency reserve risk,title_abstract_not_on_topic,10.32734/ijau.v7i2.13510,2026-08-16
02需求,paper,"""requirements engineering"" change management validation",pdf_download_failed_or_paywall,https://doi.org/10.1016/j.iot.2024.101218,2026-08-16
07预算,paper,project cost contingency reserve risk,pdf_download_failed_or_paywall,https://doi.org/10.1016/j.plas.2023.100101,2026-08-16
07预算,paper,"""expert judgment"" effort estimation software",pdf_download_failed_or_paywall,https://www.mdpi.com/2072-4292/16/23/4491/pdf?version=1732888681,2026-08-16
02需求,paper,agile requirements engineering systematic review,pdf_download_failed_or_paywall,https://doi.org/10.55124/ijas.v1i1.101,2026-08-16
07预算,paper,project cost contingency reserve risk,pdf_download_failed_or_paywall,https://doi.org/10.1016/j.asoc.2023.111152,2026-08-16
07预算,paper,"""analogy based estimation"" software effort",pdf_download_failed_or_paywall,https://www.mdpi.com/2073-431X/14/2/66/pdf?version=1739443329,2026-08-16
07预算,paper,"""software effort estimation"" systematic review",pdf_download_failed_or_paywall,https://onlinelibrary.wiley.com/doi/pdfdirect/10.1002/smr.2665,2026-08-16
07预算,paper,"""reference class forecasting"" project budget contingency",pdf_download_failed_or_paywall,https://www.mdpi.com/2073-445X/13/1/41/pdf?version=1703861420,2026-08-16
07预算,paper,"""expert judgment"" effort estimation software",pdf_download_failed_or_paywall,https://www.cambridge.org/core/services/aop-cambridge-core/content/view/2C966EF70CBBB6FA29FE509957ABE97F/S0272263124000421a.pdf/div-class-title-task-generated-processes-in-second-language-speech-production-span-class-italic-exploring-the-neural-correlates-of-task-complexity-during-silent-pauses-span-div.pdf,2026-08-16
07预算,paper,project cost contingency reserve risk,pdf_download_failed_or_paywall,http://www.cell.com/article/S2405844023083640/pdf,2026-08-16
07预算,paper,"""expert judgment"" effort estimation software",pdf_download_failed_or_paywall,https://www.mdpi.com/2079-8954/12/11/479/pdf?version=1731311502,2026-08-16
07预算,paper,"""expert judgment"" effort estimation software",pdf_download_failed_or_paywall,https://onlinelibrary.wiley.com/doi/pdfdirect/10.1002/ieam.4899,2026-08-16
07预算,paper,"""planning fallacy"" project cost overrun",pdf_download_failed_or_paywall,https://www.tandfonline.com/doi/pdf/10.1080/09537287.2023.2248942?needAccess=true&role=button,2026-08-16
07预算,paper,COCOMO software cost estimation,pdf_download_failed_or_paywall,https://doi.org/10.1016/j.aej.2024.11.042,2026-08-16
07预算,paper,COCOMO software cost estimation,pdf_download_failed_or_paywall,https://www.mdpi.com/2227-7390/12/2/200/pdf?version=1704685235,2026-08-16
07预算,paper,project cost contingency reserve risk,pdf_download_failed_or_paywall,https://doi.org/10.1016/j.apenergy.2025.125418,2026-08-16
07预算,paper,"""software effort estimation"" systematic review",pdf_download_failed_or_paywall,https://doi.org/10.1109/access.2024.3457771,2026-08-16
07预算,paper,"""reference class forecasting"" project budget contingency",pdf_download_failed_or_paywall,https://www.mdpi.com/2075-5309/14/3/643/pdf?version=1709207805,2026-08-16
07预算,paper,project cost contingency reserve risk,pdf_download_failed_or_paywall,https://www.mdpi.com/2079-8954/12/3/93/pdf?version=1710309587,2026-08-16
07预算,paper,"""expert judgment"" effort estimation software",pdf_download_failed_or_paywall,https://doi.org/10.1016/j.scitotenv.2024.176803,2026-08-16
07预算,paper,"""planning fallacy"" project cost overrun",pdf_download_failed_or_paywall,https://doi.org/10.1016/j.plas.2023.100103,2026-08-16
07预算,paper,project cost contingency reserve risk,pdf_download_failed_or_paywall,http://www.cell.com/article/S2405844024020681/pdf,2026-08-16
02需求,paper,"""requirements engineering"" change management validation",pdf_download_failed_or_paywall,https://dl.acm.org/doi/pdf/10.1145/3658669,2026-08-16
07预算,paper,"""expert judgment"" effort estimation software",pdf_download_failed_or_paywall,https://doi.org/10.1016/j.rser.2024.115222,2026-08-16
07预算,paper,"""software effort estimation"" systematic review",pdf_download_failed_or_paywall,https://www.mdpi.com/2076-3417/13/16/9465/pdf?version=1692666237,2026-08-16
07预算,paper,"""expert judgment"" effort estimation software",pdf_download_failed_or_paywall,https://www.mdpi.com/2071-1050/16/17/7790/pdf?version=1725632028,2026-08-16
07预算,paper,"""expert judgment"" effort estimation software",pdf_download_failed_or_paywall,https://www.mdpi.com/2076-3417/14/16/7305/pdf?version=1724140761,2026-08-16
02需求,paper,"""acceptance criteria"" software requirements testing",pdf_download_failed_or_paywall,https://www.physicamedica.com/article/S1120-1797(24)01099-8/pdf,2026-08-16
07预算,paper,"""expert judgment"" effort estimation software",pdf_download_failed_or_paywall,https://www.mdpi.com/2227-7390/13/2/278/pdf?version=1737024496,2026-08-16
02需求,paper,"""acceptance criteria"" software requirements testing",pdf_download_failed_or_paywall,https://www.mdpi.com/1420-3049/28/18/6437/pdf?version=1693904159,2026-08-16
07预算,paper,"""reference class forecasting"" project budget contingency",pdf_download_failed_or_paywall,https://www.mdpi.com/2075-5309/14/2/478/pdf?version=1707471750,2026-08-16
07预算,paper,"""expert judgment"" effort estimation software",pdf_download_failed_or_paywall,https://www.tandfonline.com/doi/pdf/10.1080/13675567.2023.2264788?download=true,2026-08-16
02需求,paper,"""acceptance criteria"" software requirements testing",pdf_download_failed_or_paywall,https://academic.oup.com/jaoac/article-pdf/107/6/921/60297940/qsae061.pdf,2026-08-16
07预算,paper,"""software effort estimation"" systematic review",pdf_download_failed_or_paywall,https://www.igi-global.com/ViewTitle.aspx?TitleId=331753&isxn=9781668479346,2026-08-16
07预算,paper,project cost contingency reserve risk,pdf_download_failed_or_paywall,https://escholarship.org/content/qt2v64k6tg/qt2v64k6tg.pdf,2026-08-16
07预算,paper,"""software effort estimation"" systematic review",pdf_download_failed_or_paywall,https://www.mdpi.com/2079-9292/13/23/4843/pdf?version=1733652541,2026-08-16
07预算,paper,"""expert judgment"" effort estimation software",pdf_download_failed_or_paywall,https://www.mdpi.com/2227-7102/14/8/917/pdf?version=1724245798,2026-08-16
07预算,paper,"""expert judgment"" effort estimation software",pdf_download_failed_or_paywall,https://www.mdpi.com/2076-3417/13/19/10751/pdf?version=1695824878,2026-08-16
07预算,paper,"""planning fallacy"" project cost overrun",pdf_download_failed_or_paywall,https://doi.org/10.1016/j.plas.2024.100128,2026-08-16
07预算,paper,"""software effort estimation"" systematic review",pdf_download_failed_or_paywall,https://onlinelibrary.wiley.com/doi/pdfdirect/10.1002/smr.2611,2026-08-16
07预算,paper,"""expert judgment"" effort estimation software",pdf_download_failed_or_paywall,https://doi.org/10.3390/buildings14092890,2026-08-16
07预算,paper,"""expert judgment"" effort estimation software",pdf_download_failed_or_paywall,https://www.mdpi.com/2073-4441/15/23/4159/pdf?version=1701337613,2026-08-16
07预算,paper,"""expert judgment"" effort estimation software",pdf_download_failed_or_paywall,https://www.mdpi.com/2306-5354/12/11/1174/pdf?version=1761667301,2026-08-16
07预算,paper,"""planning fallacy"" project cost overrun",pdf_download_failed_or_paywall,https://www.mdpi.com/2071-1050/16/24/11159/pdf?version=1734615885,2026-08-16
07预算,paper,COCOMO software cost estimation,pdf_download_failed_or_paywall,https://www.preprints.org/manuscript/202403.0556/v1/download,2026-08-16
07预算,paper,"""reference class forecasting"" project budget contingency",pdf_download_failed_or_paywall,http://www.cell.com/article/S2405844024021972/pdf,2026-08-16
07预算,paper,project cost contingency reserve risk,pdf_download_failed_or_paywall,https://www.mdpi.com/2075-5309/14/7/2219/pdf?version=1721377208,2026-08-16
07预算,paper,"""expert judgment"" effort estimation software",pdf_download_failed_or_paywall,https://doi.org/10.1016/j.asoc.2025.112806,2026-08-16
07预算,paper,"""expert judgment"" effort estimation software",pdf_download_failed_or_paywall,https://doi.org/10.1016/j.scico.2024.103115,2026-08-16
07预算,paper,"""expert judgment"" effort estimation software",pdf_download_failed_or_paywall,https://www.mdpi.com/2072-6694/17/2/301/pdf?version=1737127879,2026-08-16
07预算,paper,"""expert judgment"" effort estimation software",pdf_download_failed_or_paywall,https://www.mdpi.com/2073-4441/15/16/2993/pdf?version=1692603723,2026-08-16
07预算,paper,COCOMO software cost estimation,pdf_download_failed_or_paywall,https://revistas.usal.es/cinco/index.php/2255-2863/article/download/31206/30061,2026-08-16
07预算,paper,COCOMO software cost estimation,pdf_download_failed_or_paywall,https://www.mdpi.com/2076-3417/14/24/12006/pdf?version=1734852619,2026-08-16
07预算,paper,"""reference class forecasting"" project budget contingency",pdf_download_failed_or_paywall,https://www.tandfonline.com/doi/pdf/10.1080/00207543.2024.2359044?download=true,2026-08-16
07预算,paper,"""reference class forecasting"" project budget contingency",pdf_download_failed_or_paywall,https://doi.org/10.1016/j.cstp.2024.101344,2026-08-16
07预算,paper,project cost contingency reserve risk,pdf_download_failed_or_paywall,https://www.mdpi.com/2076-3417/15/17/9371/pdf?version=1756214498,2026-08-16
07预算,paper,"""planning fallacy"" project cost overrun",pdf_download_failed_or_paywall,https://doi.org/10.1016/j.ijproman.2025.102787,2026-08-16
07预算,paper,"""planning fallacy"" project cost overrun",pdf_download_failed_or_paywall,https://doi.org/10.1016/j.ijproman.2025.102713,2026-08-16
07预算,paper,COCOMO software cost estimation,pdf_download_failed_or_paywall,https://www.igi-global.com/ViewTitle.aspx?TitleId=364841&isxn=9798369323182,2026-08-16
07预算,paper,COCOMO software cost estimation,pdf_download_failed_or_paywall,https://www.mdpi.com/2227-7390/12/7/1058/pdf?version=1711965063,2026-08-16
07预算,paper,COCOMO software cost estimation,pdf_download_failed_or_paywall,https://www.mdpi.com/2076-0817/13/12/1111/pdf?version=1734345413,2026-08-16
07预算,paper,"""reference class forecasting"" project budget contingency",pdf_download_failed_or_paywall,https://openrepository.aut.ac.nz/bitstreams/ccd07836-05e2-46c2-a3d1-5ce3204dd74d/download,2026-08-16
07预算,paper,project cost contingency reserve risk,pdf_download_failed_or_paywall,https://www.mdpi.com/2075-5309/15/20/3739/pdf?version=1760703668,2026-08-16
07预算,paper,project cost contingency reserve risk,pdf_download_failed_or_paywall,https://doi.org/10.1080/23311975.2025.2460613,2026-08-16
